ID Number,Submission Date ,Submission Time ,Application Property,Application City/Town,Application St Address,Application Unit,Source New,Age,Race Combination Normalized,Census Races,Disability,Current Residence Town/City,Current Residence State ,HH Size,Dependents,HH Type Standardized,HH Income,HH Assets,FTHB Class?
101,5/28/24,13:31:01,"14 Caspian Way, Unit 23 ~ Leominster",Leominster,14 Caspian Way,Unit 23,MyMassHome,65,White,White alone,No,Newtonville,MA,1,0, Single person ,"46,000.00",0.00,No
101,7/21/24,17:33:34,1 Millbrook Lane Unit 213 ~ Wakefield,Wakefield,1 Millbrook Lane Unit 213,,MyMassHome,65,White,White alone,No,Newtonville,MA,1,0, Single person ,"46,000.00",0.00,No
1595,2/5/24,13:37:00,"11 Indian Woods Way, Unit 11 ~ Canton",Canton,11 Indian Woods Way,Unit 11,City of Boston Metrolist,56,Black or African American,Black or African American alone,No,Boston,MA,2,1, Single parent ,"92,700.00","45,000.00",Yes
2159,7/22/24,23:33:59,24 Haywood Circle ~ Mendon,Mendon,24 Haywood Circle,,Zillow/Trulia/Other Website,30,Black or African American,Black or African American alone,No,Hyde Park,MA,4,2," Married/partners/couple, no dependents ","8,000.00","70,000.00",Yes
2685,8/28/24,10:50:33,"6 Woodman Way, unit 204A ~ Newburyport",Newburyport,6 Woodman Way,Unit 204A,Real Estate Agent,58,White,White alone,No,Haverhill,MA,1,0, Single person ,"75,370.88","68,047.61",No
3901,1/28/24,19:34:00,"15 Jasmine Drive, Unit 17 ~ West Boylston",West Boylston,15 Jasmine Drive,Unit 17,Zillow/Trulia/Other Website,39,White,White alone,No,Worcester,MA,5,4, Single parent ,"62,895.45","24,544.02",No
4998,4/28/24,9:33:00,"1 Magnolia Way, Unit 6 ~ Edgartown",Edgartown,1 Magnolia Way,Unit 6,Friend/Word of Mouth,36,White,White alone,No,Oak Bluffs,MA,1,0, Single person ,"47,000.00","22,377.93",No
6631,10/3/24,16:03:49,"63 Central St., #107 ~ North Reading (55+)",North Reading ,63 Central St.,#107,Friend/Word of Mouth,64,White,White alone,No,North Reading,MA,1,0, Single person ,"73,327.00","80,346.39",No
6732,9/19/24,12:49:57,"1A Lindas Way, Unit 13 ~ Sterling",Sterling,1A Lindas Way,Unit 13,Real Estate Agent,44,Native American or Alaskan Native,American Indian and Alaska Native alone,Yes,Marlborough,MA,1,0, Single person ,"88,000.00",0.00,No
8268,9/12/24,14:02:50,178 Cortland Drive ~ North Andover,North Andover,178 Cortland Drive,,Real Estate Agent,76,White,White alone,No,Lynnfield,MA,1,0, Single person ,"53,364.00","56,462.52",No
8760,2/27/24,20:26:00,39 Swifts Beach Road ~ Wareham,Warehem,39 Swifts Beach Road,,NA,63,White,White alone,No,Abington,MA,1,0, Single person ,"75,000.00","11,346.00",No
9656,9/13/24,20:35:42,178 Cortland Drive ~ North Andover,North Andover,178 Cortland Drive,,Friend/Word of Mouth,73,Middle Eastern or North African,White alone,No,Methuen,MA,2,0," Married/partners/couple, no dependents ","47,612.00","24,842.47",No
9851,5/28/24,16:49:54,"74 Riley Road, Unit 88  ~ Tyngsborough",Tyngsborough,74 Riley Road,Unit 88,MyMassHome,34,White,White alone,Yes,Methuen,MA,2,0," Married/partners/couple, no dependents ","63,974.00","17,982.87",Yes
11801,11/12/24,9:25:28,7 Buttercup Lane ~ Grafton,Grafton,7 Buttercup Lane,,Zillow/Trulia/Other Website,59,White,White alone,No,Worcester,MA,1,0, Single person ,"58,000.00","65,000.00",No
14347,5/18/24,7:49:47,"74 Riley Road, Unit 88  ~ Tyngsborough",Tyngsborough,74 Riley Road,Unit 88,Real Estate Agent,43,Middle Eastern or North African,White alone,No,Billerica,MA,3,1," Married/partners/couple, no dependents ","33,000.00","65,000.00",No
14380,2/20/25,11:35:14,9 Adams Court ~ Hingham,Hingham,9 Adams Court,,Zillow/Trulia/Other Website,42,Asian,Asian alone,No,Quincy,MA,4,2," Married/partners/couple, no dependents ","50,000.00","100,000.00",Yes
14615,5/21/24,14:59:46,27 Meeting House Lane ~ Southborough,Southborough,27 Meeting House Lane,,MyMassHome,34,White,White alone,No,Clinton,MA,4,2," Married/partners/couple, no dependents ","68,400.00","48,181.00",Yes
14615,7/25/24,13:00:12,24 Haywood Circle ~ Mendon,Mendon,24 Haywood Circle,,MyMassHome,35,White,White alone,No,Clinton,MA,4,2," Married/partners/couple, no dependents ","68,769.12","71,239.98",No
16294,7/28/24,17:56:36,1 Millbrook Lane Unit 213 ~ Wakefield,Wakefield,1 Millbrook Lane Unit 213,,Real Estate Agent,43,Hispanic or Latino,Missing,No,Lawrence,MA,2,1, Single parent ,"52,000.00","25,000.00",No
16294,7/28/24,18:03:49,24 Haywood Circle ~ Mendon,Mendon,24 Haywood Circle,,Real Estate Agent,43,Hispanic or Latino,Missing,No,Lawrence,MA,2,1, Single parent ,"52,000.00","25,000.00",No
16549,2/28/24,16:08:00,"501 Commerce Drive, Unit 4-302 ~ Braintree",Braintree,501 Commerce Drive,Unit 4-302,Real Estate Agent,26,White,White alone,No,Weymouth,MA,2,0, Single person ,"75,000.00","48,200.00",No
16549,2/28/24,16:08:00,"501 Commerce Drive, Unit 4-302 ~ Braintree",Braintree,501 Commerce Drive,Unit 4-302,Real Estate Agent,26,White,White alone,No,Weymouth,MA,2,0, Single person ,"75,000.00","48,200.00",No
16549,2/28/24,16:08:00,"501 Commerce Drive, Unit 4-302 ~ Braintree",Braintree,501 Commerce Drive,Unit 4-302,Real Estate Agent,26,White,White alone,No,Weymouth,MA,2,0, Single person ,"75,000.00","48,200.00",No
19186,1/22/24,19:58:00,18 Old Cedar Village ~ Bridgewater,Bridgewater,18 Old Cedar Village,,Zillow/Trulia/Other Website,43,Hispanic or Latino,Missing,No,Seekonk,MA,2,0, Single parent ,"42,263.00","10,000.00",Yes
19186,1/23/24,22:20:00,"11 Indian Woods Way, Unit 11 ~ Canton",Canton,11 Indian Woods Way,Unit 11,MyMassHome,43,Hispanic or Latino,Missing,No,Seekonk,MA,2,0, Single parent ,"49,463.00","10,000.00",Yes
19507,6/18/24,21:21:48,42 Pine Street ~ Newton,Newton,42 Pine Street,,MyMassHome,78,Asian,Asian alone,No,Newton,MA,2,0," Married/partners/couple, no dependents ","48,850.00","4,189.88",No
19507,6/18/24,21:28:01,28 Longview Circle ~Ayer,Ayer,28 Longview Circle,,MyMassHome,78,Asian,Asian alone,No,Newton,MA,2,0," Married/partners/couple, no dependents ","48,852.00","4,189.88",No
20056,5/21/24,14:26:11,27 Meeting House Lane ~ Southborough,Southborough,27 Meeting House Lane,,Real Estate Agent,71,Hispanic or Latino,Missing,No,Framingham,MA,1,0, Single person ,"67,924.00","13,576.00",No
20339,2/28/24,9:58:00,39 Swifts Beach Road ~ Wareham,Warehem,39 Swifts Beach Road,,Real Estate Agent,39,White,White alone,No,Yarmouthport,MA,2,1, Single parent ,"70,000.00","17,000.00",No
20339,3/4/24,8:56:00,39 Swifts Beach Road ~ Wareham,Warehem,39 Swifts Beach Road,,Social Media,39,Choose not to answer,Missing,No,West Dennis,MA,3,1," More than one related adults, with dependents ","96,000.00","15,000.00",No
22132,5/15/24,22:43:35,"74 Riley Road, Unit 88  ~ Tyngsborough",Tyngsborough,74 Riley Road,Unit 88,Real Estate Agent,33,Hispanic or Latino,Missing,No,Methuen,MA,4,2," Married/partners/couple, no dependents ","75,000.00","8,000.00",No
23099,5/28/24,16:47:19,"74 Riley Road, Unit 88  ~ Tyngsborough",Tyngsborough,74 Riley Road,Unit 88,MyMassHome,32,Black or African American,Black or African American alone,No,Peabody,MA,1,0, Single person ,"68,411.14","11,688.78",Yes
23677,5/14/24,19:37:07,27 Meeting House Lane ~ Southborough,Southborough,27 Meeting House Lane,,Zillow/Trulia/Other Website,25,White,White alone,No,Framingham,MA,2,0," Married/partners/couple, no dependents ","78,000.00","41,553.35",Yes
23798,11/1/23,14:41:00,North Andover Unit 109,North Andover,, Unit 109,Zillow/Trulia/Other Website,21,Hispanic or Latino,Missing,No,Methuen,MA,1,0, Single person ,,"42,120.00",No
25616,5/11/25,20:37:26,1 Lois Lane ~ Townsend,Townsend,1 Lois Lane,,Zillow/Trulia/Other Website,32,White,White alone,No,Lowell,MA,1,0, Single person ,"72,500.00","28,000.00",Yes
27043,6/24/24,23:14:59,28 Longview Circle ~Ayer,Ayer,28 Longview Circle,,Zillow/Trulia/Other Website,37,Black or African American,Black or African American alone,No,Acton,MA,1,0, Single person ,"85,000.00","122,288.00",Yes
29177,2/24/25,20:59:16,9 Adams Court ~ Hingham,Hingham,9 Adams Court,,MyMassHome,43,White,White alone,No,Woburn ,MA,4,3, Single parent ,"81,189.87","48,830.61",No
31929,11/8/24,17:10:21,7 Buttercup Lane ~ Grafton,Grafton,7 Buttercup Lane,,Zillow/Trulia/Other Website,26,Hispanic or Latino,Missing,No,Milford,MA,1,0, Single person ,"63,500.00","11,000.00",No
31929,11/11/24,12:04:29,7 Buttercup Lane ~ Grafton,Grafton,7 Buttercup Lane,,Zillow/Trulia/Other Website,26,Hispanic or Latino,Missing,No,Milford,MA,1,0, Single person ,"63,500.00","33,554.94",No
33253,4/22/25,19:18:40,27 Meetinghouse Road ~ Norfolk (age restricted),Norfolk,27 Meetinghouse Road,,Real Estate Agent,57,White,White alone,No,Norfolk,MA,1,0, Single person ,"93,600.00","863,967.30",No
33704,5/14/24,13:24:42,27 Meeting House Lane ~ Southborough,Southborough,27 Meeting House Lane,,Zillow/Trulia/Other Website,21,White,White alone,Yes,Southborough,MA,2,0, Other ,"46,760.00","42,000.00",No
33801,8/5/24,14:17:17,24 Haywood Circle ~ Mendon,Mendon,24 Haywood Circle,,Real Estate Agent,24,Hispanic or Latino,Missing,No,Hopedale,MA,4,1, Single person ,"67,000.00","15,000.00",No
34070,5/28/24,15:36:53,"74 Riley Road, Unit 88  ~ Tyngsborough",Tyngsborough,74 Riley Road,Unit 88,Zillow/Trulia/Other Website,36,Black or African American,Black or African American alone,No,Tyngsborough,MA,3,2, Single parent ,"55,000.00",100.00,No
36186,1/29/24,14:44:00,"15 Jasmine Drive, Unit 17 ~ West Boylston",West Boylston,15 Jasmine Drive,Unit 17,Zillow/Trulia/Other Website,31,White,White alone,No,Salem,MA,4,2," Married/partners/couple, no dependents ","91,000.00","18,000.00",No
37946,7/22/24,13:17:31,2 Nancy Anne Lane ~ Merrimac (55+),Merrimac,2 Nancy Anne Lane ,,Real Estate Agent,73,White,White alone,Yes,Englewood,FL,2,0," Married/partners/couple, no dependents ","41,882.00","275,000.00",No
38074,2/10/25,22:07:00,9 Adams Court ~ Hingham,Hingham,9 Adams Court,,MyMassHome,34,Asian,Asian alone,No,Quincy,MA,1,0, Single person ,"90,000.00","26,680.00",No
40209,3/1/25,11:18:55,13 Dunrobin Circle ~ Methuen,Methuen,13 Dunrobin Circle,,Zillow/Trulia/Other Website,58,White,White alone,No,Methuen,MA,1,0, Other ,875.20,"318,018.00",No
40514,2/10/25,10:38:47,23 Buttercup Lane ~ Grafton,Grafton,23 Buttercup Lane,,MyMassHome,46,Asian,Asian alone,No,North Grafton,MA,3,2, Single parent ,"81,300.00","12,000.00",Yes
40514,2/10/25,10:20:53,34 Beaver Pond Road ~ Milford,Milford,34 Beaver Pond Road,,Zillow/Trulia/Other Website,46,Asian,Asian alone,No,North Grafton,MA,3,2, Single person ,"81,300.00","12,000.00",Yes
41300,7/22/24,14:13:06,24 Haywood Circle ~ Mendon,Mendon,24 Haywood Circle,,MyMassHome,61,White,White alone,No,Northborough,MA,5,1," Married/partners/couple, no dependents ","42,140.00","65,115.17",No
42982,9/30/24,12:53:41,"1A Lindas Way, Unit 13 ~ Sterling",Sterling,1A Lindas Way,Unit 13,Zillow/Trulia/Other Website,59,"Asian, White",Asian; White,Yes,Fitchburg,MA,2,0," Married/partners/couple, no dependents ","46,773.00","21,648.00",No
46408,6/24/24,13:27:14,42 Pine Street ~ Newton,Newton,42 Pine Street,,MyMassHome,57,Middle Eastern or North African,White alone,Yes,Dorchester,MA,1,0, Single person ,"25,476.00","15,000.00",Yes
50766,2/25/25,14:03:38,9 Adams Court ~ Hingham,Hingham,9 Adams Court,,Zillow/Trulia/Other Website,58,White,White alone,No,Rockland,MA,3,1, Single person ,"116,785.44","63,708.32",No
51257,4/6/24,18:22:00,"100 Franklin Street, #A1 ~ Whitman",Whitman ,100 Franklin Street,#A1,MyMassHome,35,White,White alone,No,Mansfield,MA,1,0, Single person ,"80,591.29","61,185.66",No
53058,5/16/24,11:09:26,27 Meeting House Lane ~ Southborough,Southborough,27 Meeting House Lane,,MyMassHome,4,Black or African American,Black or African American alone,No,Boston,MA,4,0," Married/partners/couple, no dependents ","12,000.00","55,555.00",No
55163,2/2/24,16:39:00,"11 Indian Woods Way, Unit 11 ~ Canton",Canton,11 Indian Woods Way,Unit 11,Friend/Word of Mouth,63,"Asian, Pacific Islander or Native Hawaiian",Asian; Native Hawaiian or Other Pacific Islander,No,Norwood,MA,2,0," Married/partners/couple, no dependents ","89,964.21","63,196.79",Yes
57178,6/26/24,10:40:45,28 Longview Circle ~Ayer,Ayer,28 Longview Circle,,NA,55,Black or African American,Black or African American alone,No,Shrewsbury,MA,2,0, Single parent ,"75,096.59","50,725.11",No
57222,2/5/24,11:54:00,"11 Indian Woods Way, Unit 11 ~ Canton",Canton,11 Indian Woods Way,Unit 11,Real Estate Agent,52,Hispanic or Latino,Missing,No,Canton,MA,2,1, Single parent ,"61,800.00","65,593.00",Yes
57222,2/9/24,15:21:00,501 Commerce Drive Unit 1-116 ~ Braintree,Braintree,501 Commerce Drive,Unit 1-116,Real Estate Agent,52,Hispanic or Latino,Missing,No,Canton,MA,2,1, Single parent ,"61,800.00","65,593.00",Yes
60116,6/24/24,21:40:15,42 Pine Street ~ Newton,Newton,42 Pine Street,,Friend/Word of Mouth,48,Hispanic or Latino,Missing,No,Canton,MA,2,1, Single parent ,"85,000.00","4,000.00",No
63124,7/26/24,20:31:36,24 Haywood Circle ~ Mendon,Mendon,24 Haywood Circle,,Real Estate Agent,47,Hispanic or Latino,Missing,No,Milford,MA,3,2, Single parent ,"42,240.00","104,983.00",Yes
64749,9/30/24,17:06:36,"1A Lindas Way, Unit 13 ~ Sterling",Sterling,1A Lindas Way,Unit 13,Zillow/Trulia/Other Website,27,White,White alone,No,Watertown,MA,2,0, Single person ,"65,000.00","5,000.00",Yes
67136,6/11/24,14:50:06,42 Pine Street ~ Newton,Newton,42 Pine Street,,MyMassHome,28,White,White alone,No,Walthan,MA,3,1," Married/partners/couple, no dependents ","74,000.00","35,000.00",Yes
67581,1/30/24,15:19:00,"11 Indian Woods Way, Unit 11 ~ Canton",Canton,11 Indian Woods Way,Unit 11,Real Estate Agent,34,White,White alone,No,Mansfield,MA,1,0, Single person ,"80,591.00","69,091.00",No
69098,4/22/24,18:28:00,"1 Magnolia Way, Unit 6 ~ Edgartown",Edgartown,1 Magnolia Way,Unit 6,Friend/Word of Mouth,27,White,White alone,No,Vineyard Haven,MA,1,0, Single person ,"59,149.00","8,000.00",No
71678,2/6/25,12:12:48,23 Buttercup Lane ~ Grafton,Grafton,23 Buttercup Lane,,Real Estate Agent,46,Middle Eastern or North African,White alone,No,North Grafton,MA,4,2," Married/partners/couple, no dependents ","78,000.00","50,000.00",Yes
72068,5/14/24,22:47:20,27 Meeting House Lane ~ Southborough,Southborough,27 Meeting House Lane,,MyMassHome,33,Asian,Asian alone,No,Malden,MA,3,2, Single parent ,"55,000.00","72,625.00",Yes
72068,6/12/24,22:11:53,42 Pine Street ~ Newton,Newton,42 Pine Street,,MyMassHome,33,Asian,Asian alone,No,Malden,MA,3,2, Single parent ,"54,000.00","52,964.00",Yes
72086,4/22/24,15:05:00,"1 Magnolia Way, Unit 6 ~ Edgartown",Edgartown,1 Magnolia Way,Unit 6,Friend/Word of Mouth,55,White,White alone,No,Edgartown,MA,2,0," More than one related adults, with dependents ","65,000.00","45,000.00",No
73463,6/2/24,17:58:07,"14 Caspian Way, Unit 23 ~ Leominster",Leominster,14 Caspian Way,Unit 23,Real Estate Agent,31,"Black or African American, Hispanic or Latino",Black or African American,No,Fitchburg,MA,3,2," Married/partners/couple, no dependents ","104,000.00","20,662.00",No
74357,3/9/24,20:24:00,39 Swifts Beach Road ~ Wareham,Warehem,39 Swifts Beach Road,,Real Estate Agent,39,Black or African American,Black or African American alone,No,Fall River,MA,2,0," Married/partners/couple, no dependents ","74,911.00","28,358.00",No
74574,1/20/24,23:20:00,18 Old Cedar Village ~ Bridgewater,Bridgewater,18 Old Cedar Village,,City of Boston Metrolist,45,White,White alone,Yes,Plainville,MA,3,1," Married/partners/couple, no dependents ","63,583.83","28,075.96",No
74843,3/10/25,21:15:44,13 Dunrobin Circle ~ Methuen,Methuen,13 Dunrobin Circle,,Real Estate Agent,57,White,White alone,No,Lawrence,MA,1,0, Single person ,"48,535.73","417,000.00",No
74974,5/21/24,16:27:00,"1 Magnolia Way, Unit 6 ~ Edgartown",Edgartown,1 Magnolia Way,Unit 6,MyMassHome,63,Black or African American,Black or African American alone,No,Lynn,MA,5,3," Married/partners/couple, no dependents ","73,000.00","28,000.00",Yes
75035,7/29/24,16:12:08,1 Millbrook Lane Unit 213 ~ Wakefield,Wakefield,1 Millbrook Lane Unit 213,,Zillow/Trulia/Other Website,31,Choose not to answer,Missing,No,Saugus,MA,2,0," Married/partners/couple, no dependents ","89,000.00","8,500.00",No
75888,12/11/23,16:15:00,West Boylston - 103 Afra Drive Unit 51,West Boylston,103 Afra Drive,Unit 51,Zillow/Trulia/Other Website,45,Black or African American,Black or African American alone,No,Worcester,MA,3,1," More than one related adults, with dependents ","75,000.00",300.00,No
78544,6/26/24,20:14:13,28 Longview Circle ~Ayer,Ayer,28 Longview Circle,,Zillow/Trulia/Other Website,34,White,White alone,No,Woburn,MA,1,0, Single person ,"79,172.86","71,467.37",No
80519,7/25/24,18:04:10,24 Haywood Circle ~ Mendon,Mendon,24 Haywood Circle,,MyMassHome,34,Black or African American,Black or African American alone,No,Scituate,MA,4,2," Married/partners/couple, no dependents ","79,902.00","49,070.35",Yes
81319,5/12/24,8:49:18,27 Meeting House Lane ~ Southborough,Southborough,27 Meeting House Lane,,Zillow/Trulia/Other Website,33,Choose not to answer,Missing,No,Northborough,MA,1,0, Single person ,"62,400.00","64,611.00",No
81723,5/28/24,13:05:19,"74 Riley Road, Unit 88  ~ Tyngsborough",Tyngsborough,74 Riley Road,Unit 88,Zillow/Trulia/Other Website,30,White,White alone,No,North Billerica,MA,1,0, Single person ,"57,509.00","38,909.44",No
81723,6/2/24,23:39:31,"14 Caspian Way, Unit 23 ~ Leominster",Leominster,14 Caspian Way,Unit 23,Zillow/Trulia/Other Website,30,White,White alone,No,North Billerica,MA,1,0, Single person ,"57,509.00","28,185.17",No
81987,2/15/25,13:33:14,23 Buttercup Lane ~ Grafton,Grafton,23 Buttercup Lane,,MyMassHome,35,White,White alone,No,Marlborough,MA,4,2," Married/partners/couple, no dependents ","91,604.00","43,123.00",Yes
81987,2/13/25,0:19:28,34 Beaver Pond Road ~ Milford,Milford,34 Beaver Pond Road,,MyMassHome,35,White,White alone,No,Marlborough,MA,4,2," Married/partners/couple, no dependents ","91,604.00","40,176.00",Yes
81987,1/30/25,23:53:09,14 Autumn Lane ~ Northborough,Northborough,14 Autumn Lane,,MyMassHome,35,White,White alone,No,Marlborough ,MA,4,2," Married/partners/couple, no dependents ","91,604.00","39,820.00",Yes
82905,5/24/24,9:50:03,"74 Riley Road, Unit 88  ~ Tyngsborough",Tyngsborough,74 Riley Road,Unit 88,Real Estate Agent,46,Asian,Asian alone,No,Lowell,MA,2,0, Single person ,"68,000.00","27,000.00",No
83439,7/29/24,12:44:28,1 Millbrook Lane Unit 213 ~ Wakefield,Wakefield,1 Millbrook Lane Unit 213,,MyMassHome,59,White,White alone,No,Wakefield,MA,2,0," Married/partners/couple, no dependents ","103,188.00","48,042.00",No
83776,5/30/24,17:10:17,"14 Caspian Way, Unit 23 ~ Leominster",Leominster,14 Caspian Way,Unit 23,Real Estate Agent,39,White,White alone,No,Holden,MA,2,0," Married/partners/couple, no dependents ","66,161.00","9,821.00",Yes
86644,4/25/24,19:17:00,"1 Magnolia Way, Unit 6 ~ Edgartown",Edgartown,1 Magnolia Way,Unit 6,MyMassHome,31,White,White alone,No,Oak Bluffs,MA,1,0, Single person ,"47,000.00","41,000.00",No
88457,1/17/24,15:09:00,18 Old Cedar Village ~ Bridgewater,Bridgewater,18 Old Cedar Village,,Real Estate Agent,42,Hispanic or Latino,Missing,No,Malden,MA,3,2, Single parent ,"72,000.00","6,000.00",No
89403,1/22/25,16:33:26,14 Autumn Lane ~ Northborough,Northborough,14 Autumn Lane,,MyMassHome,68,White,White alone,No,Westborough,MA,1,0, Single person ,"57,468.00","62,000.00",No
89860,12/6/23,16:36:00,West Boylston - 103 Afra Drive Unit 51,West Boylston,103 Afra Drive,Unit 51,MyMassHome,25,Black or African American,Black or African American alone,No,Providence,RI,1,0, Single person ,"50,000.00","37,532.00",Yes
89860,1/29/24,14:28:00,"15 Jasmine Drive, Unit 17 ~ West Boylston",West Boylston,15 Jasmine Drive,Unit 17,MyMassHome,25,Black or African American,Black or African American alone,Yes,Grafton,MA,1,0, Single person ,"50,000.00","47,500.00",Yes
89860,5/21/24,9:14:42,27 Meeting House Lane ~ Southborough,Southborough,27 Meeting House Lane,,MyMassHome,25,Black or African American,Black or African American alone,Yes,Grafton,MA,1,0, Single person ,"60,000.00","50,000.00",Yes
90449,9/23/24,10:15:03,"1A Lindas Way, Unit 13 ~ Sterling",Sterling,1A Lindas Way,Unit 13,Zillow/Trulia/Other Website,43,Choose not to answer,Missing,No,Millbury,MA,1,0, Single person ,"70,200.00","4,000.00",Yes
90905,4/26/24,18:05:00,"1 Magnolia Way, Unit 6 ~ Edgartown",Edgartown,1 Magnolia Way,Unit 6,Friend/Word of Mouth,46,White,White alone,No,Oak Bluffs,MA,1,0, Single person ,"69,154.23","39,471.80",No
92812,2/25/24,16:28:00,"501 Commerce Drive, Unit 4-302 ~ Braintree",Braintree,501 Commerce Drive,Unit 4-302,Zillow/Trulia/Other Website,26,"Asian, Pacific Islander or Native Hawaiian",Asian; Native Hawaiian or Other Pacific Islander,No,Fitchburg,MA,1,0, Single person ,"69,125.00","45,000.00",No
92812,2/25/24,16:28:00,"501 Commerce Drive, Unit 4-302 ~ Braintree",Braintree,501 Commerce Drive,Unit 4-302,Zillow/Trulia/Other Website,26,"Asian, Pacific Islander or Native Hawaiian",Asian; Native Hawaiian or Other Pacific Islander,No,Fitchburg,MA,1,0, Single person ,"69,125.00","45,000.00",No
92947,9/4/24,9:22:52,"513 Main St, Unit D ~ Groton",Groton,513 Main St,Unit D,MyMassHome,28,White,White alone,No,Lowell,MA,2,1, Single parent ,"71,420.00","34,303.00",Yes
93382,1/21/25,8:24:35,1 Harvest Drive Unit 110 ~ North Andover,North Andover,1 Harvest Drive, Unit 110,Zillow/Trulia/Other Website,65,White,White alone,No,Haverhill,MA,1,0, Single person ,"52,000.00","63,083.00",No
95353,8/12/24,16:33:22,8 Kayak Trail ~ Norton,Norton,8 Kayak Trail,,Zillow/Trulia/Other Website,40,White,White alone,No,Roslindale,MA,5,2, Single parent ,"72,960.00",0.00,No
95361,6/14/24,17:14:38,"105 Metacomet Ave, ~ East Taunton",East Taunton,105 Metacomet Ave,,Zillow/Trulia/Other Website,34,White,White alone,No,Plymouth,MA,6,4," Married/partners/couple, no dependents ","90,000.00","8,157.00",Yes
95361,6/23/24,9:17:32,28 Longview Circle ~Ayer,Ayer,28 Longview Circle,,MyMassHome,34,White,White alone,No,Plymouth,MA,6,4," Married/partners/couple, no dependents ","90,000.00","6,940.00",Yes
96297,3/4/24,23:21:00,"501 Commerce Drive, Unit 4-302 ~ Braintree",Braintree,501 Commerce Drive,Unit 4-302,Real Estate Agent,23,"Asian, Pacific Islander or Native Hawaiian",Asian; Native Hawaiian or Other Pacific Islander,No,Braintree,MA,1,0, Single person ,"60,000.00","60,476.62",No
96297,3/4/24,23:21:00,"501 Commerce Drive, Unit 4-302 ~ Braintree",Braintree,501 Commerce Drive,Unit 4-302,Real Estate Agent,23,"Asian, Pacific Islander or Native Hawaiian",Asian; Native Hawaiian or Other Pacific Islander,No,Braintree,MA,1,0, Single person ,"60,000.00","60,476.62",No
97166,11/29/23,12:55:00,West Boylston - 103 Afra Drive Unit 51,West Boylston,103 Afra Drive ,Unit 51,MyMassHome,44,White,White alone,No,Worcester,MA,5,3," Married/partners/couple, no dependents ",101.00,44.00,Yes
97166,1/16/24,12:49:00,"15 Jasmine Drive, Unit 17 ~ West Boylston",West Boylston,15 Jasmine Drive,Unit 17,MyMassHome,44,White,White alone,No,Worcester,MA,5,3," Married/partners/couple, no dependents ","101,000.00",43.00,Yes
97210,1/10/24,0:00:00,13 Coppersmith Way ~ Townsend,Townsend,13 Coppersmith Way ,,NA,,Missing,Missing,no,,,2,0," More than one related adults, no dependents ",,,
98652,2/2/24,15:22:00,"11 Indian Woods Way, Unit 11 ~ Canton",Canton,11 Indian Woods Way,Unit 11,Friend/Word of Mouth,64,White,White alone,No,Saugus,MA,2,0," Married/partners/couple, no dependents ","102,258.80","27,600.00",No
98652,2/5/24,14:54:00,"11 Indian Woods Way, Unit 11 ~ Canton",Canton,11 Indian Woods Way,Unit 11,Friend/Word of Mouth,64,White,White alone,No,Saugus,MA,2,0," Married/partners/couple, no dependents ","91,179.48","47,732.25",No
100035,5/13/24,14:13:57,27 Meeting House Lane ~ Southborough,Southborough,27 Meeting House Lane,,Real Estate Agent,40,Black or African American,Black or African American alone,No,Worcester,MA,2,0," Married/partners/couple, no dependents ","49,920.00","2,572.90",No
100035,5/15/24,12:17:58,"74 Riley Road, Unit 88  ~ Tyngsborough",Tyngsborough,74 Riley Road,Unit 88,Real Estate Agent,40,Black or African American,Black or African American alone,No,Worcester,MA,2,0," Married/partners/couple, no dependents ","49,920.00","2,572.90",No
100035,5/22/24,12:54:56,"14 Caspian Way, Unit 23 ~ Leominster",Leominster,14 Caspian Way,Unit 23,Real Estate Agent,40,Black or African American,Black or African American alone,No,Worcester,MA,2,0," Married/partners/couple, no dependents ","49,920.00","2,572.90",No
100035,6/3/24,12:37:44,"14 Caspian Way, Unit 23 ~ Leominster",Leominster,14 Caspian Way,Unit 23,Real Estate Agent,40,Black or African American,Black or African American alone,No,Worcester,MA,1,0," Married/partners/couple, no dependents ","49,920.00","2,572.90",No
100735,11/18/24,16:13:44,7 Buttercup Lane ~ Grafton,Grafton,7 Buttercup Lane,,MyMassHome,53,Black or African American,Black or African American alone,No,Boston,MA,4,3, Single parent ,"91,000.00","41,000.00",Yes
100881,2/1/24,8:42:00,"11 Indian Woods Way, Unit 11 ~ Canton",Canton,11 Indian Woods Way,Unit 11,Real Estate Agent,27,White,White alone,No,Quincy,MA,2,0, Other ,"64,000.00","69,000.00",No
100899,4/8/24,16:30:00,"5 Woodman Way, #308B ~ Newburyport",Newburyport,5 Woodman Way,#308B ,Zillow/Trulia/Other Website,42,White,White alone,No,Lowell,MA,2,0," Married/partners/couple, no dependents ","93,600.00","28,000.00",No
103168,5/23/24,10:21:36,"74 Riley Road, Unit 88  ~ Tyngsborough",Tyngsborough,74 Riley Road,Unit 88,Real Estate Agent,30,White,White alone,No,Pelham,MA,1,0, Single person ,"62,000.00","20,644.13",Yes
103168,7/27/24,11:38:46,1 Millbrook Lane Unit 213 ~ Wakefield,Wakefield,1 Millbrook Lane Unit 213,,Real Estate Agent,30,White,White alone,No,Pelham,MA,1,0, Single person ,"62,000.00","20,126.00",Yes
104341,9/16/24,20:19:00,178 Cortland Drive ~ North Andover,North Andover,178 Cortland Drive,,Zillow/Trulia/Other Website,77,White,White alone,No,Lowell,MA,2,0," Married/partners/couple, no dependents ","17,907.72","2,362.84",No
105277,1/17/24,22:50:00,"15 Jasmine Drive, Unit 17 ~ West Boylston",West Boylston,15 Jasmine Drive,Unit 17,MyMassHome,36,"Asian, Pacific Islander or Native Hawaiian",Asian; Native Hawaiian or Other Pacific Islander,No,Worcester,MA,3,1," Married/partners/couple, no dependents ","64,000.00","8,000.00",No
105277,5/10/24,23:05:53,27 Meeting House Lane ~ Southborough,Southborough,27 Meeting House Lane,,MyMassHome,37,Asian,Asian alone,No,Worcester,MA,3,1," Married/partners/couple, no dependents ","64,000.00","14,000.00",No
105277,9/23/24,23:11:37,"1A Lindas Way, Unit 13 ~ Sterling",Sterling,1A Lindas Way,Unit 13,MyMassHome,37,Asian,Asian alone,No,Worcester,MA,3,1," Married/partners/couple, no dependents ","71,500.00","19,000.00",No
105277,9/29/24,21:23:17,"1A Lindas Way, Unit 13 ~ Sterling",Sterling,1A Lindas Way,Unit 13,MyMassHome,37,Asian,Asian alone,No,Worcester,MA,3,1," Married/partners/couple, no dependents ","73,000.00","19,000.00",No
105588,6/3/24,15:13:12,"14 Caspian Way, Unit 23 ~ Leominster",Leominster,14 Caspian Way,Unit 23,Real Estate Agent,34,Asian,Asian alone,Yes,Boylston,MA,1,0, Single person ,"32,000.00","40,000.00",No
105588,8/30/24,9:34:15,"513 Main St, Unit D ~ Groton",Groton,513 Main St,Unit D,MyMassHome,35,Asian,Asian alone,Yes,Boylston,MA,1,0, Single person ,"33,000.00","56,000.00",No
105982,6/1/24,10:48:56,"14 Caspian Way, Unit 23 ~ Leominster",Leominster,14 Caspian Way,Unit 23,Zillow/Trulia/Other Website,29,White,White alone,Yes,Millbury,MA,4,2," Married/partners/couple, no dependents ","78,900.00","35,052.00",No
105982,2/2/25,20:55:33,14 Autumn Lane ~ Northborough,Northborough,14 Autumn Lane,,Zillow/Trulia/Other Website,30,White,White alone,Yes,Millbury,MA,4,2," Married/partners/couple, no dependents ","79,840.00","29,000.00",No
105982,1/20/25,21:33:18,72 Buttercup Lane ~ Grafton,Grafton,72 Buttercup Lane,,Zillow/Trulia/Other Website,30,White,White alone,No,Millbury,MA,4,2," Married/partners/couple, no dependents ","79,840.00","33,921.62",No
106210,7/24/24,6:40:37,1 Millbrook Lane Unit 213 ~ Wakefield,Wakefield,1 Millbrook Lane Unit 213,,MyMassHome,32,White,White alone,No,Methuen,MA,3,2, Single parent ,"68,200.00","36,400.00",Yes
106210,9/8/24,7:50:33,"513 Main St, Unit D ~ Groton",Groton,513 Main St,Unit D,MyMassHome,33,White,White alone,No,Methuen,MA,3,2, Single parent ,"68,200.00","37,120.00",Yes
106483,2/24/25,23:03:09,9 Adams Court ~ Hingham,Hingham,9 Adams Court,,MyMassHome,51,Asian,Asian alone,No,Braintree,MA,6,2," Married/partners/couple, no dependents ","100,700.00","12,919.05",Yes
109119,5/19/24,16:36:23,27 Meeting House Lane ~ Southborough,Southborough,27 Meeting House Lane,,Zillow/Trulia/Other Website,23,Choose not to answer,Missing,No,Westborough,MA,1,0, Single person ,"62,899.00","18,919.00",No
112285,11/5/23,12:41:00,North Andover Unit 109,North Andover,, Unit 109,Zillow/Trulia/Other Website,34,White,White alone,No,North Andover,MA,1,0, Single person ,"35,000.00","11,000.00",No
115199,12/3/24,19:05:40,"63 Central St., Unit 203 ~ North Reading",North Reading,63 Central St.,Unit 203 ,Real Estate Agent,55,White,White alone,No,Malden,MA,3,1, Single parent ,"62,400.00","18,000.00",Yes
116151,11/27/23,16:32:00,West Boylston - 103 Afra Drive Unit 51,West Boylston,103 Afra Drive ,Unit 51,Zillow/Trulia/Other Website,38,White,White alone,No,West Boylston,MA,3,2, Single parent ,"53,973.00","1,230.00",Yes
116377,2/1/24,0:08:00,501 Commerce Drive Unit 1-116 ~ Braintree,Braintree,501 Commerce Drive,Unit 1-116,Real Estate Agent,24,"Black or African American, Hispanic or Latino",Black or African American,No,Lynn,MA,1,0, Single person ,"81,250.00","47,525.00",Yes
116377,2/26/24,15:27:00,"501 Commerce Drive, Unit 4-302 ~ Braintree",Braintree,501 Commerce Drive,Unit 4-302,MyMassHome,24,"Black or African American, Hispanic or Latino",Black or African American,No,Lynn,MA,1,0, Single person ,"81,250.00","47,525.00",Yes
116377,2/26/24,15:27:00,"501 Commerce Drive, Unit 4-302 ~ Braintree",Braintree,501 Commerce Drive,Unit 4-302,MyMassHome,24,"Black or African American, Hispanic or Latino",Black or African American,No,Lynn,MA,1,0, Single person ,"81,250.00","47,525.00",Yes
117527,1/27/24,11:30:00,"15 Jasmine Drive, Unit 17 ~ West Boylston",West Boylston,15 Jasmine Drive,Unit 17,Zillow/Trulia/Other Website,53,White,White alone,No,Worcester,MA,1,0, Single person ,"53,560.00","23,996.11",No
117747,8/11/24,18:05:30,8 Kayak Trail ~ Norton,Norton,8 Kayak Trail,,Zillow/Trulia/Other Website,32,White,White alone,No,Attleboro,MA,2,1, Single parent ,"58,307.60","18,255.69",No
118773,5/10/24,10:39:51,27 Meeting House Lane ~ Southborough,Southborough,27 Meeting House Lane,,MyMassHome,41,"Asian, Black or African American, Middle Eastern or North African, White",Asian; Black or African American; White,No,Melrose,MA,3,1," Married/partners/couple, no dependents ","85,000.00","51,646.00",Yes
119595,7/1/24,12:44:30,28 Longview Circle ~Ayer,Ayer,28 Longview Circle,,Friend/Word of Mouth,61,Black or African American,Black or African American alone,No,Leominster,MA,2,0," Married/partners/couple, no dependents ","86,800.00","25,000.00",Yes
119740,5/30/24,12:20:24,"14 Caspian Way, Unit 23 ~ Leominster",Leominster,14 Caspian Way,Unit 23,Real Estate Agent,58,Black or African American,Black or African American alone,No,Leominster,MA,2,0, Single person ,"66,789.87","9,559.84",Yes
119740,3/21/25,12:21:13,52 Shire Road ~ Leominster,Leominster,52 Shire Road,,MyMassHome,59,Black or African American,Black or African American alone,No,Leominster,MA,2,0, Single parent ,70.00,"1,000.00",Yes
121104,4/16/24,15:21:00,"5 Woodman Way, #308B ~ Newburyport",Newburyport,5 Woodman Way,#308B ,Real Estate Agent,21,White,White alone,No,Byfield,MA,1,0, Single person ,"47,000.00","17,000.00",No
125246,4/10/24,18:58:00,"5 Woodman Way, #308B ~ Newburyport",Newburyport,5 Woodman Way,#308B ,MyMassHome,39,White,White alone,No,Danvers,MA,1,0, Single person ,"81,500.00","41,000.00",No
126183,5/15/24,6:47:36,"74 Riley Road, Unit 88  ~ Tyngsborough",Tyngsborough,74 Riley Road,Unit 88,Zillow/Trulia/Other Website,30,Choose not to answer,Missing,No,Chelmsford,MA,1,0, Single person ,"58,000.00","4,000.00",Yes
126531,3/9/25,17:16:30,"211 East St., Unit #4, ~ Easthampton",Easthampton,211 East St.,Unit #4,Zillow/Trulia/Other Website,47,"Middle Eastern or North African, White",White alone,No,Amherst,MA,1,0, Single person ,"32,000.00","57,758.00",No
126948,3/20/24,11:24:00,"170 Haverhill Street, #117 ~ Andover",Andover ,170 Haverhill Street,#117,MyMassHome,34,White,White alone,No,Andover,MA,3,2, Single parent ,"75,000.00","3,000.00",Yes
126948,5/8/25,11:44:49,1 Lois Lane ~ Townsend,Townsend,1 Lois Lane,,MyMassHome,35,White,White alone,No,Andover,MA,3,2, Single parent ,"104,000.00","15,000.00",Yes
128068,11/14/24,22:27:17,7 Buttercup Lane ~ Grafton,Grafton,7 Buttercup Lane,,MyMassHome,32,Middle Eastern or North African,White alone,No,Malden,MA,3,1," Married/partners/couple, no dependents ","49,000.00","24,500.00",Yes
128956,7/28/24,20:00:43,1 Millbrook Lane Unit 213 ~ Wakefield,Wakefield,1 Millbrook Lane Unit 213,,Zillow/Trulia/Other Website,43,White,White alone,No,Melrose,MA,1,0, Single person ,"76,900.00","4,000.00",Yes
129241,3/10/24,14:20:00,39 Swifts Beach Road ~ Wareham,Warehem,39 Swifts Beach Road,,Real Estate Agent,22,White,White alone,No,Plymouth,MA,1,0, Single person ,"80,000.00","49,000.00",Yes
129557,4/3/24,9:54:00,"5 Woodman Way, #308B ~ Newburyport",Newburyport,5 Woodman Way,#308B ,MyMassHome,55,White,White alone,No,Essex,MA,2,0, Single parent ,"50,000.00","65,000.00",Yes
129636,8/12/24,13:01:16,8 Kayak Trail ~ Norton,Norton,8 Kayak Trail,,Real Estate Agent,65,White,White alone,Yes,Rosindale,MA,2,0," Married/partners/couple, no dependents ","53,089.00","9,483.00",No
131995,3/6/24,13:03:00,39 Swifts Beach Road ~ Wareham,Warehem,39 Swifts Beach Road,,Friend/Word of Mouth,46,"Black or African American, Native American or Alaskan Native, White",Black or African American; American Indian and Alaska Native; White,No,Carver,MA,4,2," Married/partners/couple, no dependents ","113,000.00","33,875.00",Yes
132121,11/5/24,14:19:26,1205 Albion Road ~ Bedford,Bedford ,1205 Albion Road,,MyMassHome,29,White,White alone,No,Bedford,MA,1,0, Single person ,"87,360.40","29,765.57",Yes
132785,8/27/24,16:58:33,"12 Rebecca Way, Unit 9 ~ Methuen (55+)",Methuen,12 Rebecca Way,Unit 9,Real Estate Agent,60,Hispanic or Latino,Missing,No,Haverhill,MA,2,0," Married/partners/couple, no dependents ","79,000.00","16,750.00",No
133753,2/17/25,15:05:02,34 Beaver Pond Road ~ Milford,Milford,34 Beaver Pond Road,,Friend/Word of Mouth,33,"Hispanic or Latino, White",White alone,No,Miflord,MA,2,1, Single parent ,"48,000.00",0.00,No
134351,5/21/24,16:08:31,27 Meeting House Lane ~ Southborough,Southborough,27 Meeting House Lane,,Zillow/Trulia/Other Website,47,Hispanic or Latino,Missing,No,Southborough,MA,2,0, Single parent ,"56,000.00","32,776.00",No
134565,9/19/24,15:18:21,,,,,Real Estate Agent,35,White,White alone,No,Taunton,MA,2,1, Single parent ,"60,762.00",0.00,No
136270,3/6/24,18:41:00,1205 Albion Road ~ Bedford,Bedford ,1205 Albion Road,,Zillow/Trulia/Other Website,24,White,White alone,No,Marlborough,MA,1,0, Single person ,"78,435.24","31,616.20",No
136270,6/10/24,21:54:07,42 Pine Street ~ Newton,Newton,42 Pine Street ,,MyMassHome,25,White,White alone,Yes,Marlborough,MA,1,0, Single person ,"78,435.24","37,838.41",No
136879,2/16/25,15:07:53,34 Beaver Pond Road ~ Milford,Milford,34 Beaver Pond Road,,MyMassHome,37,"Middle Eastern or North African, White",White alone,No,Melrose,MA,3,0," Married/partners/couple, no dependents ","54,000.00","64,000.00",Yes
136879,2/16/25,15:03:29,23 Buttercup Lane ~ Grafton,Grafton,23 Buttercup Lane,,MyMassHome,37,"Middle Eastern or North African, White",White alone,No,Melrose,MA,3,0," Married/partners/couple, no dependents ","54,000.00","64,000.00",Yes
136879,2/16/25,13:45:55,34 Beaver Pond Road ~ Milford,Milford,34 Beaver Pond Road,,MyMassHome,37,"Middle Eastern or North African, White",White alone,No,Melrose,MA,3,0," Married/partners/couple, no dependents ","54,000.00","64,000.00",Yes
139267,1/28/25,7:57:48,1 Harvest Drive Unit 110 ~ North Andover,North Andover,1 Harvest Drive, Unit 110,Zillow/Trulia/Other Website,31,White,White alone,No,Andover,MA,1,0, Single person ,"64,050.12","47,625.31",No
139680,3/4/24,23:52:00,"501 Commerce Drive, Unit 4-302 ~ Braintree",Braintree,501 Commerce Drive,Unit 4-302,City of Boston Metrolist,59,Black or African American,Black or African American alone,No,Dorchester,MA,1,0, Single person ,"66,828.31","41,600.26",Yes
139680,3/4/24,23:52:00,"501 Commerce Drive, Unit 4-302 ~ Braintree",Braintree,501 Commerce Drive,Unit 4-302,City of Boston Metrolist,59,Black or African American,Black or African American alone,No,Dorchester,MA,1,0, Single person ,"66,828.31","41,600.26",Yes
139680,3/5/24,1:01:00,2 Marys Way ~ Lakeville (age restricted),Lakeville,2 Marys Way,,City of Boston Metrolist,59,Black or African American,Black or African American alone,No,Dorchester,MA,1,0, Single person ,"65,000.00","41,600.00",Yes
139680,4/15/24,20:13:00,"100 Franklin Street, #A1 ~ Whitman",Whitman ,100 Franklin Street,#A1,Real Estate Agent,59,Black or African American,Black or African American alone,No,Dorchester,MA,1,0, Single person ,"62,313.62","42,261.85",No
140362,1/29/24,12:02:00,"15 Jasmine Drive, Unit 17 ~ West Boylston",West Boylston,15 Jasmine Drive,Unit 17,Friend/Word of Mouth,53,White,White alone,No,Worcester,MA,2,0," Married/partners/couple, no dependents ","54,649.00","67,072.00",No
143473,6/11/24,14:44:19,"105 Metacomet Ave, ~ East Taunton",East Taunton,105 Metacomet Ave,,Real Estate Agent,65,Asian,Asian alone,No,Fall River,MA,4,1," Married/partners/couple, no dependents ","57,200.00","65,543.00",No
144402,7/24/24,18:47:17,24 Haywood Circle ~ Mendon,Mendon,24 Haywood Circle,,MyMassHome,30,White,White alone,No,Hingham,Massachusetts,1,0, Single person ,"67,898.00","12,000.00",Yes
144479,1/15/25,22:19:56,72 Buttercup Lane ~ Grafton,Grafton,72 Buttercup Lane,,Real Estate Agent,41,White,White alone,No,Northboro,MA,4,2," Married/partners/couple, no dependents ","51,000.00","20,000.00",No
144479,1/29/25,16:34:59,14 Autumn Lane ~ Northborough,Northborough,14 Autumn Lane,,Real Estate Agent,41,White,White alone,No,Northboro,MA,4,1," Married/partners/couple, no dependents ","70,000.00","20,000.00",Yes
144479,1/15/25,22:19:56,72 Buttercup Lane ~ Grafton,Grafton,72 Buttercup Lane,,Real Estate Agent,41,White,White alone,No,Northboro,MA,4,2," Married/partners/couple, no dependents ","51,000.00","20,000.00",No
146444,6/12/24,21:11:11,42 Pine Street ~ Newton,Newton,42 Pine Street,,MyMassHome,33,Middle Eastern or North African,White alone,Yes,Boston,MA,3,1," Married/partners/couple, no dependents ","89,887.00","37,372.74",Yes
146497,8/5/24,16:20:01,24 Haywood Circle ~ Mendon,Mendon,24 Haywood Circle,,MyMassHome,30,White,White alone,No,Walpole,MA,1,0, Single person ,"61,000.00","22,029.49",No
146497,8/12/24,8:17:58,8 Kayak Trail ~ Norton,Norton,8 Kayak Trail,,MyMassHome,30,White,White alone,No,Walpole,MA,1,0, Single person ,"61,000.00","22,030.77",No
146497,8/12/24,8:22:12,"401 West Center St, F2, ~ West Bridgewater",West Bridgewater,401 West Center St,F2,MyMassHome,30,White,White alone,No,Walpole,MA,1,0, Single person ,"61,000.00","22,030.77",No
150824,5/9/24,23:25:37,27 Meeting House Lane ~ Southborough,Southborough,27 Meeting House Lane,,MyMassHome,47,White,White alone,No,Natick,MA,4,1," Married/partners/couple, no dependents ","77,000.00",45.39,Yes
150824,7/23/24,22:02:58,24 Haywood Circle ~ Mendon,Mendon,24 Haywood Circle,,MyMassHome,47,White,White alone,No,Natick,MA,4,1," Married/partners/couple, no dependents ","77,334.00","47,098.00",Yes
150824,1/27/25,20:05:04,14 Autumn Lane ~ Northborough,Northborough,14 Autumn Lane,,MyMassHome,47,Middle Eastern or North African,White alone,No,Natick,MA,4,1," Married/partners/couple, no dependents ","77,334.00","47,491.00",Yes
151993,2/1/24,21:07:00,"11 Indian Woods Way, Unit 11 ~ Canton",Canton,11 Indian Woods Way,Unit 11,Zillow/Trulia/Other Website,40,White,White alone,No,Randolph,MA,2,1, Single parent ,"77,000.00","57,000.00",No
152270,10/25/23,19:55:00,North Andover Unit 109,North Andover,, Unit 109,Zillow/Trulia/Other Website,36,White,White alone,No,Winthrop,MA,1,0, Single person ,"58,000.00","25,000.00",No
152451,9/17/24,16:56:13,178 Cortland Drive ~ North Andover,North Andover,178 Cortland Drive,,MyMassHome,29,Asian,Asian alone,Yes,Methuen,MA,2,0, Single person ,"61,000.00","10,000.00",Yes
154553,11/6/24,11:33:24,24 Water Wheel Circle ~ Templeton,Templeton,24 Water Wheel Circle,,Zillow/Trulia/Other Website,38,White,White alone,No,Sterling,MA,3,2, Single parent ,"61,800.00",0.00,No
155943,1/23/24,12:57:00,"11 Indian Woods Way, Unit 11 ~ Canton",Canton,11 Indian Woods Way,Unit 11,MyMassHome,36,Middle Eastern or North African,White alone,No,Natick,MA,1,0," Married/partners/couple, no dependents ","81,700.00","40,300.00",Yes
156621,7/24/24,11:01:23,24 Haywood Circle ~ Mendon,Mendon,24 Haywood Circle,,Real Estate Agent,25,"Black or African American, Hispanic or Latino",Black or African American,No,Milford,MA,3,0, Single person ,"65,000.00","27,000.00",No
156642,2/24/25,8:38:01,9 Adams Court ~ Hingham,Hingham,9 Adams Court,,Zillow/Trulia/Other Website,25,White,White alone,No,Weymouth,MA,1,0, Single person ,"84,700.00","15,000.00",No
156677,1/23/24,21:25:00,"15 Jasmine Drive, Unit 17 ~ West Boylston",West Boylston,15 Jasmine Drive,Unit 17,Zillow/Trulia/Other Website,30,"Hispanic or Latino, White",White alone,No,Worcester,MA,4,2," Married/partners/couple, no dependents ","60,517.00","40,025.00",No
157152,11/25/24,13:01:39,9 Minuteman Lane ~ Westford,Westford,9 Minuteman Lane,,Zillow/Trulia/Other Website,25,White,White alone,No,Dracut,MA,1,0, Single person ,"55,000.00","64,878.82",Yes
158662,8/31/24,7:41:42,"12 Rebecca Way, Unit 9 ~ Methuen (55+)",Methuen,12 Rebecca Way,Unit 9,Zillow/Trulia/Other Website,65,Choose not to answer,Missing,No,North Andover,MA,2,0, Single parent ,"67,849.76","201,200.00",No
158662,9/15/24,16:16:57,178 Cortland Drive ~ North Andover,North Andover,178 Cortland Drive,,Zillow/Trulia/Other Website,65,Choose not to answer,Missing,No,North Andover,MA,2,0, Single parent ,"67,849.76","201,200.00",No
159233,5/31/24,15:48:54,"14 Caspian Way, Unit 23 ~ Leominster",Leominster,14 Caspian Way,Unit 23,Zillow/Trulia/Other Website,38,Black or African American,Black or African American alone,No,Leominster,MA,2,1, Single parent ,"59,945.60","5,028.15",No
159233,9/29/24,0:16:07,"1A Lindas Way, Unit 13 ~ Sterling",Sterling,1A Lindas Way,Unit 13,Real Estate Agent,39,Black or African American,Black or African American alone,No,Leominster,MA,2,1, Single parent ,"60,548.00","12,497.41",No
160257,3/15/25,11:49:51,"211 East St., Unit #4, ~ Easthampton",Easthampton,211 East St.,Unit #4,Real Estate Agent,34,Black or African American,Black or African American alone,No,Sunderland,MA,1,0, Single person ,"45,000.00","3,000.00",No
161876,2/8/24,18:40:00,501 Commerce Drive Unit 1-116 ~ Braintree,Braintree,501 Commerce Drive,Unit 1-116,Zillow/Trulia/Other Website,26,"Asian, Pacific Islander or Native Hawaiian",Asian; Native Hawaiian or Other Pacific Islander,No,Braintree,MA,1,0, Single person ,"49,460.55","74,998.37",Yes
163836,5/21/24,11:44:14,27 Meeting House Lane ~ Southborough,Southborough,27 Meeting House Lane,,Real Estate Agent,27,Asian,Asian alone,No,West Roxbury,MA,3,1," Married/partners/couple, no dependents ","80,000.00","41,000.00",Yes
163985,4/14/24,15:57:00,"5 Woodman Way, #308B ~ Newburyport",Newburyport,5 Woodman Way,#308B ,MyMassHome,24,White,White alone,No,Kensington,NH,1,0, Single person ,"55,510.00","50,460.00",No
167285,5/28/24,16:56:05,"74 Riley Road, Unit 88  ~ Tyngsborough",Tyngsborough,74 Riley Road,Unit 88,Zillow/Trulia/Other Website,26,White,White alone,No,Nashua,MA,1,0, Single person ,"59,000.00","7,000.00",No
167627,11/29/23,21:13:00,West Boylston - 103 Afra Drive Unit 51,West Boylston,103 Afra Drive,Unit 51,MyMassHome,52,"Asian, Pacific Islander or Native Hawaiian",Asian; Native Hawaiian or Other Pacific Islander,No,Shrewsbury,MA,2,0," Married/partners/couple, no dependents ","60,686.00","60,686.00",Yes
167627,1/29/24,12:30:00,"15 Jasmine Drive, Unit 17 ~ West Boylston",West Boylston,15 Jasmine Drive,Unit 17,Real Estate Agent,52,"Asian, Pacific Islander or Native Hawaiian",Asian; Native Hawaiian or Other Pacific Islander,No,Shrewsbury,MA,2,0," Married/partners/couple, no dependents ","70,640.00","30,380.75",Yes
169404,9/30/24,12:06:07,16 Cobblestone Way ~ Sandwich,Sandwich,16 Cobblestone Way,,NA,54,White,White alone,No,Sandwich,MA,3,1," Married/partners/couple, no dependents ","74,640.69","31,424.05",Yes
169404,9/30/24,12:16:54,16 Cobblestone Way ~ Sandwich,Sandwich,16 Cobblestone Way,,NA,54,White,White alone,No,Sandwich,MA,3,1," Married/partners/couple, no dependents ","74,640.69","31,424.05",Yes
169404,9/30/24,14:17:09,16 Cobblestone Way ~ Sandwich,Sandwich,16 Cobblestone Way,,NA,52,White,White alone,No,Sandwich,MA,3,1," Married/partners/couple, no dependents ","74,640.69","31,424.05",Yes
171217,7/22/24,14:06:49,24 Haywood Circle ~ Mendon,Mendon,24 Haywood Circle,,Zillow/Trulia/Other Website,33,Hispanic or Latino,Missing,No,Franklin,MA,5,3," Married/partners/couple, no dependents ","90,000.00","26,000.00",No
171303,12/4/24,14:28:47,"63 Central St., Unit 203 ~ North Reading",North Reading,63 Central St.,Unit 203 ,Friend/Word of Mouth,57,Hispanic or Latino,Missing,No,Burlington,MA,1,0, Single person ,"65,000.00","190,000.00",No
172183,1/19/24,14:54:00,"15 Jasmine Drive, Unit 17 ~ West Boylston",West Boylston,15 Jasmine Drive,Unit 17,Real Estate Agent,25,"Asian, Pacific Islander or Native Hawaiian, White",Asian; Native Hawaiian or Other Pacific Islander; White,Choose not to answer,Worcester,MA,1,0, Single person ,"51,820.00","27,765.51",No
172207,8/5/24,17:30:39,24 Haywood Circle ~ Mendon,Mendon,24 Haywood Circle,,MyMassHome,37,Choose not to answer,Missing,No,Framingham,MA,3,2, Single parent ,"78,000.00","70,000.00",Yes
172672,7/23/24,1:06:45,1 Millbrook Lane Unit 213 ~ Wakefield,Wakefield,1 Millbrook Lane Unit 213,,MyMassHome,44,Choose not to answer,Missing,No,Danvers,MA,2,1, Single parent ,"75,000.00","1,000.00",Yes
173764,1/28/25,11:40:36,1 Harvest Drive Unit 110 ~ North Andover,North Andover,1 Harvest Drive, Unit 110,Real Estate Agent,24,Choose not to answer,Missing,No,Boxford,MA,1,1, Single person ,"58,469.48","66,013.88",Yes
174666,5/23/24,19:03:05,"74 Riley Road, Unit 88  ~ Tyngsborough",Tyngsborough,74 Riley Road,Unit 88,Zillow/Trulia/Other Website,30,White,White alone,No,Chelmsford,MA,1,0, Single person ,"49,598.93","68,429.84",Yes
174815,11/15/24,19:44:46,7 Buttercup Lane ~ Grafton,Grafton,7 Buttercup Lane,,MyMassHome,34,Hispanic or Latino,Missing,No,Worcester,MA,3,2, Single parent ,"77,896.00","28,081.34",Yes
175182,2/4/25,11:00:32,14 Autumn Lane ~ Northborough,Northborough,14 Autumn Lane,,Zillow/Trulia/Other Website,42,Asian,Asian alone,No,Westborough,MA,1,0, Single person ,"50,765.00","65,000.00",No
179782,5/20/24,22:25:23,"74 Riley Road, Unit 88  ~ Tyngsborough",Tyngsborough,74 Riley Road,Unit 88,Social Media,40,Asian,Asian alone,No,Billerica,MA,5,1," Married/partners/couple, no dependents ","44,136.24","54,171.73",No
179782,6/3/24,16:26:40,"14 Caspian Way, Unit 23 ~ Leominster",Leominster,14 Caspian Way,Unit 23,Social Media,41,Asian,Asian alone,No,Billerica,MA,5,1," Married/partners/couple, no dependents ","44,136.24","57,741.81",No
179782,6/19/24,14:21:26,28 Longview Circle ~Ayer,Ayer,28 Longview Circle,,MyMassHome,40,Asian,Asian alone,No,Billerica,MA,5,1," Married/partners/couple, no dependents ","44,136.24","55,147.25",No
182109,9/19/24,13:32:44,"1A Lindas Way, Unit 13 ~ Sterling",Sterling,1A Lindas Way,Unit 13,Real Estate Agent,33,White,White alone,No,Clinton,MA,1,0, Single person ,"50,800.00",0.00,No
183684,1/21/24,20:05:00,18 Old Cedar Village ~ Bridgewater,Bridgewater,18 Old Cedar Village,,Real Estate Agent,51,White,White alone,No,Raynham,MA,2,1, Single parent ,"56,000.00",51.00,No
184411,7/28/24,19:21:10,1 Millbrook Lane Unit 213 ~ Wakefield,Wakefield,1 Millbrook Lane Unit 213,,Real Estate Agent,29,White,White alone,No,Stoneham,MA,1,0, Single person ,"77,000.00","68,431.00",Yes
187259,9/24/24,11:09:00,"1A Lindas Way, Unit 13 ~ Sterling",Sterling,1A Lindas Way,Unit 13,Friend/Word of Mouth,29,White,White alone,No,Leominster,MA,1,0, Single person ,"64,000.00","46,000.00",No
187846,9/18/24,20:07:37,"1A Lindas Way, Unit 13 ~ Sterling",Sterling,1A Lindas Way,Unit 13,Real Estate Agent,59,Black or African American,Black or African American alone,No,Worcester,MA,2,1, Single person ,"65,816.00","30,000.00",Yes
188125,5/16/24,16:40:30,27 Meeting House Lane ~ Southborough,Southborough,27 Meeting House Lane,,Friend/Word of Mouth,27,"Asian, White",Asian; White,No,Milford,MA,1,0, Single person ,"59,800.00","46,859.00",Yes
188403,6/17/24,21:35:11,42 Pine Street ~ Newton,Newton,42 Pine Street,,MyMassHome,48,Black or African American,Black or African American alone,No,Mattapan,MA,2,1, Single parent ,"89,128.00","15,500.00",Yes
188403,6/17/24,22:00:39,"33 Intrepid Circle, Unit 305 ~ Marblehead",Marblehead,33 Intrepid Circle,Unit 305,MyMassHome,48,Black or African American,Black or African American alone,No,Mattapan,MA,2,1, Single parent ,"89,128.00","15,500.00",Yes
192388,2/24/25,21:43:40,9 Adams Court ~ Hingham,Hingham,9 Adams Court,,MyMassHome,38,White,White alone,No,Harwich,MA,2,1, Single parent ,"147,836.31","258,577.92",No
193665,7/25/24,0:23:39,24 Haywood Circle ~ Mendon,Mendon,24 Haywood Circle,,MyMassHome,27,Hispanic or Latino,Missing,No,Brockton,MA,3,1, Single parent ,"60,840.00","15,000.00",No
193780,3/22/25,17:32:26,18A Longview Circle ~ Ayer,Ayer,18A Longview Circle,,Real Estate Agent,36,Hispanic or Latino,Missing,No,Littleton,MA,1,0, Single person ,"85,210.00","5,599.00",No
194527,5/24/24,16:33:13,"14 Caspian Way, Unit 23 ~ Leominster",Leominster,14 Caspian Way,Unit 23,Zillow/Trulia/Other Website,25,White,White alone,No,Fitchburg,MA,1,0, Single person ,"60,000.00","72,000.00",No
194867,1/17/24,10:44:00,18 Old Cedar Village ~ Bridgewater,Bridgewater,18 Old Cedar Village,,City of Boston Metrolist,37,White,White alone,No,Stoughton,MA,1,0, Single person ,"70,000.00","3,500.00",No
194867,4/4/24,15:40:00,"100 Franklin Street, #A1 ~ Whitman",Whitman ,100 Franklin Street,#A1,City of Boston Metrolist,37,White,White alone,No,Stoughton,MA,1,0, Single person ,"70,000.00","4,000.00",No
196221,8/14/24,19:12:06,59 River Point Drive ~ Ipswich,Ipswich,59 River Point Drive,,Zillow/Trulia/Other Website,31,Asian,Asian alone,No,Beverly,MA,1,0, Single person ,"81,600.00","48,176.00",Yes
196221,8/15/24,12:51:28,"33 Intrepid Circle, 305 ~ Marblehead (First Come, First Served)",Marblehead,33 Intrepid Circle,305,MyMassHome,31,Asian,Asian alone,No,Beverly,MA,1,0, Single person ,"81,600.00","48,176.00",Yes
196221,8/27/24,15:14:50,"6 Woodman Way, unit 204A ~ Newburyport",Newburyport,6 Woodman Way,Unit 204A,MyMassHome,31,Asian,Asian alone,No,Beverly,MA,1,0, Single person ,"81,600.00","43,141.01",Yes
197561,2/27/24,17:09:00,"501 Commerce Drive, Unit 4-302 ~ Braintree",Braintree,501 Commerce Drive,Unit 4-302,MyMassHome,32,"Asian, Pacific Islander or Native Hawaiian",Asian; Native Hawaiian or Other Pacific Islander,No,Charlestown,MA,2,1, Single parent ,"60,000.00","60,000.00",Yes
197561,2/27/24,17:09:00,"501 Commerce Drive, Unit 4-302 ~ Braintree",Braintree,501 Commerce Drive,Unit 4-302,MyMassHome,32,"Asian, Pacific Islander or Native Hawaiian",Asian; Native Hawaiian or Other Pacific Islander,No,Charlestown,MA,2,1, Single parent ,"60,000.00","60,000.00",Yes
199588,7/31/24,21:40:40,8 Kayak Trail ~ Norton,Norton,8 Kayak Trail,,Zillow/Trulia/Other Website,40,Black or African American,Black or African American alone,No,Brockton,MA,5,3," Married/partners/couple, no dependents ","65,000.00",12.00,No
200528,1/17/25,18:04:33,1 Harvest Drive Unit 110 ~ North Andover,North Andover,1 Harvest Drive, Unit 110,Zillow/Trulia/Other Website,25,White,White alone,No,Boxford,MA,1,0, Single person ,"67,169.62","67,935.78",No
200895,8/14/24,10:32:09,59 River Point Drive ~ Ipswich,Ipswich,59 River Point Drive,,MyMassHome,61,Hispanic or Latino,Missing,No,Reading,MA,1,0, Single person ,"78,117.00","38,280.00",No
200895,12/7/24,8:55:41,"63 Central St., Unit 203 ~ North Reading",North Reading,63 Central St.,Unit 203,MyMassHome,61,Hispanic or Latino,Missing,No,Reading,MA,1,0, Single person ,"78,111.00","101,000.00",Yes
201094,2/11/25,12:28:38,9 Adams Court ~ Hingham,Hingham,9 Adams Court,,MyMassHome,39,Hispanic or Latino,Missing,No,Burlington,MA,3,1," Married/partners/couple, no dependents ",101.00,"59,239.88",Yes
201763,9/15/24,22:47:04,178 Cortland Drive ~ North Andover,North Andover,178 Cortland Drive,,Zillow/Trulia/Other Website,56,White,White alone,No,Salem,MA,4,0," Married/partners/couple, no dependents ","82,000.00","143,000.00",No
203682,1/29/24,16:43:00,"15 Jasmine Drive, Unit 17 ~ West Boylston",West Boylston,15 Jasmine Drive,Unit 17,Zillow/Trulia/Other Website,28,"Asian, Pacific Islander or Native Hawaiian",Asian; Native Hawaiian or Other Pacific Islander,No,Natick,MA,2,0," Married/partners/couple, no dependents ","69,700.00","22,137.47",Yes
203991,6/3/24,12:22:17,"14 Caspian Way, Unit 23 ~ Leominster",Leominster,14 Caspian Way,Unit 23,Zillow/Trulia/Other Website,23,White,White alone,No,Francestown,NH,1,0, Single person ,"50,000.00","11,386.35",No
204301,8/4/24,18:19:33,24 Haywood Circle ~ Mendon,Mendon,24 Haywood Circle,,Friend/Word of Mouth,39,Black or African American,Black or African American alone,Yes,Windham,NH,1,0, Single person ,"70,252.00","29,093.00",No
204344,9/26/24,14:00:41,"1A Lindas Way, Unit 13 ~ Sterling",Sterling,1A Lindas Way,Unit 13,Zillow/Trulia/Other Website,55,Choose not to answer,Missing,No,Clinton,MA,3,1," Married/partners/couple, no dependents ","87,000.00","9,900.00",Yes
204988,1/15/25,17:34:10,72 Buttercup Lane ~ Grafton,Grafton,72 Buttercup Lane,,Real Estate Agent,44,Asian,Asian alone,No,North Attleboro,MA,4,2," Married/partners/couple, no dependents ","30,000.00","60,000.00",No
204988,2/12/25,13:10:21,34 Beaver Pond Road ~ Milford,Milford,34 Beaver Pond Road,,Real Estate Agent,44,Asian,Asian alone,No,North Attleboro,MA,4,2," Married/partners/couple, no dependents ","30,000.00","60,000.00",No
204988,1/26/25,14:22:00,14 Autumn Lane ~ Northborough,Northborough,14 Autumn Lane,,MyMassHome,43,Asian,Asian alone,No,North Attleboro,MA,4,2," Married/partners/couple, no dependents ","33,000.00","8,000.00",No
204988,1/15/25,17:34:10,72 Buttercup Lane ~ Grafton,Grafton,72 Buttercup Lane,,Real Estate Agent,44,Asian,Asian alone,No,North Attleboro,MA,4,2," Married/partners/couple, no dependents ","30,000.00","60,000.00",No
205330,12/8/24,19:49:45,"63 Central St., Unit 203 ~ North Reading",North Reading,63 Central St.,Unit 203,Real Estate Agent,61,Hispanic or Latino,Missing,No,Waltham,MA,1,0, Single person ,"79,408.00","54,300.00",No
205696,8/5/24,9:52:44,24 Haywood Circle ~ Mendon,Mendon,24 Haywood Circle,,Real Estate Agent,41,White,White alone,Yes,Quincy,MA,3,0, Single person ,"20,000.00","5,000.00",No
207266,5/16/24,23:24:51,"74 Riley Road, Unit 88  ~ Tyngsborough",Tyngsborough,74 Riley Road,Unit 88,Real Estate Agent,48,Asian,Asian alone,No,Tyngsboro,MA,2,0, Single parent ,"55,000.00","18,000.00",Yes
208639,1/19/24,11:27:00,18 Old Cedar Village ~ Bridgewater,Bridgewater,18 Old Cedar Village,,Zillow/Trulia/Other Website,61,Black or African American,Black or African American alone,Yes,Cranston,RI,1,0, Single person ,"57,700.00","53,810.00",No
209029,2/19/25,16:51:22,9 Adams Court ~ Hingham,Hingham,9 Adams Court,,Friend/Word of Mouth,31,Asian,Asian alone,No,Quincy,MA,3,1," Married/partners/couple, no dependents ","63,200.00","15,000.00",No
209217,4/9/24,21:17:00,"5 Woodman Way, #308B ~ Newburyport",Newburyport,5 Woodman Way,#308B ,Real Estate Agent,41,White,White alone,No,Andover,MA,2,1, Single parent ,"74,693.51","73,241.61",No
209217,5/26/24,16:30:40,"74 Riley Road, Unit 88  ~ Tyngsborough",Tyngsborough,74 Riley Road,Unit 88,Zillow/Trulia/Other Website,41,White,White alone,No,Andover,MA,2,1, Single parent ,"74,693.51","70,773.00",No
209534,2/4/24,17:17:00,"11 Indian Woods Way, Unit 11 ~ Canton",Canton,11 Indian Woods Way,Unit 11,City of Boston Metrolist,41,White,White alone,No,Newton,MA,3,1," Married/partners/couple, no dependents ","88,000.00","51,000.00",Yes
209789,7/25/24,13:03:50,24 Haywood Circle ~ Mendon,Mendon,24 Haywood Circle,,MyMassHome,35,Choose not to answer,Missing,No,East Boston,MA,1,0, Single person ,"52,000.00","10,000.00",Yes
210210,8/1/24,12:01:21,24 Haywood Circle ~ Mendon,Mendon,24 Haywood Circle,,Zillow/Trulia/Other Website,56,White,White alone,No,Bellingham,MA,3,1, Single parent ,"85,500.00","20,000.00",No
210797,11/14/24,8:26:47,9 Minuteman Lane ~ Westford,Westford,9 Minuteman Lane,,Real Estate Agent,36,Middle Eastern or North African,White alone,No,Everett,MA,3,1," Married/partners/couple, no dependents ","55,000.00","73,000.00",Yes
212349,5/3/25,7:05:42,"501 Commerce Drive, 2-110 ~ Braintree",Braintree,501 Commerce Drive,2-110,MyMassHome,49,Black or African American,Black or African American alone,No,Sharon,MA,2,1, Single parent ,"67,165.71","55,859.87",Yes
212349,5/3/25,7:04:21,1 Lois Lane ~ Townsend,Townsend,1 Lois Lane,,MyMassHome,49,Black or African American,Black or African American alone,No,Sharon,MA,3,1, Single parent ,"67,165.71","55,859.87",Yes
212349,3/25/25,18:53:04,52 Shire Road ~ Leominster,Leominster,52 Shire Road,,MyMassHome,49,Black or African American,Black or African American alone,No,Sharon,MA,2,1, Single parent ,"65,860.80","17,126.76",No
212349,2/4/25,14:44:19,14 Autumn Lane ~ Northborough,Northborough,14 Autumn Lane,,Friend/Word of Mouth,48,Black or African American,Black or African American alone,No,Sharon,MA,2,1, Single parent ,"65,860.80","9,326.59",No
212500,1/19/24,9:37:00,18 Old Cedar Village ~ Bridgewater,Bridgewater,18 Old Cedar Village,,MyMassHome,34,Choose not to answer,Missing,No,Holbrook,MA,1,0, Single person ,"62,692.13","14,612.00",No
212500,1/29/24,19:01:00,"11 Indian Woods Way, Unit 11 ~ Canton",Canton,11 Indian Woods Way,Unit 11,MyMassHome,34,White,White alone,No,Holbrook,MA,1,0, Single person ,"75,000.00","73,635.00",No
214450,3/5/24,15:57:00,"501 Commerce Drive, Unit 4-302 ~ Braintree",Braintree,501 Commerce Drive,Unit 4-302,MyMassHome,38,White,White alone,No,Quincy,MA,1,0, Single person ,"79,000.00","17,000.00",Yes
214450,3/5/24,15:57:00,"501 Commerce Drive, Unit 4-302 ~ Braintree",Braintree,501 Commerce Drive,Unit 4-302,MyMassHome,38,White,White alone,No,Quincy,MA,1,0, Single person ,"79,000.00","17,000.00",Yes
215479,3/13/25,15:45:42,"211 East St., Unit #4, ~ Easthampton",Easthampton,211 East St.,Unit #4,NA,48,White,White alone,Yes,Cambridge,MA,1,0, Single person ,"46,000.00","2,600.00",Yes
215545,5/14/24,21:24:42,27 Meeting House Lane ~ Southborough,Southborough,27 Meeting House Lane,,Zillow/Trulia/Other Website,47,White,White alone,No,Lynn,MA,2,0, Single person ,"64,000.00","20,000.00",No
215545,5/19/24,23:34:40,"74 Riley Road, Unit 88  ~ Tyngsborough",Tyngsborough,74 Riley Road,Unit 88,Zillow/Trulia/Other Website,47,White,White alone,No,Lynn,MA,2,0," Married/partners/couple, no dependents ","64,000.00","21,000.00",No
218300,1/2/25,12:39:22,"250 Main St, Unit 410 ~ Hudson (age restricted) (first come, first served)",Hudson,250 Main St,Unit 410,Zillow/Trulia/Other Website,60,White,White alone,Yes,Hudson,MA,0,0, Single person ,"28,151.00","150,000.00",No
218300,1/2/25,13:32:05,"250 Main St, Unit 410 ~ Hudson (age restricted) (first come, first served)",Hudson,250 Main St,Unit 410,Zillow/Trulia/Other Website,60,White,White alone,Yes,Hudson,MA,0,0, Single person ,"28,151.00","219,995.00",No
218300,1/2/25,13:32:05,"250 Main St, Unit 410 ~ Hudson (age restricted) (first come, first served)",Hudson,250 Main St,Unit 410,Zillow/Trulia/Other Website,60,White,White alone,Yes,Hudson,MA,0,0, Single person ,"28,151.00","219,995.00",No
218300,1/2/25,12:39:22,"250 Main St, Unit 410 ~ Hudson (age restricted) (first come, first served)",Hudson,250 Main St,Unit 410,Zillow/Trulia/Other Website,60,White,White alone,Yes,Hudson,MA,0,0, Single person ,"28,151.00","150,000.00",No
220081,9/5/24,18:06:27,"513 Main St, Unit D ~ Groton",Groton,513 Main St,Unit D,Real Estate Agent,29,White,White alone,No,Nashua,MA,1,0, Single person ,"60,000.00","23,500.00",No
220081,1/28/25,15:03:27,1 Harvest Drive Unit 110 ~ North Andover,North Andover,1 Harvest Drive, Unit 110,Real Estate Agent,29,White,White alone,No,Nashua,MA,1,0, Single person ,"64,700.00","22,000.00",Yes
220498,9/4/24,20:46:48,"513 Main St, Unit D ~ Groton",Groton,513 Main St,Unit D,Real Estate Agent,47,Hispanic or Latino,Missing,No,Ashland,MA,2,0, Single person ,"58,767.00",800.00,Yes
220498,9/26/24,20:37:10,"1A Lindas Way, Unit 13 ~ Sterling",Sterling,1A Lindas Way,Unit 13,Real Estate Agent,47,Hispanic or Latino,Missing,No,Ashland,MA,2,0, Single parent ,"58,767.00",800.00,No
221486,8/2/24,12:33:39,8 Kayak Trail ~ Norton,Norton,8 Kayak Trail,,Zillow/Trulia/Other Website,39,White,White alone,No,Norwood,MA,3,2, Single parent ,"78,000.00","33,000.00",Yes
221486,8/8/24,10:29:18,8 Kayak Trail ~ Norton,Norton,8 Kayak Trail,,Zillow/Trulia/Other Website,39,White,White alone,No,Norwood,MA,3,2, Single parent ,"80,000.00","35,000.00",Yes
221486,8/11/24,18:35:48,8 Kayak Trail ~ Norton,Norton,8 Kayak Trail,,Zillow/Trulia/Other Website,39,Choose not to answer,Missing,No,Norwood,MA,3,2, Single parent ,"80,000.00","35,000.00",Yes
221871,12/4/23,14:06:00,West Boylston - 103 Afra Drive Unit 51,West Boylston,103 Afra Drive,Unit 51,MyMassHome,48,Black or African American,Black or African American alone,No,Worcester,MA,4,2, Single parent ,"68,000.00",0.00,Yes
221989,8/29/24,9:00:14,"12 Rebecca Way, Unit 9 ~ Methuen (55+)",Methuen,12 Rebecca Way,Unit 9,Real Estate Agent,76,White,White alone,No,Arlington,MA,1,0, Single person ,"60,999.00","274,947.00",No
221989,9/17/24,13:08:37,178 Cortland Drive ~ North Andover,North Andover,178 Cortland Drive,,Real Estate Agent,76,White,White alone,No,Arlington,MA,1,0, Single person ,"61,079.00","272,295.00",No
223822,2/17/25,15:00:57,23 Buttercup Lane ~ Grafton,Grafton,23 Buttercup Lane,,MyMassHome,37,"Black or African American, Hispanic or Latino",Black or African American,No,South Grafton,MA,4,2," Married/partners/couple, no dependents ","91,591.25","9,993.80",No
223822,1/26/25,17:21:42,14 Autumn Lane ~ Northborough,Northborough,14 Autumn Lane,,MyMassHome,37,Hispanic or Latino,Missing,No,South Grafton,MA,4,2," Married/partners/couple, no dependents ","91,591.25","9,899.68",No
223822,1/20/25,13:34:57,72 Buttercup Lane ~ Grafton,Grafton,72 Buttercup Lane,,Friend/Word of Mouth,37,"Black or African American, Hispanic or Latino",Black or African American,No,South Grafton,MA,4,2," Married/partners/couple, no dependents ","91,591.25","10,678.20",No
224270,7/30/24,21:46:23,24 Haywood Circle ~ Mendon,Mendon,24 Haywood Circle,,MyMassHome,35,White,White alone,No,Douglas,MA,3,2, Single parent ,"77,220.00","49,093.00",Yes
224270,8/7/24,19:27:23,8 Kayak Trail ~ Norton,Norton,8 Kayak Trail,,MyMassHome,35,White,White alone,No,Douglas,MA,3,2, Single parent ,"77,220.00","49,093.00",Yes
224458,3/10/25,8:24:51,"211 East St., Unit #4, ~ Easthampton",Easthampton,211 East St.,Unit #4,Friend/Word of Mouth,70,White,White alone,Yes,Easthampton,MA,2,0," Married/partners/couple, no dependents ","48,300.00","19,885.00",No
225869,8/12/24,12:39:59,"401 West Center St, F2, ~ West Bridgewater",West Bridgewater,401 West Center St,F2,MyMassHome,36,Choose not to answer,Missing,No,Mendon,MA,1,0, Single person ,"48,377.00","3,000.00",No
226830,4/5/24,8:35:00,"100 Franklin Street, #A1 ~ Whitman",Whitman ,100 Franklin Street,#A1,Real Estate Agent,55,Black or African American,Black or African American alone,No,Brockton,MA,3,1, Single person ,"73,000.00","3,500.00",Yes
226830,6/12/24,10:18:50,"105 Metacomet Ave, ~ East Taunton",East Taunton,105 Metacomet Ave,,MyMassHome,56,Black or African American,Black or African American alone,No,Brockton,MA,2,1, Single person ,"71,000.00",19.82,Yes
226830,8/12/24,16:21:44,"401 West Center St, F2, ~ West Bridgewater",West Bridgewater,401 West Center St,F2,MyMassHome,55,Black or African American,Black or African American alone,No,Brockton,MA,2,1, Single person ,"68,000.00",19.00,Yes
227670,5/17/24,8:04:34,27 Meeting House Lane ~ Southborough,Southborough,27 Meeting House Lane,,MyMassHome,21,White,White alone,No,Billerica,MA,1,0, Single person ,"64,480.00","34,460.05",Yes
227728,6/29/24,17:21:04,28 Longview Circle ~Ayer,Ayer,28 Longview Circle,,Zillow/Trulia/Other Website,42,Hispanic or Latino,Missing,No,Methuen,MA,4,0," Married/partners/couple, no dependents ","122,433.00","32,000.00",Yes
227728,6/29/24,17:30:15,28 Longview Circle ~Ayer,Ayer,28 Longview Circle,,Zillow/Trulia/Other Website,42,Hispanic or Latino,Missing,No,Methuen,MA,4,0," Married/partners/couple, no dependents ","122,433.00","32,000.00",Yes
227728,6/29/24,17:56:02,28 Longview Circle ~Ayer,Ayer,28 Longview Circle,,Zillow/Trulia/Other Website,42,Hispanic or Latino,Missing,No,Methuen,MA,4,0," Married/partners/couple, no dependents ","122,433.00","32,000.00",Yes
227728,7/1/24,11:09:35,28 Longview Circle ~Ayer,Ayer,28 Longview Circle,,Zillow/Trulia/Other Website,42,Hispanic or Latino,Missing,No,Methuen,MA,4,0, Single person ,"122,000.00","32,000.00",Yes
230209,9/16/24,16:03:46,178 Cortland Drive ~ North Andover,North Andover,178 Cortland Drive,,Zillow/Trulia/Other Website,55,Asian,Asian alone,No,Andover,MA,3,0," Married/partners/couple, no dependents ","55,864.98","57,354.42",Yes
231038,2/19/25,12:40:14,9 Adams Court ~ Hingham,Hingham,9 Adams Court,,Real Estate Agent,37,White,White alone,No,Quincy,MA,1,0, Single person ,78.00,0.00,Yes
231143,11/22/24,14:37:20,9 Minuteman Lane ~ Westford,Westford,9 Minuteman Lane,,MyMassHome,25,White,White alone,No,Leominster,MA,1,0, Single person ,"57,303.60","20,000.00",Yes
231143,2/18/25,16:39:14,34 Beaver Pond Road ~ Milford,Milford,34 Beaver Pond Road,,MyMassHome,25,White,White alone,No,Leominster,MA,1,0, Single person ,"57,300.00","25,000.00",Yes
231143,2/18/25,14:03:00,23 Buttercup Lane ~ Grafton,Grafton,23 Buttercup Lane,,MyMassHome,25,White,White alone,No,Leominster,MA,1,0, Single person ,"57,300.00","25,000.00",Yes
231143,1/28/25,14:10:28,14 Autumn Lane ~ Northborough,Northborough,14 Autumn Lane,,MyMassHome,25,White,White alone,No,Leominster,MA,1,0, Single person ,"57,300.00","22,300.00",Yes
231469,9/22/24,19:26:04,"250 Main St, Unit 317 ~ Hudson (first come, first served)",Hudson,250 Main St,Unit 317,MyMassHome,74,White,White alone,Yes,Osterville,MA,1,0, Single person ,"11,730.24","23,192.61",No
231469,3/20/25,20:49:41,"250 Main Street, Unit 211B ~ Hudson",Hudson,250 Main Street,Unit 211B,MyMassHome,74,White,White alone,Yes,Hudson,MA,1,0, Single person ,"13,149.84","212,517.00",No
232411,1/18/24,11:27:00,"15 Jasmine Drive, Unit 17 ~ West Boylston",West Boylston,15 Jasmine Drive,Unit 17,Social Media,46,Middle Eastern or North African,White alone,No,Revere,MA,3,2, Single parent ,"71,000.00","15,000.00",No
232411,7/1/24,10:59:11,28 Longview Circle ~Ayer,Ayer,28 Longview Circle,,Social Media,47,Middle Eastern or North African,White alone,No,Revere,MA,3,2, Single parent ,"71,000.00","20,000.00",No
233935,2/8/25,13:52:40,34 Beaver Pond Road ~ Milford,Milford,34 Beaver Pond Road,,MyMassHome,74,White,White alone,Yes,Southbridge,MA,2,0," Married/partners/couple, no dependents ","47,579.00","7,020.00",Yes
234850,11/6/24,16:19:59,7 Buttercup Lane ~ Grafton,Grafton,7 Buttercup Lane,,Zillow/Trulia/Other Website,31,White,White alone,No,Milford,MA,1,0, Single person ,"48,014.40","64,800.00",No
234850,2/10/25,11:20:52,34 Beaver Pond Road ~ Milford,Milford,34 Beaver Pond Road,,MyMassHome,32,White,White alone,No,Milford,MA,1,0, Single person ,"52,015.60","67,208.66",No
234850,1/28/25,15:46:53,14 Autumn Lane ~ Northborough,Northborough,14 Autumn Lane,,MyMassHome,32,Choose not to answer,Missing,No,Milford,MA,1,0, Single person ,"52,015.60","67,490.50",No
234850,1/28/25,15:23:24,14 Autumn Lane ~ Northborough,Northborough,14 Autumn Lane,,MyMassHome,32,White,White alone,No,Milford,MA,1,0, Single person ,"48,014.40","67,490.50",No
235620,2/5/24,12:39:00,"11 Indian Woods Way, Unit 11 ~ Canton",Canton,11 Indian Woods Way,Unit 11,Zillow/Trulia/Other Website,38,White,White alone,No,Quincy,MA,1,0, Single person ,"79,570.00","58,000.00",No
235620,2/6/24,11:29:00,501 Commerce Drive Unit 1-116 ~ Braintree,Braintree,501 Commerce Drive,Unit 1-116,Zillow/Trulia/Other Website,38,White,White alone,No,Quincy,MA,1,0, Single person ,"79,570.00","58,000.00",No
235620,2/22/24,18:31:00,"501 Commerce Drive, Unit 4-302 ~ Braintree",Braintree,501 Commerce Drive,Unit 4-302,Zillow/Trulia/Other Website,38,White,White alone,No,Quincy,MA,1,0, Single person ,"79,500.00","56,000.00",No
235620,2/22/24,18:31:00,"501 Commerce Drive, Unit 4-302 ~ Braintree",Braintree,501 Commerce Drive,Unit 4-302,Zillow/Trulia/Other Website,38,White,White alone,No,Quincy,MA,1,0, Single person ,"79,500.00","56,000.00",No
237815,9/25/24,12:23:23,"1A Lindas Way, Unit 13 ~ Sterling",Sterling,1A Lindas Way,Unit 13,Real Estate Agent,53,White,White alone,No,Hudson,MA,1,0, Single parent ,"62,937.00","78,484.77",No
237953,5/26/24,23:39:16,"74 Riley Road, Unit 88  ~ Tyngsborough",Tyngsborough,74 Riley Road,Unit 88,MyMassHome,47,White,White alone,No,Haverhill,MA,2,1, Single parent ,"51,088.00","3,868.00",Yes
238500,2/4/25,15:49:20,14 Autumn Lane ~ Northborough,Northborough,14 Autumn Lane,,Zillow/Trulia/Other Website,57,Hispanic or Latino,Missing,No,Framingham,MA,2,0, Single parent ,"69,400.00",0.00,No
238891,1/24/24,18:35:00,"11 Indian Woods Way, Unit 11 ~ Canton",Canton,11 Indian Woods Way,Unit 11,Friend/Word of Mouth,29,White,White alone,No,Braintree,MA,1,0, Single person ,"50,760.00","62,889.64",Yes
240777,8/6/24,20:54:58,8 Kayak Trail ~ Norton,Norton,8 Kayak Trail,,Real Estate Agent,53,Black or African American,Black or African American alone,No,Brockton,MA,4,1, Single parent ,"80,000.00","16,000.00",No
241153,5/20/24,20:18:11,27 Meeting House Lane ~ Southborough,Southborough,27 Meeting House Lane,,Friend/Word of Mouth,34,White,White alone,No,Marlborough,MA,4,2," Married/partners/couple, no dependents ","91,000.00","43,000.00",No
241263,6/1/24,20:26:40,"14 Caspian Way, Unit 23 ~ Leominster",Leominster,14 Caspian Way,Unit 23,Real Estate Agent,25,White,White alone,No,Worcester,MA,1,0, Single person ,"63,546.98","32,468.75",Yes
243767,9/13/24,16:14:08,178 Cortland Drive ~ North Andover,North Andover,178 Cortland Drive,,Real Estate Agent,72,White,White alone,No,Methuen,MA,1,0, Single person ,"34,630.00","34,600.00",No
243771,3/12/24,9:08:00,1205 Albion Road ~ Bedford,Bedford ,1205 Albion Road,,Zillow/Trulia/Other Website,67,"Asian, Pacific Islander or Native Hawaiian",Asian; Native Hawaiian or Other Pacific Islander,Yes,Tewksbury,MA,2,0," Married/partners/couple, no dependents ","45,000.00","10,000.00",Yes
243787,3/11/24,9:43:00,39 Swifts Beach Road ~ Wareham,Warehem,39 Swifts Beach Road,,MyMassHome,36,White,White alone,No,Taunton,MA,1,0, Single person ,"62,000.00","20,000.00",No
244087,5/31/24,9:45:36,"14 Caspian Way, Unit 23 ~ Leominster",Leominster,14 Caspian Way,Unit 23,MyMassHome,31,White,White alone,No,Westminster,MA,1,0, Single person ,"45,000.00","50,000.00",Yes
246430,8/10/24,11:51:08,"401 West Center St, F2, ~ West Bridgewater",West Bridgewater,401 West Center St,F2,MyMassHome,33,White,White alone,No,Franklin,MA,3,0," More than one related adults, no dependents ","65,415.00","60,000.00",No
247669,8/5/24,13:41:29,"401 West Center St, F2, ~ West Bridgewater",West Bridgewater,401 West Center St,F2,Zillow/Trulia/Other Website,52,White,White alone,No,Waltham,MA,2,0, Single parent ,"67,496.00","2,000.00",Yes
247669,8/5/24,14:06:02,"401 West Center St, F2, ~ West Bridgewater",West Bridgewater,401 West Center St,F2,Zillow/Trulia/Other Website,52,White,White alone,No,Waltham,MA,2,0, Single parent ,"67,496.00","2,000.00",Yes
250592,8/8/24,10:14:20,59 River Point Drive ~ Ipswich,Ipswich,59 River Point Drive,,MyMassHome,30,White,White alone,No,Rockport,MA,1,0, Single person ,"50,000.00","33,995.00",Yes
250592,11/4/24,20:01:07,1205 Albion Road ~ Bedford,Bedford ,1205 Albion Road,,MyMassHome,30,White,White alone,No,Rockport,MA,1,0, Single person ,"50,000.00","34,898.00",Yes
250592,11/26/24,16:17:55,9 Minuteman Lane ~ Westford,Westford,9 Minuteman Lane,,MyMassHome,30,White,White alone,No,Rockport,MA,1,0, Single person ,"60,000.00","34,000.00",Yes
251857,5/20/24,15:02:03,27 Meeting House Lane ~ Southborough,Southborough,27 Meeting House Lane,,MyMassHome,66,Black or African American,Black or African American alone,Yes,Worcester,MA,4,1," Married/partners/couple, no dependents ","94,152.00","38,800.00",No
251857,7/1/24,13:41:48,28 Longview Circle ~Ayer,Ayer,28 Longview Circle,,MyMassHome,66,Black or African American,Black or African American alone,Yes,Worcester,MA,4,2," Married/partners/couple, no dependents ","123,152.00","31,463.83",No
251857,8/18/24,10:14:44,"248 Main Street, 204 ~ Hudson (55+)",Hudson,248 Main Street,204,MyMassHome,66,Black or African American,Black or African American alone,Yes,Worcester,MA,4,1," Married/partners/couple, no dependents ","109,167.00","2,750.00",No
251858,6/11/24,9:53:02,42 Pine Street ~ Newton,Newton,42 Pine Street,,MyMassHome,29,White,White alone,No,Brighton,MA,1,0, Single person ,"87,000.00","21,000.00",Yes
251858,6/11/24,14:10:17,"33 Intrepid Circle, Unit 305 ~ Marblehead",Marblehead,33 Intrepid Circle,Unit 305,MyMassHome,29,White,White alone,No,Brighton,MA,1,0, Single person ,"87,000.00","2,100.00",Yes
252456,2/28/24,22:36:00,"501 Commerce Drive, Unit 4-302 ~ Braintree",Braintree,501 Commerce Drive,Unit 4-302,City of Boston Metrolist,36,"Asian, Pacific Islander or Native Hawaiian",Asian; Native Hawaiian or Other Pacific Islander,No,Quincy,MA,1,0, Single person ,"74,000.00","35,700.00",Yes
252456,2/28/24,22:36:00,"501 Commerce Drive, Unit 4-302 ~ Braintree",Braintree,501 Commerce Drive,Unit 4-302,City of Boston Metrolist,36,"Asian, Pacific Islander or Native Hawaiian",Asian; Native Hawaiian or Other Pacific Islander,No,Quincy,MA,1,0, Single person ,"74,000.00","35,700.00",Yes
252456,2/28/24,22:36:00,"501 Commerce Drive, Unit 4-302 ~ Braintree",Braintree,501 Commerce Drive,Unit 4-302,City of Boston Metrolist,36,"Asian, Pacific Islander or Native Hawaiian",Asian; Native Hawaiian or Other Pacific Islander,No,Quincy,MA,1,0, Single person ,"74,000.00","35,700.00",Yes
252864,4/16/24,13:09:00,"5 Woodman Way, #308B ~ Newburyport",Newburyport,5 Woodman Way,#308B ,Zillow/Trulia/Other Website,72,White,White alone,Yes,Nahant,MA,1,0, Single person ,"81,000.00","4,000.00",No
253565,3/18/25,13:44:36,"211 East St., Unit #4, ~ Easthampton",Easthampton,211 East St.,Unit #4,Friend/Word of Mouth,31,White,White alone,No,Boston,MA,1,0, Single person ,"48,000.00","1,500.00",No
253600,5/19/24,16:47:10,27 Meeting House Lane ~ Southborough,Southborough,27 Meeting House Lane,,Zillow/Trulia/Other Website,58,Asian,Asian alone,No,Shrewsbury,MA,2,0, Single parent ,"35,000.00","14,102.09",Yes
257868,8/30/24,14:48:14,"513 Main St, Unit D ~ Groton",Groton,513 Main St,Unit D,Zillow/Trulia/Other Website,28,White,White alone,No,Nashua,MA,2,1, Single parent ,"2,300.00","10,000.00",Yes
259188,7/26/24,15:46:11,1 Millbrook Lane Unit 213 ~ Wakefield,Wakefield,1 Millbrook Lane Unit 213,,Zillow/Trulia/Other Website,57,Hispanic or Latino,Missing,No,Wakefield,MA,2,0, Single parent ,"93,948.00","73,418.97",No
261209,8/9/24,8:56:21,8 Kayak Trail ~ Norton,Norton,8 Kayak Trail,,Zillow/Trulia/Other Website,45,Hispanic or Latino,Missing,No,Boston,MA,3,2, Single parent ,"86,138.05","66,685.22",Yes
262069,1/22/25,11:51:05,14 Autumn Lane ~ Northborough,Northborough,14 Autumn Lane,,MyMassHome,27,White,White alone,No,Northborough,MA,3,2, Single parent ,"58,117.32","9,509.48",No
262135,11/1/23,19:09:00,North Andover Unit 109,North Andover,, Unit 109,Zillow/Trulia/Other Website,30,White,White alone,No,Tewksbury,MA,1,0, Single person ,"64,052.00","52,664.53",No
262430,5/28/24,12:47:37,"14 Caspian Way, Unit 23 ~ Leominster",Leominster,14 Caspian Way,Unit 23,Zillow/Trulia/Other Website,42,Hispanic or Latino,Missing,No,Leominster,MA,2,0, Single parent ,"64,510.45","68,823.47",No
262443,7/31/24,20:41:54,8 Kayak Trail ~ Norton,Norton,8 Kayak Trail,,Real Estate Agent,42,White,White alone,No,Fall River,MA,2,1, Single parent ,"60,000.00","58,025.00",No
262536,9/17/24,14:52:20,178 Cortland Drive ~ North Andover,North Andover,178 Cortland Drive,,Real Estate Agent,64,White,White alone,No,Andover,MA,2,0," Married/partners/couple, no dependents ","71,265.00","29,000.00",No
262536,9/17/24,16:24:49,178 Cortland Drive ~ North Andover,North Andover,178 Cortland Drive,,Friend/Word of Mouth,64,White,White alone,No,Andover,MA,2,0," Married/partners/couple, no dependents ","86,110.00","29,000.00",No
262692,6/24/24,11:58:29,28 Longview Circle ~Ayer,Ayer,28 Longview Circle,,Real Estate Agent,32,"Black or African American, Hispanic or Latino",Black or African American,No,Dorchester,MA,3,2, Single parent ,"60,000.00","72,847.39",Yes
262692,7/22/24,11:40:14,24 Haywood Circle ~ Mendon,Mendon,24 Haywood Circle,,MyMassHome,32,"Black or African American, Hispanic or Latino",Black or African American,No,Boston,MA,3,2, Single person ,"60,000.00","19,000.00",Yes
263003,5/22/24,10:12:45,"74 Riley Road, Unit 88  ~ Tyngsborough",Tyngsborough,74 Riley Road,Unit 88,MyMassHome,42,Asian,Asian alone,No,Lowell,MA,3,2, Single parent ,"44,834.00","50,677.75",Yes
263063,3/13/25,14:33:35,"211 East St., Unit #4, ~ Easthampton",Easthampton,211 East St.,Unit #4,Zillow/Trulia/Other Website,33,White,White alone,No,Easthampton,MA,3,2, Single person ,"44,536.76","11,216.82",No
263793,6/21/24,16:08:35,28 Longview Circle ~Ayer,Ayer,28 Longview Circle,,MyMassHome,27,White,White alone,No,Peabody,MA,1,0, Single person ,"83,200.00","52,852.68",Yes
264658,6/19/24,10:21:12,42 Pine Street ~ Newton,Newton,42 Pine Street,,MyMassHome,36,White,White alone,No,West Roxbury,MA,3,1," Married/partners/couple, no dependents ","61,000.00","30,000.00",Yes
264658,2/10/25,12:56:39,23 Buttercup Lane ~ Grafton,Grafton,23 Buttercup Lane,,MyMassHome,36,White,White alone,No,West Roxbury,MA,3,1," Married/partners/couple, no dependents ","75,000.00","35,000.00",Yes
264658,1/31/25,9:44:41,14 Autumn Lane ~ Northborough,Northborough,14 Autumn Lane,,MyMassHome,36,White,White alone,No,West Roxbury,MA,3,1," Married/partners/couple, no dependents ","75,000.00","35,000.00",Yes
264658,1/21/25,13:38:39,72 Buttercup Lane ~ Grafton,Grafton,72 Buttercup Lane,,MyMassHome,36,White,White alone,No,West Roxbury,MA,3,1," Married/partners/couple, no dependents ","75,000.00","34,000.00",Yes
267184,4/20/25,11:08:21,27 Meetinghouse Road ~ Norfolk (age restricted),Norfolk,27 Meetinghouse Road,,Zillow/Trulia/Other Website,60,Hispanic or Latino,Missing,Yes,Foxboro,MA,2,0, Single parent ,"101,988.00",111.44,Yes
267357,6/26/24,18:59:27,28 Longview Circle ~Ayer,Ayer,28 Longview Circle,,Zillow/Trulia/Other Website,43,Black or African American,Black or African American alone,No,Groton,MA,3,1, Single parent ,"70,921.00","40,577.00",Yes
268586,7/30/24,16:50:36,24 Haywood Circle ~ Mendon,Mendon,24 Haywood Circle,,Zillow/Trulia/Other Website,25,White,White alone,No,Millville,MA,1,0, Single person ,"35,500.00","70,637.00",No
268960,7/18/24,11:36:55,1 Millbrook Lane Unit 213 ~ Wakefield,Wakefield,1 Millbrook Lane Unit 213,,MyMassHome,24,White,White alone,Yes,Medford,MA,1,0, Single person ,"60,000.00","34,900.00",No
269110,6/24/24,15:38:29,42 Pine Street ~ Newton,Newton,42 Pine Street,,MyMassHome,31,"Hispanic or Latino, White",White alone,No,East Boston,MA,3,1," Married/partners/couple, no dependents ","87,400.00","3,250.00",Yes
269434,4/26/25,20:32:38,27 Meetinghouse Road ~ Norfolk (age restricted),Norfolk,27 Meetinghouse Road,,Real Estate Agent,59,White,White alone,No,Franklin,MA,1,0, Single person ,"50,000.00","73,000.00",No
269434,2/16/25,23:15:12,34 Beaver Pond Road ~ Milford,Milford,34 Beaver Pond Road,,Real Estate Agent,59,White,White alone,Yes,Franklin,MA,1,0, Single person ,"63,000.00","73,000.00",No
271229,1/21/24,13:28:00,18 Old Cedar Village ~ Bridgewater,Bridgewater,18 Old Cedar Village,,Zillow/Trulia/Other Website,36,White,White alone,No,Taunton,MA,3,1, Single parent ,"70,000.00","51,100.00",No
273639,7/31/24,10:21:07,8 Kayak Trail ~ Norton,Norton,8 Kayak Trail,,MyMassHome,28,White,White alone,No,Easton,MA,3,1," Married/partners/couple, no dependents ","79,556.00","9,727.00",Yes
274638,12/3/23,12:19:00,West Boylston - 103 Afra Drive Unit 51,West Boylston,103 Afra Drive,Unit 51,Zillow/Trulia/Other Website,22,White,White alone,No,Auburn,MA,1,0, Single person ,"60,000.00","30,301.00",No
275090,9/26/24,18:26:54,"1A Lindas Way, Unit 13 ~ Sterling",Sterling,1A Lindas Way,Unit 13,Zillow/Trulia/Other Website,60,White,White alone,No,Phillipston,MA,1,0, Single person ,"35,045.00","130,120.00",Yes
277209,2/4/25,14:14:17,14 Autumn Lane ~ Northborough,Northborough,14 Autumn Lane,,Real Estate Agent,62,Hispanic or Latino,Missing,No,Revere,MA,1,0, Single person ,"61,942.04","5,331.21",No
277531,7/29/24,15:23:45,24 Haywood Circle ~ Mendon,Mendon,24 Haywood Circle,,Zillow/Trulia/Other Website,39,Black or African American,Black or African American alone,No,North Attleboro,MA,2,1, Single parent ,"57,950.00",372.00,Yes
277531,7/29/24,15:30:57,24 Haywood Circle ~ Mendon,Mendon,24 Haywood Circle,,Zillow/Trulia/Other Website,39,Black or African American,Black or African American alone,No,North Attleboro,MA,2,1, Single parent ,"57,950.00",372.00,Yes
277531,8/4/24,12:44:50,24 Haywood Circle ~ Mendon,Mendon,24 Haywood Circle,,Real Estate Agent,39,Black or African American,Black or African American alone,No,East Providence,MA,2,1, Single parent ,"57,000.00","23,000.00",No
281020,7/26/24,12:10:08,1 Millbrook Lane Unit 213 ~ Wakefield,Wakefield,1 Millbrook Lane Unit 213,,Zillow/Trulia/Other Website,24,White,White alone,No,Lynnfield,MA,1,0, Single person ,"40,000.00","16,000.00",No
281020,8/7/24,9:01:47,59 River Point Drive ~ Ipswich,Ipswich,59 River Point Drive,,Zillow/Trulia/Other Website,24,White,White alone,No,Lynnfield,MA,1,0, Single person ,"40,000.00","16,178.73",No
282175,6/27/24,19:11:34,28 Longview Circle ~Ayer,Ayer,28 Longview Circle,,Real Estate Agent,52,Black or African American,Black or African American alone,No,Lowell,MA,2,0," Married/partners/couple, no dependents ","82,000.00","100,000.00",No
283185,1/18/24,19:35:00,18 Old Cedar Village ~ Bridgewater,Bridgewater,18 Old Cedar Village,,Zillow/Trulia/Other Website,25,White,White alone,Yes,East Freetown,MA,1,0, Single person ,"57,736.32","41,548.05",No
284519,5/22/24,13:54:11,"74 Riley Road, Unit 88  ~ Tyngsborough",Tyngsborough,74 Riley Road,Unit 88,MyMassHome,38,Middle Eastern or North African,White alone,No,Malden,MA,2,1," Married/partners/couple, no dependents ","49,000.00","25,000.00",Yes
285602,5/28/24,12:47:21,"74 Riley Road, Unit 88  ~ Tyngsborough",Tyngsborough,74 Riley Road,Unit 88,Real Estate Agent,62,White,White alone,No,Nasuha Nh,MA,1,0, Single person ,"48,153.00","75,000.00",No
286501,7/29/24,16:22:02,1 Millbrook Lane Unit 213 ~ Wakefield,Wakefield,1 Millbrook Lane Unit 213,,Zillow/Trulia/Other Website,24,White,White alone,No,Wakefield,MA,1,0, Single person ,"65,000.00","16,642.00",Yes
286565,7/24/24,16:35:56,24 Haywood Circle ~ Mendon,Mendon,24 Haywood Circle,,Real Estate Agent,41,Other,Some Other Race,No,Chelsea,MA,4,2," Married/partners/couple, no dependents ","95,000.00",0.00,No
286565,8/5/24,8:31:13,8 Kayak Trail ~ Norton,Norton,8 Kayak Trail,,Real Estate Agent,41,Hispanic or Latino,Missing,No,Chelsea,MA,4,2," Married/partners/couple, no dependents ","95,000.00",0.00,No
287577,8/21/24,12:59:03,"12 Rebecca Way, Unit 9 ~ Methuen (55+)",Methuen,12 Rebecca Way,Unit 9,MyMassHome,55,White,White alone,Yes,Methuen,MA,1,1, Single person ,"25,200.00","5,000.00",No
287868,12/8/23,15:13:00,West Boylston - 103 Afra Drive Unit 51,West Boylston,103 Afra Drive,Unit 51,Friend/Word of Mouth,30,White,White alone,No,Shrewsbury,MA,2,0," Married/partners/couple, no dependents ","54,600.00","15,742.27",No
287868,1/16/24,16:49:00,"15 Jasmine Drive, Unit 17 ~ West Boylston",West Boylston,15 Jasmine Drive,Unit 17,MyMassHome,30,White,White alone,No,Shrewsbury,MA,2,0," Married/partners/couple, no dependents ","54,600.00","60,000.00",No
288855,6/24/24,12:52:19,42 Pine Street ~ Newton,Newton,42 Pine Street,,MyMassHome,49,White,White alone,No,Newton,MA,4,2," Married/partners/couple, no dependents ","47,027.00","68,859.16",Yes
290047,1/29/24,10:43:00,"15 Jasmine Drive, Unit 17 ~ West Boylston",West Boylston,15 Jasmine Drive,Unit 17,Real Estate Agent,35,Middle Eastern or North African,White alone,Choose not to answer,Worcester,MA,3,1," Married/partners/couple, no dependents ","61,360.00",900.00,Yes
290265,9/27/24,21:02:09,"63 Central St., #107 ~ North Reading (55+)",North Reading ,63 Central St.,#107,Zillow/Trulia/Other Website,60,White,White alone,No,Lynnfield,MA,1,0, Single person ,"59,989.00","105,000.00",No
291430,11/24/24,7:38:04,9 Minuteman Lane ~ Westford,Westford,9 Minuteman Lane,,MyMassHome,34,Black or African American,Black or African American alone,No,Newburyport,MA,2,1, Single person ,"72,000.00","2,000.00",No
291430,11/24/24,7:52:26,9 Minuteman Lane ~ Westford,Westford,9 Minuteman Lane,,MyMassHome,34,Black or African American,Black or African American alone,No,Newburyport,MA,2,1, Single person ,"72,000.00","1,000.00",No
292972,5/28/24,17:54:54,"14 Caspian Way, Unit 23 ~ Leominster",Leominster,14 Caspian Way,Unit 23,Friend/Word of Mouth,34,Black or African American,Black or African American alone,No,Leominster,MA,3,2, Single parent ,"2,115.39",0.00,No
293250,5/9/24,13:18:33,27 Meeting House Lane ~ Southborough,Southborough,27 Meeting House Lane,,Zillow/Trulia/Other Website,40,Hispanic or Latino,Missing,No,Worcester,MA,2,0, Single parent ,"70,000.00","60,000.00",No
293917,2/5/24,17:02:00,"11 Indian Woods Way, Unit 11 ~ Canton",Canton,11 Indian Woods Way,Unit 11,Zillow/Trulia/Other Website,29,White,White alone,No,Norwood,MA,3,0, Single person ,,2.00,No
295530,8/1/24,15:07:43,"401 West Center St, F2, ~ West Bridgewater",West Bridgewater,401 West Center St,F2,Real Estate Agent,38,Black or African American,Black or African American alone,No,Brockton,MA,1,0, Single person ,"58,000.00","23,000.00",No
296517,1/20/24,18:09:00,"15 Jasmine Drive, Unit 17 ~ West Boylston",West Boylston,15 Jasmine Drive,Unit 17,Real Estate Agent,45,Black or African American,Black or African American alone,No,Worcester,MA,4,2, Single parent ,"74,326.80","12,863.35",Yes
296517,1/22/24,12:59:00,"15 Jasmine Drive, Unit 17 ~ West Boylston",West Boylston,15 Jasmine Drive,Unit 17,Real Estate Agent,45,Black or African American,Black or African American alone,No,Worcester,MA,4,2, Single parent ,"74,326.80","12,863.35",Yes
296725,11/5/23,16:59:00,North Andover Unit 109,North Andover,, Unit 109,MyMassHome,33,White,White alone,Yes,Salem,MA,1,0, Single person ,"4,680.00","14,000.00",Yes
298341,11/12/24,23:26:28,7 Buttercup Lane ~ Grafton,Grafton,7 Buttercup Lane,,Real Estate Agent,25,Hispanic or Latino,Missing,No,Norwood,MA,2,1, Single parent ,"74,000.00","28,400.00",No
298341,11/25/24,20:26:18,9 Minuteman Lane ~ Westford,Westford,9 Minuteman Lane,,Zillow/Trulia/Other Website,25,Hispanic or Latino,Missing,No,Norwood,MA,2,1, Single parent ,"74,000.00","28,400.00",Yes
301202,5/28/24,9:36:12,"74 Riley Road, Unit 88  ~ Tyngsborough",Tyngsborough,74 Riley Road,Unit 88,Zillow/Trulia/Other Website,23,Asian,Asian alone,No,Lowell,MA,1,0, Single person ,"62,000.00","12,000.00",No
301292,5/28/24,15:16:43,"74 Riley Road, Unit 88  ~ Tyngsborough",Tyngsborough,74 Riley Road,Unit 88,MyMassHome,36,Black or African American,Black or African American alone,No,Lowell,MA,2,1, Single parent ,"63,876.80","73,431.61",Yes
302963,2/3/25,19:20:54,14 Autumn Lane ~ Northborough,Northborough,14 Autumn Lane,,MyMassHome,42,White,White alone,No,Westborough,MA,3,2, Single parent ,"86,225.00","49,428.00",Yes
302963,2/3/25,19:13:18,14 Autumn Lane ~ Northborough,Northborough,14 Autumn Lane,,MyMassHome,42,White,White alone,No,Westborough,MA,3,2, Single parent ,"72,125.00","47,881.00",Yes
306219,6/24/24,12:39:38,42 Pine Street ~ Newton,Newton,42 Pine Street,,Friend/Word of Mouth,22,White,White alone,No,Natick,MA,1,0, Single person ,"72,000.00","65,595.00",No
306548,2/1/24,11:26:00,"11 Indian Woods Way, Unit 11 ~ Canton",Canton,11 Indian Woods Way,Unit 11,Real Estate Agent,25,Black or African American,Black or African American alone,No,Westwood,MA,1,0, Single person ,"60,000.00","27,369.80",No
308794,9/26/24,21:26:13,"1A Lindas Way, Unit 13 ~ Sterling",Sterling,1A Lindas Way,Unit 13,Real Estate Agent,39,Asian,Asian alone,No,Woburn,MA,1,0, Single person ,"57,200.00","45,161.49",No
308794,3/20/25,16:58:13,52 Shire Road ~ Leominster,Leominster,52 Shire Road,,Real Estate Agent,39,Asian,Asian alone,No,Woburn,MA,1,0, Single person ,"57,200.00","53,252.81",No
308794,2/13/25,21:28:31,34 Beaver Pond Road ~ Milford,Milford,34 Beaver Pond Road,,Real Estate Agent,39,Asian,Asian alone,No,Woburn,MA,1,0, Single person ,"57,200.00","52,054.07",No
308794,1/28/25,22:03:17,14 Autumn Lane ~ Northborough,Northborough,14 Autumn Lane,,Real Estate Agent,39,Asian,Asian alone,No,Woburn,MA,1,0, Single person ,"57,200.00","50,664.92",No
308794,1/28/25,11:07:13,1 Harvest Drive Unit 110 ~ North Andover,North Andover,1 Harvest Drive, Unit 110,Real Estate Agent,39,Asian,Asian alone,No,Woburn,MA,1,0, Single person ,"57,200.00","50,664.92",No
308975,6/24/24,9:11:29,42 Pine Street ~ Newton,Newton,42 Pine Street,,MyMassHome,28,White,White alone,Yes,Brookline,MA,1,0, Single person ,"65,000.00","13,000.00",Yes
309113,2/3/24,14:08:00,"11 Indian Woods Way, Unit 11 ~ Canton",Canton,11 Indian Woods Way,Unit 11,MyMassHome,47,White,White alone,No,West Roxbury,MA,1,0, Single person ,"64,457.00","20,000.00",Yes
310296,1/24/24,15:33:00,"15 Jasmine Drive, Unit 17 ~ West Boylston",West Boylston,15 Jasmine Drive,Unit 17,Real Estate Agent,35,White,White alone,No,Rochdale,MA,1,0, Single person ,"67,932.80","69,987.88",No
310791,1/22/24,15:36:00,18 Old Cedar Village ~ Bridgewater,Bridgewater,18 Old Cedar Village,,MyMassHome,33,"Hispanic or Latino, White",White alone,No,Malden,MA,1,0, Single person ,"61,000.00","45,000.00",Yes
312932,1/31/24,11:00:00,"11 Indian Woods Way, Unit 11 ~ Canton",Canton,11 Indian Woods Way,Unit 11,Real Estate Agent,52,Black or African American,Black or African American alone,No,Hyde Park,MA,2,1, Single parent ,"89,696.00","11,000.00",Yes
314319,1/29/24,14:59:00,"15 Jasmine Drive, Unit 17 ~ West Boylston",West Boylston,15 Jasmine Drive,Unit 17,Zillow/Trulia/Other Website,40,White,White alone,No,Worcester,MA,2,0," Married/partners/couple, no dependents ","48,000.00","9,000.00",Yes
314921,10/21/23,19:05:00,"Groton, 503 Main",Groton,503 Main St,,MyMassHome,44,Choose not to answer,Missing,No,Watertown,MA,2,0, Single person ,"60,000.00",2.00,Yes
317090,5/14/24,15:20:14,"74 Riley Road, Unit 88  ~ Tyngsborough",Tyngsborough,74 Riley Road,Unit 88,Real Estate Agent,31,Asian,Asian alone,No,Nashua,MA,1,0, Single person ,"50,000.00","30,000.00",No
317927,5/25/24,23:10:35,"74 Riley Road, Unit 88  ~ Tyngsborough",Tyngsborough,74 Riley Road,Unit 88,Zillow/Trulia/Other Website,42,Hispanic or Latino,Missing,No,Wenham,MA,3,1," Married/partners/couple, no dependents ","70,000.00",0.00,No
319525,2/2/24,0:00:00,"11 Indian Woods Way, Unit 11 ~ Canton",Canton,11 Indian Woods Way,Unit 11,NA,42,Missing,Missing,,Dorchester,MA,4,3," Married/partners/couple, no dependents ","95,000.00","11,709.00",
319813,3/25/25,12:34:58,18A Longview Circle ~ Ayer,Ayer,18A Longview Circle,,MyMassHome,32,Asian,Asian alone,No,Lowell,MA,2,0," Married/partners/couple, no dependents ","101,624.17","7,500.00",No
322889,3/10/24,14:34:00,"501 Commerce Drive, Unit 4-302 ~ Braintree",Braintree,501 Commerce Drive,Unit 4-302,Real Estate Agent,40,Black or African American,Black or African American alone,No,Boston,MA,2,0," Married/partners/couple, no dependents ","66,000.00","17,925.00",No
322889,3/10/24,14:34:00,"501 Commerce Drive, Unit 4-302 ~ Braintree",Braintree,501 Commerce Drive,Unit 4-302,Real Estate Agent,40,Black or African American,Black or African American alone,No,Boston,MA,2,0," Married/partners/couple, no dependents ","66,000.00","17,925.00",No
322891,5/13/25,8:29:55,1 Lois Lane ~ Townsend,Townsend,1 Lois Lane,,Real Estate Agent,26,White,White alone,No,Littleton,MA,1,0, Single person ,"68,407.57","69,751.68",No
323009,3/13/25,19:37:14,"211 East St., Unit #4, ~ Easthampton",Easthampton,211 East St.,Unit #4,Friend/Word of Mouth,39,"Asian, White",Asian; White,No,Easthampton,MA,2,1, Single parent ,"68,021.00","7,455.66",Yes
323022,8/1/24,11:21:00,24 Haywood Circle ~ Mendon,Mendon,24 Haywood Circle,,Zillow/Trulia/Other Website,66,White,White alone,No,Mendon,MA,1,0, Single person ,"43,800.00","324,000.00",No
323959,3/11/24,16:29:00,39 Swifts Beach Road ~ Wareham,Warehem,39 Swifts Beach Road,,Zillow/Trulia/Other Website,42,Choose not to answer,Missing,No,Braintree,MA,3,0," More than one related adults, with dependents ","68,000.00","10,000.00",No
325099,6/1/24,17:13:54,"14 Caspian Way, Unit 23 ~ Leominster",Leominster,14 Caspian Way,Unit 23,MyMassHome,45,"Black or African American, White",Black or African American; White,Yes,Hudson,MA,4,2, Single parent ,"76,752.00","2,260.89",Yes
326843,8/9/24,20:31:06,8 Kayak Trail ~ Norton,Norton,8 Kayak Trail,,Zillow/Trulia/Other Website,26,White,White alone,No,Rehoboth,MA,1,0, Single person ,"50,000.00","28,145.00",No
327325,3/18/25,16:44:12,"211 East St., Unit #4, ~ Easthampton",Easthampton,211 East St.,Unit #4,Zillow/Trulia/Other Website,25,White,White alone,No,Easthampton,MA,6,1," Married/partners/couple, no dependents ","131,000.00","34,000.00",Yes
328174,6/3/24,12:18:38,"14 Caspian Way, Unit 23 ~ Leominster",Leominster,14 Caspian Way,Unit 23,Zillow/Trulia/Other Website,34,Asian,Asian alone,No,Worcester,MA,2,1, Single parent ,"71,000.00","18,000.00",No
329998,5/29/24,9:12:37,"14 Caspian Way, Unit 23 ~ Leominster",Leominster,14 Caspian Way,Unit 23,Zillow/Trulia/Other Website,49,Hispanic or Latino,Missing,No,Foxboro,MA,1,0, Single person ,"61,799.78","37,338.39",No
330554,7/29/24,10:48:56,1 Millbrook Lane Unit 213 ~ Wakefield,Wakefield,1 Millbrook Lane Unit 213,,Real Estate Agent,47,"Hispanic or Latino, Native American or Alaskan Native",Hispanic or Latino; American Indian and Alaska Native,Yes,Revere,MA,2,0," Married/partners/couple, no dependents ","38,400.00","221,612.45",No
331609,2/28/24,12:32:00,"501 Commerce Drive, Unit 4-302 ~ Braintree",Braintree,501 Commerce Drive,Unit 4-302,Real Estate Agent,47,Black or African American,Black or African American alone,No,Dorchester,MA,1,0, Single person ,"44,000.00","12,500.00",Yes
331609,2/28/24,12:32:00,"501 Commerce Drive, Unit 4-302 ~ Braintree",Braintree,501 Commerce Drive,Unit 4-302,Real Estate Agent,47,Black or African American,Black or African American alone,No,Dorchester,MA,1,0, Single person ,"44,000.00","12,500.00",Yes
331609,2/28/24,12:32:00,"501 Commerce Drive, Unit 4-302 ~ Braintree",Braintree,501 Commerce Drive,Unit 4-302,Real Estate Agent,47,Black or African American,Black or African American alone,No,Dorchester,MA,1,0, Single person ,"44,000.00","12,500.00",Yes
333090,5/19/24,22:28:59,27 Meeting House Lane ~ Southborough,Southborough,27 Meeting House Lane,,MyMassHome,54,Asian,Asian alone,No,Belmont,MA,4,0," Married/partners/couple, no dependents ","59,328.00","55,000.00",No
333718,7/26/24,10:40:48,24 Haywood Circle ~ Mendon,Mendon,24 Haywood Circle,,Friend/Word of Mouth,26,White,White alone,No,Hopedale,MA,1,0, Single person ,"50,000.00",0.00,No
336451,10/30/23,22:04:00,North Andover Unit 109,North Andover,, Unit 109,Real Estate Agent,27,White,White alone,No,Wilmington,MA,1,0, Single person ,"64,688.00","37,692.87",No
342865,5/31/24,16:06:26,"14 Caspian Way, Unit 23 ~ Leominster",Leominster,14 Caspian Way,Unit 23,Real Estate Agent,27,White,White alone,Yes,Lancaster,MA,1,0, Single person ,"64,000.00","6,000.00",No
344605,8/6/24,14:48:25,8 Kayak Trail ~ Norton,Norton,8 Kayak Trail,,MyMassHome,30,Hispanic or Latino,Missing,No,Mansfield,MA,4,3, Single person ,"90,330.00","30,145.00",No
347073,12/7/23,23:46:00,West Boylston - 103 Afra Drive Unit 51,West Boylston,103 Afra Drive,Unit 51,MyMassHome,55,Black or African American,Black or African American alone,No,Belmont,MA,3,1, Single parent ,"75,416.00",0.00,Yes
347073,1/16/24,22:47:00,"15 Jasmine Drive, Unit 17 ~ West Boylston",West Boylston,15 Jasmine Drive,Unit 17,MyMassHome,55,Black or African American,Black or African American alone,No,Belmont,MA,2,1, Single parent ,"52,416.00",0.00,Yes
347669,1/19/25,22:17:08,72 Buttercup Lane ~ Grafton,Grafton,72 Buttercup Lane,,Zillow/Trulia/Other Website,37,Asian,Asian alone,No,Milford,MA,4,2," Married/partners/couple, no dependents ","52,000.00","59,000.00",No
347780,5/23/24,10:44:39,"74 Riley Road, Unit 88  ~ Tyngsborough",Tyngsborough,74 Riley Road,Unit 88,MyMassHome,33,"Hispanic or Latino, White",White alone,No,Lowell,MA,2,1, Single parent ,"51,627.20",0.00,Yes
348350,8/5/24,19:39:34,8 Kayak Trail ~ Norton,Norton,8 Kayak Trail,,Real Estate Agent,31,Black or African American,Black or African American alone,No,Brockton,MA,1,0, Single person ,"56,220.87","98,000.00",No
348923,4/23/25,10:32:56,27 Meetinghouse Road ~ Norfolk (age restricted),Norfolk,27 Meetinghouse Road,,MyMassHome,69,Black or African American,Black or African American alone,No,Boston,MA,1,0, Single person ,"68,640.00","14,793.70",Yes
349498,3/8/24,16:01:00,39 Swifts Beach Road ~ Wareham,Warehem,39 Swifts Beach Road,,Zillow/Trulia/Other Website,34,"Black or African American, Hispanic or Latino",Black or African American,No,Middletown,MA,1,0, Single person ,"66,560.00","15,430.99",Yes
349842,8/5/24,12:29:42,8 Kayak Trail ~ Norton,Norton,8 Kayak Trail,,MyMassHome,38,"Black or African American, Hispanic or Latino",Black or African American,No,Hyde Park,MA,3,2, Single person ,"84,000.00","22,000.00",Yes
350276,4/15/24,10:34:00,"100 Franklin Street, #A1 ~ Whitman",Whitman ,100 Franklin Street,#A1,Real Estate Agent,30,"Black or African American, Native American or Alaskan Native",Black or African American; American Indian and Alaska Native,No,Taunton,MA,1,0, Single person ,"50,000.00",0.00,Yes
351702,1/26/24,16:13:00,"15 Jasmine Drive, Unit 17 ~ West Boylston",West Boylston,15 Jasmine Drive,Unit 17,Zillow/Trulia/Other Website,24,"Hispanic or Latino, White",White alone,No,Lincoln,MA,1,0, Single person ,"44,720.00","17,368.04",Yes
352214,3/6/24,20:00:00,39 Swifts Beach Road ~ Wareham,Warehem,39 Swifts Beach Road,,MyMassHome,34,Hispanic or Latino,Missing,No,Acushnet,MA,3,1," Married/partners/couple, no dependents ","98,235.00","6,800.00",Yes
352542,6/5/24,9:55:50,"105 Metacomet Ave, ~ East Taunton",East Taunton,105 Metacomet Ave,,Real Estate Agent,35,Black or African American,Black or African American alone,No,Quincy,MA,3,1, Single parent ,"66,000.00","3,824.39",Yes
352542,6/5/24,10:13:21,"105 Metacomet Ave, ~ East Taunton",East Taunton,105 Metacomet Ave,,Real Estate Agent,35,Black or African American,Black or African American alone,No,Quincy,MA,3,1, Single parent ,"66,000.00","3,824.39",Yes
355052,9/3/24,16:31:42,"248 Main Street, 204 ~ Hudson (55+)",Hudson,248 Main Street,204,MyMassHome,74,White,White alone,Yes,Osterville,MA,1,0, Single person ,"11,452.92",0.00,No
355052,3/26/25,18:40:06,"250 Main Street, Unit 211B ~ Hudson (age restricted)",Hudson,250 Main Street,Unit 211B,MyMassHome,74,Choose not to answer,Missing,Yes,Hudson,MA,1,0, Single person ,"13,149.84","212,517.00",No
355077,11/5/23,20:14:00,North Andover Unit 109,North Andover,, Unit 109,Zillow/Trulia/Other Website,46,White,White alone,No,North Andover,MA,4,2," Married/partners/couple, no dependents ","86,290.00","72,000.00",No
356504,2/7/25,15:57:27,34 Beaver Pond Road ~ Milford,Milford,34 Beaver Pond Road,,Zillow/Trulia/Other Website,35,Hispanic or Latino,Missing,No,Lowell,MA,3,2, Single parent ,"66,000.00","5,000.00",No
360081,5/21/24,16:36:28,"74 Riley Road, Unit 88  ~ Tyngsborough",Tyngsborough,74 Riley Road,Unit 88,Zillow/Trulia/Other Website,24,White,White alone,No,Plaistow,MA,1,0, Single person ,"57,000.00","71,228.48",No
360081,5/21/24,18:13:47,"14 Caspian Way, Unit 23 ~ Leominster",Leominster,14 Caspian Way,Unit 23,Zillow/Trulia/Other Website,24,White,White alone,No,Plaistow,MA,1,0, Single person ,"57,000.00","71,228.48",No
361180,6/20/24,20:41:23,28 Longview Circle ~Ayer,Ayer,28 Longview Circle,,Zillow/Trulia/Other Website,27,White,White alone,No,Westford,MA,1,0, Single person ,"87,381.00","48,767.00",No
362707,8/14/24,7:41:54,59 River Point Drive ~ Ipswich,Ipswich,59 River Point Drive,,Friend/Word of Mouth,45,Choose not to answer,Missing,Yes,Ipswich,MA,2,1, Single parent ,"93,000.00","71,271.66",Yes
364237,1/22/24,13:12:00,18 Old Cedar Village ~ Bridgewater,Bridgewater,18 Old Cedar Village,,Real Estate Agent,46,White,White alone,No,Pembroke,MA,2,1, Single parent ,"73,454.95","74,771.75",No
364237,4/16/24,15:32:00,"100 Franklin Street, #A1 ~ Whitman",Whitman ,100 Franklin Street,#A1,Real Estate Agent,47,White,White alone,No,Pembroke,MA,2,1, Single parent ,"73,454.95","52,976.18",No
365418,2/5/25,15:33:22,34 Beaver Pond Road ~ Milford,Milford,34 Beaver Pond Road,,MyMassHome,37,White,White alone,No,Milford,MA,3,2, Single parent ,"70,725.88","25,350.84",Yes
365418,1/29/25,10:24:37,14 Autumn Lane ~ Northborough,Northborough,14 Autumn Lane,,MyMassHome,37,White,White alone,No,Milford,MA,3,2, Single parent ,"70,725.88","23,715.26",Yes
365418,1/22/25,10:33:38,14 Autumn Lane ~ Northborough,Northborough,14 Autumn Lane,,MyMassHome,37,White,White alone,No,Milford,MA,3,2, Single parent ,"70,725.88","23,715.26",Yes
368290,4/24/25,21:42:52,27 Meetinghouse Road ~ Norfolk (age restricted),Norfolk,27 Meetinghouse Road,,Real Estate Agent,56,White,White alone,No,Roslindale,MA,1,0, Single person ,"17,000.00","260,229.66",No
368862,1/29/25,10:46:34,14 Autumn Lane ~ Northborough,Northborough,14 Autumn Lane,,MyMassHome,57,White,White alone,No,Framingham,MA,3,0," Married/partners/couple, no dependents ","74,010.17","6,500.00",No
369259,6/24/24,10:34:31,28 Longview Circle ~Ayer,Ayer,28 Longview Circle,,Real Estate Agent,45,Hispanic or Latino,Missing,No,LOWELL,MA,0,1, Single parent ,"83,832.59","11,200.00",No
369937,11/1/23,18:39:00,North Andover Unit 109,North Andover,, Unit 109,Real Estate Agent,53,White,White alone,No,Melrose,MA,1,0," Married/partners/couple, no dependents ","45,000.00","72,951.00",No
370810,9/30/24,14:47:17,"1A Lindas Way, Unit 13 ~ Sterling",Sterling,1A Lindas Way,Unit 13,Social Media,32,"Black or African American, Hispanic or Latino",Black or African American,No,Lawrence,MA,2,0," Married/partners/couple, no dependents ","55,000.00","25,000.00",No
370874,8/12/24,16:30:25,8 Kayak Trail ~ Norton,Norton,8 Kayak Trail,,Zillow/Trulia/Other Website,46,Black or African American,Black or African American alone,No,Pawtucket,MA,2,0," Married/partners/couple, no dependents ","79,000.00","62,000.00",No
371888,4/10/24,17:12:00,"100 Franklin Street, #A1 ~ Whitman",Whitman ,100 Franklin Street,#A1,Zillow/Trulia/Other Website,47,White,White alone,No,Rockland,MA,2,1, Single person ,"72,000.00","16,600.00",No
371888,8/8/24,15:17:56,"401 West Center St, F2, ~ West Bridgewater",West Bridgewater,401 West Center St,F2,MyMassHome,47,White,White alone,No,Rockland,MA,2,1, Single parent ,"74,000.00","5,200.00",Yes
372544,2/29/24,12:55:00,"501 Commerce Drive, Unit 4-302 ~ Braintree",Braintree,501 Commerce Drive,Unit 4-302,City of Boston Metrolist,37,White,White alone,No,Stoughton,MA,1,0, Single person ,"75,000.00","8,500.00",No
372544,2/29/24,12:55:00,"501 Commerce Drive, Unit 4-302 ~ Braintree",Braintree,501 Commerce Drive,Unit 4-302,City of Boston Metrolist,37,White,White alone,No,Stoughton,MA,1,0, Single person ,"75,000.00","8,500.00",No
372544,2/29/24,12:55:00,"501 Commerce Drive, Unit 4-302 ~ Braintree",Braintree,501 Commerce Drive,Unit 4-302,City of Boston Metrolist,37,White,White alone,No,Stoughton,MA,1,0, Single person ,"75,000.00","8,500.00",No
373220,9/30/24,7:33:50,16 Cobblestone Way ~ Sandwich,Sandwich,16 Cobblestone Way,,Zillow/Trulia/Other Website,32,Hispanic or Latino,Missing,No,Pocasset,MA,4,2," Married/partners/couple, no dependents ","91,870.00","21,559.00",No
373276,11/5/23,16:04:00,North Andover Unit 109,North Andover,, Unit 109,Real Estate Agent,61,White,White alone,No,Andover,MA,1,0, Single person ,"49,920.00","52,640.49",No
374925,6/17/24,11:11:17,42 Pine Street ~ Newton,Newton,42 Pine Street,,MyMassHome,39,White,White alone,No,Malden,MA,3,1," Married/partners/couple, no dependents ","102,833.00","73,510.55",No
375962,5/20/24,11:44:21,"74 Riley Road, Unit 88  ~ Tyngsborough",Tyngsborough,74 Riley Road,Unit 88,Zillow/Trulia/Other Website,28,White,White alone,No,Tyngsboro,MA,4,2," Married/partners/couple, no dependents ","96,000.00",0.00,No
376948,5/17/24,18:28:08,27 Meeting House Lane ~ Southborough,Southborough,27 Meeting House Lane,,Zillow/Trulia/Other Website,31,White,White alone,No,Southborough,MA,1,0, Single person ,"51,510.00","61,707.33",No
379627,7/22/24,19:07:40,24 Haywood Circle ~ Mendon,Mendon,24 Haywood Circle,,Zillow/Trulia/Other Website,29,Hispanic or Latino,Missing,No,Lowell,MA,5,3," Married/partners/couple, no dependents ","30,000.00",0.00,Yes
380499,5/15/24,12:36:29,"74 Riley Road, Unit 88  ~ Tyngsborough",Tyngsborough,74 Riley Road,Unit 88,Real Estate Agent,43,Hispanic or Latino,Missing,No,Lowell,MA,4,2," Married/partners/couple, no dependents ","85,000.00",30.00,Yes
380499,5/15/24,21:44:57,"74 Riley Road, Unit 88  ~ Tyngsborough",Tyngsborough,74 Riley Road,Unit 88,Real Estate Agent,43,Hispanic or Latino,Missing,No,Lowell,MA,4,2," Married/partners/couple, no dependents ","85,000.00",28.00,Yes
380499,5/15/24,21:49:31,"74 Riley Road, Unit 88  ~ Tyngsborough",Tyngsborough,74 Riley Road,Unit 88,Real Estate Agent,43,Hispanic or Latino,Missing,No,Lowell,MA,4,2," Married/partners/couple, no dependents ","85,000.00",28.00,Yes
380499,5/17/24,14:10:01,"74 Riley Road, Unit 88  ~ Tyngsborough",Tyngsborough,74 Riley Road,Unit 88,Real Estate Agent,43,Hispanic or Latino,Missing,No,Lowell,MA,4,2," Married/partners/couple, no dependents ","85,000.00",28.00,Yes
381744,9/17/24,15:19:35,178 Cortland Drive ~ North Andover,North Andover,178 Cortland Drive,,Zillow/Trulia/Other Website,55,Asian,Asian alone,No,Lawrence,MA,3,0," Married/partners/couple, no dependents ","58,716.00","120,000.00",No
383181,7/30/24,9:55:01,24 Haywood Circle ~ Mendon,Mendon,24 Haywood Circle,,Zillow/Trulia/Other Website,34,Black or African American,Black or African American alone,No,Woodstock,MA,4,2," Married/partners/couple, no dependents ","90,500.00","40,042.26",Yes
383181,8/12/24,14:59:46,8 Kayak Trail ~ Norton,Norton,8 Kayak Trail,,MyMassHome,34,Black or African American,Black or African American alone,No,Woodstock,MA,4,2," Married/partners/couple, no dependents ","96,298.33","40,042.26",Yes
383181,9/30/24,13:17:01,"1A Lindas Way, Unit 13 ~ Sterling",Sterling,1A Lindas Way,Unit 13,MyMassHome,34,Black or African American,Black or African American alone,No,Woodstock,MA,4,2," Married/partners/couple, no dependents ","90,500.00","42,627.25",Yes
388714,6/16/24,18:07:36,"105 Metacomet Ave, ~ East Taunton",East Taunton,105 Metacomet Ave,,Real Estate Agent,57,"Black or African American, White",Black or African American; White,No,Brockton,MA,5,1," Married/partners/couple, no dependents ","88,000.00","19,552.72",Yes
389283,4/16/24,8:08:00,"100 Franklin Street, #A1 ~ Whitman",Whitman ,100 Franklin Street,#A1,Real Estate Agent,72,"Asian, Pacific Islander or Native Hawaiian",Asian; Native Hawaiian or Other Pacific Islander,Choose not to answer,Braintree,MA,3,0," More than one related adults, with dependents ","83,392.00","66,738.00",No
392442,2/4/24,20:12:00,"11 Indian Woods Way, Unit 11 ~ Canton",Canton,11 Indian Woods Way,Unit 11,MyMassHome,40,"Asian, Pacific Islander or Native Hawaiian",Asian; Native Hawaiian or Other Pacific Islander,No,Quincy,MA,4,2," Married/partners/couple, no dependents ","81,000.00","35,000.00",Yes
393223,6/1/24,23:04:58,"14 Caspian Way, Unit 23 ~ Leominster",Leominster,14 Caspian Way,Unit 23,Real Estate Agent,27,White,White alone,No,Gardner,MA,2,0," Married/partners/couple, no dependents ","66,907.00","20,000.00",No
394990,7/17/24,15:45:27,1 Millbrook Lane Unit 213 ~ Wakefield,Wakefield,1 Millbrook Lane Unit 213,,Real Estate Agent,64,White,White alone,No,hudson,ma,3,2, Single parent ,"4,875.50","118,746.00",No
394997,5/21/24,23:26:49,27 Meeting House Lane ~ Southborough,Southborough,27 Meeting House Lane,,MyMassHome,38,Hispanic or Latino,Missing,No,Worcester,MA,4,2," Married/partners/couple, no dependents ","55,000.00",15.00,No
394997,5/23/24,9:48:21,"74 Riley Road, Unit 88  ~ Tyngsborough",Tyngsborough,74 Riley Road,Unit 88,MyMassHome,38,Hispanic or Latino,Missing,No,Worcester,MA,4,2," Married/partners/couple, no dependents ","55,000.00","15,000.00",No
394997,5/29/24,18:07:13,"14 Caspian Way, Unit 23 ~ Leominster",Leominster,14 Caspian Way,Unit 23,MyMassHome,38,Hispanic or Latino,Missing,No,Worcester,MA,4,2," Married/partners/couple, no dependents ","56,000.00","15,000.00",No
394997,6/11/24,8:51:43,42 Pine Street ~ Newton,Newton,42 Pine Street,,MyMassHome,38,Hispanic or Latino,Missing,No,Worcester,MA,4,2," Married/partners/couple, no dependents ","56,000.00","15,000.00",No
394997,7/25/24,9:14:02,24 Haywood Circle ~ Mendon,Mendon,24 Haywood Circle,,Social Media,38,Hispanic or Latino,Missing,No,Worcester,MA,4,2," Married/partners/couple, no dependents ","56,000.00",56.00,No
394997,8/1/24,8:07:56,24 Haywood Circle ~ Mendon,Mendon,24 Haywood Circle,,MyMassHome,38,Hispanic or Latino,Missing,No,Worcester,MA,4,2," Married/partners/couple, no dependents ","56,000.00","56,000.00",No
397189,2/3/25,19:44:12,14 Autumn Lane ~ Northborough,Northborough,14 Autumn Lane,,NA,29,White,White alone,No,Hopkinton,MA,1,0, Single person ,"66,103.00","2,000.00",Yes
398166,1/29/24,15:52:00,"15 Jasmine Drive, Unit 17 ~ West Boylston",West Boylston,15 Jasmine Drive,Unit 17,Zillow/Trulia/Other Website,49,"Hispanic or Latino, White",White alone,Yes,Nashua,NH,1,0, Single person ,"44,866.00","23,788.00",No
398610,3/6/25,13:53:12,13 Dunrobin Circle ~ Methuen,Methuen,13 Dunrobin Circle,,Real Estate Agent,66,White,White alone,No,Methuen,MA,1,0, Single person ,"51,000.00","57,898.00",No
399577,5/13/24,13:47:18,27 Meeting House Lane ~ Southborough,Southborough,27 Meeting House Lane,,Zillow/Trulia/Other Website,44,White,White alone,No,Hopkinton,MA,1,0, Single person ,"65,608.00","72,728.42",No
399577,5/13/24,15:06:33,27 Meeting House Lane ~ Southborough,Southborough,27 Meeting House Lane,,Zillow/Trulia/Other Website,44,White,White alone,No,Hopkinton,MA,1,0, Single person ,"65,608.00","72,728.42",No
399829,4/25/24,13:58:00,"1 Magnolia Way, Unit 6 ~ Edgartown",Edgartown,1 Magnolia Way,Unit 6,Zillow/Trulia/Other Website,39,White,White alone,No,Vineyard Haven,MA,1,0, Single person ,"39,276.00","6,000.00",No
401499,11/9/24,19:33:30,24 Water Wheel Circle ~ Templeton,Templeton,24 Water Wheel Circle,,Real Estate Agent,20,White,White alone,No,Shrewsbury,MA,3,1," Married/partners/couple, no dependents ","70,500.00","2,130.00",No
401708,5/11/24,10:20:37,27 Meeting House Lane ~ Southborough,Southborough,27 Meeting House Lane,,Real Estate Agent,58,Asian,Asian alone,No,Ashland,MA,4,0," Married/partners/couple, no dependents ","84,987.00","70,000.00",No
401716,4/28/24,11:54:00,"1 Magnolia Way, Unit 6 ~ Edgartown",Edgartown,1 Magnolia Way,Unit 6,Friend/Word of Mouth,42,White,White alone,No,Edgartown,MA,1,0, Single person ,"68,515.00","35,587.71",No
402320,1/21/24,15:18:00,13 Coppersmith Way ~ Townsend,Townsend,13 Coppersmith Way ,,Real Estate Agent,25,White,White alone,No,Worcester,MA,1,0, Single person ,"75,000.00",0.00,No
402320,1/21/24,15:23:00,"15 Jasmine Drive, Unit 17 ~ West Boylston",West Boylston,15 Jasmine Drive,Unit 17,Real Estate Agent,25,White,White alone,No,Worcester,MA,1,0, Single person ,"75,000.00",0.00,No
402547,5/28/24,16:43:44,"74 Riley Road, Unit 88  ~ Tyngsborough",Tyngsborough,74 Riley Road,Unit 88,Real Estate Agent,38,Black or African American,Black or African American alone,No,Lowell Massachusetts,MA,1,0," Married/partners/couple, no dependents ","56,543.89","15,000.00",No
402547,5/28/24,16:58:21,"74 Riley Road, Unit 88  ~ Tyngsborough",Tyngsborough,74 Riley Road,Unit 88,Real Estate Agent,38,Black or African American,Black or African American alone,No,Lowell,MA,1,0," Married/partners/couple, no dependents ","56,543.89","15,000.00",No
404993,9/13/24,17:11:02,178 Cortland Drive ~ North Andover,North Andover,178 Cortland Drive,,Zillow/Trulia/Other Website,66,White,White alone,Yes,Myrtle Beach,SC,1,0, Single person ,"28,480.40","3,757.00",No
406132,4/12/24,16:22:00,"100 Franklin Street, #A1 ~ Whitman",Whitman ,100 Franklin Street,#A1,Zillow/Trulia/Other Website,24,Choose not to answer,Missing,No,Brockton,MA,1,0, Single person ,"65,871.00","19,214.00",Yes
406624,1/29/24,11:22:00,"11 Indian Woods Way, Unit 11 ~ Canton",Canton,11 Indian Woods Way,Unit 11,Friend/Word of Mouth,53,White,White alone,No,Northborough,MA,2,0," Married/partners/couple, no dependents ","93,000.00",75.00,No
409409,8/1/24,10:30:05,8 Kayak Trail ~ Norton,Norton,8 Kayak Trail,,Real Estate Agent,44,White,White alone,No,Fall River,MA,3,2, Single person ,"47,135.28","113,973.22",Yes
410038,5/15/24,17:08:42,27 Meeting House Lane ~ Southborough,Southborough,27 Meeting House Lane,,MyMassHome,52,White,White alone,No,Westborough,MA,1,0, Single person ,"62,528.00","28,080.10",Yes
410038,5/23/24,7:30:59,"14 Caspian Way, Unit 23 ~ Leominster",Leominster,14 Caspian Way,Unit 23,MyMassHome,52,White,White alone,No,Westborough,MA,1,0, Single person ,"62,528.00","29,336.00",Yes
411460,6/27/24,15:25:01,28 Longview Circle ~Ayer,Ayer,28 Longview Circle,,MyMassHome,25,White,White alone,No,Fitchburg,MA,2,0," Married/partners/couple, no dependents ","94,326.00","70,000.00",No
411734,1/30/24,9:46:00,"15 Jasmine Drive, Unit 17 ~ West Boylston",West Boylston,15 Jasmine Drive,Unit 17,Social Media,39,White,White alone,No,Lawrence,MA,1,0, Single person ,"59,964.00","64,798.00",No
411734,9/24/24,19:03:32,"1A Lindas Way, Unit 13 ~ Sterling",Sterling,1A Lindas Way,Unit 13,MyMassHome,40,White,White alone,No,Lawrence,MA,1,0, Single person ,"61,463.74","66,854.82",No
412771,4/17/24,5:15:00,"1 Magnolia Way, Unit 6 ~ Edgartown",Edgartown,1 Magnolia Way,Unit 6,Zillow/Trulia/Other Website,31,White,White alone,No,Oak Bluffs,MA,1,0, Single person ,"47,217.00","23,000.00",Yes
413072,1/28/24,8:40:00,"11 Indian Woods Way, Unit 11 ~ Canton",Canton,11 Indian Woods Way,Unit 11,Zillow/Trulia/Other Website,28,Black or African American,Black or African American alone,No,Boston,MA,1,0, Single person ,"75,075.00","19,162.90",Yes
413811,8/3/24,14:32:23,8 Kayak Trail ~ Norton,Norton,8 Kayak Trail,,Friend/Word of Mouth,41,"Hispanic or Latino, White",White alone,No,Stoughton,MA,1,0, Single person ,"61,250.00","50,000.00",No
414864,8/12/24,13:06:04,8 Kayak Trail ~ Norton,Norton,8 Kayak Trail,,MyMassHome,47,White,White alone,No,Swansea,MA,2,0," Married/partners/couple, no dependents ","63,000.00","10,000.00",Yes
416257,1/16/24,13:15:00,13 Coppersmith Way ~ Townsend,Townsend,13 Coppersmith Way ,,MyMassHome,40,"Black or African American, Hispanic or Latino",Black or African American,No,Boston,MA,2,1, Single parent ,"55,033.17","9,500.00",Yes
416257,1/16/24,13:20:00,"15 Jasmine Drive, Unit 17 ~ West Boylston",West Boylston,15 Jasmine Drive,Unit 17,MyMassHome,40,"Black or African American, Hispanic or Latino",Black or African American,No,Boston,MA,2,1, Single parent ,"55,033.17","9,203.00",Yes
416257,1/16/24,13:36:00,18 Old Cedar Village ~ Bridgewater,Bridgewater,18 Old Cedar Village,,MyMassHome,40,"Black or African American, Hispanic or Latino",Black or African American,No,Boston,MA,2,1, Single parent ,"55,033.17","9,203.12",Yes
416257,1/22/24,19:10:00,"11 Indian Woods Way, Unit 11 ~ Canton",Canton,11 Indian Woods Way,Unit 11,MyMassHome,40,"Black or African American, Hispanic or Latino",Black or African American,No,Boston,MA,2,1, Single parent ,"55,033.17","9,000.00",Yes
416277,2/4/25,10:17:31,14 Autumn Lane ~ Northborough,Northborough,14 Autumn Lane,,Zillow/Trulia/Other Website,23,White,White alone,No,Northborough,MA,1,0, Single person ,"65,000.00","18,648.00",No
416648,8/7/24,13:25:49,8 Kayak Trail ~ Norton,Norton,8 Kayak Trail,,Zillow/Trulia/Other Website,35,Choose not to answer,Missing,No,Easton,MA,3,2, Single parent ,"75,971.00","72,000.00",No
419088,2/12/25,12:21:41,34 Beaver Pond Road ~ Milford,Milford,34 Beaver Pond Road,,Zillow/Trulia/Other Website,24,White,White alone,No,Milford,MA,1,0, Single person ,"65,000.00","75,000.00",No
419848,4/25/25,21:02:38,27 Meetinghouse Road ~ Norfolk (age restricted),Norfolk,27 Meetinghouse Road,,Zillow/Trulia/Other Website,58,Black or African American,Black or African American alone,No,Boston,MA,1,0, Single person ,"70,000.00","10,000.00",Yes
419936,1/28/24,18:56:00,"15 Jasmine Drive, Unit 17 ~ West Boylston",West Boylston,15 Jasmine Drive,Unit 17,Real Estate Agent,39,White,White alone,No,Holden,MA,1,0, Single person ,"50,000.00","14,550.00",No
421731,5/5/25,9:07:17,"501 Commerce Drive, 2-110 ~ Braintree",Braintree,501 Commerce Drive,2-110,MyMassHome,52,Choose not to answer,Missing,No,Dedham,MA,1,0, Single person ,"87,000.00","65,000.00",Yes
422005,2/3/24,12:51:00,"11 Indian Woods Way, Unit 11 ~ Canton",Canton,11 Indian Woods Way,Unit 11,Real Estate Agent,29,White,White alone,No,Dedham,MA,1,0, Single person ,"77,000.00","12,000.00",No
423841,6/19/24,22:39:06,42 Pine Street ~ Newton,Newton,42 Pine Street,,Friend/Word of Mouth,44,Black or African American,Black or African American alone,No,Waltham,MA,2,1, Single person ,"75,000.00","30,000.00",Yes
424164,8/2/24,17:47:45,24 Haywood Circle ~ Mendon,Mendon,24 Haywood Circle,,Zillow/Trulia/Other Website,40,Black or African American,Black or African American alone,No,Westborough,MA,5,3," Married/partners/couple, no dependents ","119,000.00","26,000.00",No
424164,8/4/24,11:34:27,8 Kayak Trail ~ Norton,Norton,8 Kayak Trail,,Zillow/Trulia/Other Website,40,Black or African American,Black or African American alone,No,Westborough,MA,5,3," Married/partners/couple, no dependents ","113,215.00","24,500.00",No
424238,5/27/24,12:35:10,"14 Caspian Way, Unit 23 ~ Leominster",Leominster,14 Caspian Way,Unit 23,Zillow/Trulia/Other Website,47,Hispanic or Latino,Missing,No,Fitchburg,MA,2,1, Single parent ,"49,000.00",20.00,Yes
424598,11/6/24,13:40:09,7 Buttercup Lane ~ Grafton,Grafton,7 Buttercup Lane,,MyMassHome,56,White,White alone,No,North Oxford,MA,1,0, Single person ,"65,000.00",0.00,Yes
424994,7/15/24,17:59:26,1 Millbrook Lane Unit 213 ~ Wakefield,Wakefield,1 Millbrook Lane Unit 213 ,,MyMassHome,27,White,White alone,No,Saugus,MA,1,0, Single person ,"50,000.00","54,000.00",Yes
424994,11/13/24,13:02:00,9 Minuteman Lane ~ Westford,Westford,9 Minuteman Lane,,MyMassHome,28,White,White alone,No,Saugus,MA,1,0, Single person ,"55,000.00","53,523.00",Yes
424994,2/10/25,18:21:53,34 Beaver Pond Road ~ Milford,Milford,34 Beaver Pond Road,,MyMassHome,28,White,White alone,Yes,Saugus,MA,1,0, Single person ,"53,000.00","53,623.00",Yes
424994,1/27/25,14:02:19,14 Autumn Lane ~ Northborough,Northborough,14 Autumn Lane,,MyMassHome,28,White,White alone,No,Saugus,MA,1,0, Single person ,"55,000.00","53,550.00",Yes
426120,2/4/25,14:20:08,14 Autumn Lane ~ Northborough,Northborough,14 Autumn Lane,,Real Estate Agent,53,White,White alone,No,Northborough,MA,2,1, Single parent ,"77,579.00","32,263.00",No
427691,8/9/24,17:58:21,59 River Point Drive ~ Ipswich,Ipswich,59 River Point Drive,,Real Estate Agent,33,White,White alone,No,Andover,MA,3,1," Married/partners/couple, no dependents ","109,000.00","22,500.00",Yes
428237,1/22/25,15:49:39,1 Harvest Drive Unit 110 ~ North Andover,North Andover,1 Harvest Drive, Unit 110,Real Estate Agent,26,White,White alone,No,Danvers,MA,1,0, Single person ,"67,781.00","58,764.00",No
428610,2/5/24,13:48:00,"11 Indian Woods Way, Unit 11 ~ Canton",Canton,11 Indian Woods Way,Unit 11,City of Boston Metrolist,47,Choose not to answer,Missing,No,Somerville,MA,1,0, Single person ,"85,000.00","28,000.00",Yes
428705,9/16/24,11:45:43,"110 Dillingham Ave, Unit 105 ~ Falmouth (62+)... (first come, first served)",Falmouth,110 Dillingham Ave,Unit 105,MyMassHome,65,Asian,Asian alone,No,Boston,MA,1,0, Single person ,"68,000.00","223,000.00",No
428711,11/26/24,12:21:31,9 Minuteman Lane ~ Westford,Westford,9 Minuteman Lane,,Zillow/Trulia/Other Website,24,White,White alone,No,Auburn,MA,1,0, Single person ,"42,000.00","62,000.00",No
429158,3/18/25,17:13:50,18A Longview Circle ~ Ayer,Ayer,18A Longview Circle,,Real Estate Agent,35,White,White alone,No,Wilmington ,MA,3,1," Married/partners/couple, no dependents ","84,167.22","34,764.87",No
434528,1/30/24,15:13:00,"11 Indian Woods Way, Unit 11 ~ Canton",Canton,11 Indian Woods Way,Unit 11,City of Boston Metrolist,27,Black or African American,Black or African American alone,No,Boston,MA,2,1, Single parent ,"4,600.00","66,000.00",Yes
435360,3/3/25,14:25:56,13 Dunrobin Circle ~ Methuen,Methuen,13 Dunrobin Circle,,Real Estate Agent,62,White,White alone,No,Haverhill,MA,1,0, Single person ,"35,832.61","166,811.00",No
435720,1/24/24,17:12:00,"15 Jasmine Drive, Unit 17 ~ West Boylston",West Boylston,15 Jasmine Drive,Unit 17,Real Estate Agent,38,Hispanic or Latino,Missing,No,Westborough,MA,4,3, Single parent ,"85,161.60",0.00,No
438952,6/15/24,12:21:02,"105 Metacomet Ave, ~ East Taunton",East Taunton,105 Metacomet Ave,,Real Estate Agent,37,Black or African American,Black or African American alone,No,Raynham,MA,3,1," Married/partners/couple, with dependents ","64,000.00","15,400.00",No
440452,5/28/24,11:36:48,"14 Caspian Way, Unit 23 ~ Leominster",Leominster,14 Caspian Way,Unit 23,MyMassHome,43,White,White alone,No,Oxford,MA,1,0, Single person ,"65,000.00","21,000.00",Yes
441853,11/6/23,14:02:00,North Andover Unit 109,North Andover,, Unit 109,MyMassHome,29,White,White alone,No,Scituate,MA,1,0, Single person ,"54,000.00","39,000.00",Yes
441853,1/29/24,16:04:00,"15 Jasmine Drive, Unit 17 ~ West Boylston",West Boylston,15 Jasmine Drive,Unit 17,MyMassHome,29,White,White alone,No,Scituate,MA,1,0, Single person ,"54,000.00","45,000.00",Yes
441853,3/5/24,14:41:00,"501 Commerce Drive, Unit 4-302 ~ Braintree",Braintree,501 Commerce Drive,Unit 4-302,MyMassHome,30,White,White alone,No,Scituate,MA,1,0, Single person ,"54,000.00","49,000.00",Yes
441853,3/5/24,14:41:00,"501 Commerce Drive, Unit 4-302 ~ Braintree",Braintree,501 Commerce Drive,Unit 4-302,MyMassHome,30,White,White alone,No,Scituate,MA,1,0, Single person ,"54,000.00","49,000.00",Yes
441853,3/21/24,18:38:00,"170 Haverhill Street, #117 ~ Andover",Andover ,170 Haverhill Street,#117,MyMassHome,30,White,White alone,No,Scituate,MA,1,0, Single person ,"54,000.00","48,000.00",Yes
443029,8/2/24,11:02:35,"401 West Center St, F2, ~ West Bridgewater",West Bridgewater,401 West Center St,F2,Zillow/Trulia/Other Website,33,Black or African American,Black or African American alone,No,Brockton,MA,3,2, Single parent ,"63,457.00","16,684.00",No
443617,12/11/23,12:17:00,West Boylston - 103 Afra Drive Unit 51,West Boylston,103 Afra Drive,Unit 51,Real Estate Agent,61,White,White alone,No,Upton,MA,4,1," More than one related adults, with dependents ","52,307.00","259,000.00",Yes
444057,9/26/24,22:02:00,16 Cobblestone Way ~ Sandwich,Sandwich,16 Cobblestone Way,,Friend/Word of Mouth,31,Black or African American,Black or African American alone,No,Harwich,MA,1,0, Single person ,"63,292.00",0.00,No
445280,9/14/24,11:47:32,178 Cortland Drive ~ North Andover,North Andover,178 Cortland Drive,,Real Estate Agent,66,Asian,Asian alone,No,Atkinson,NH,2,0," Married/partners/couple, no dependents ","67,199.00","46,000.00",No
447389,2/4/24,15:21:00,"11 Indian Woods Way, Unit 11 ~ Canton",Canton,11 Indian Woods Way,Unit 11,MyMassHome,65,White,White alone,No,Plainville,MA,1,0, Single person ,"49,348.00","291,000.00",No
447647,6/24/24,16:22:27,42 Pine Street ~ Newton,Newton,42 Pine Street,,MyMassHome,24,White,White alone,No,Needham,MA,1,0, Single person ,"88,000.00","50,006.18",No
447880,1/15/24,18:03:00,13 Coppersmith Way ~ Townsend,Townsend,13 Coppersmith Way ,,Zillow/Trulia/Other Website,32,White,White alone,No,Ayer,MA,1,0, Single person ,"65,312.00","21,950.00",No
447880,1/29/24,6:36:00,"15 Jasmine Drive, Unit 17 ~ West Boylston",West Boylston,15 Jasmine Drive,Unit 17,MyMassHome,32,White,White alone,No,Ayer,MA,1,0, Single person ,"65,312.00","22,772.00",No
448176,3/10/25,10:26:57,"211 East St., Unit #4, ~ Easthampton",Easthampton,211 East St.,Unit #4,MyMassHome,27,White,White alone,No,Easthampton,MA,2,1, Single parent ,"58,039.24","2,169.81",No
449054,8/30/24,19:03:33,"12 Rebecca Way, Unit 9 ~ Methuen (55+)",Methuen,12 Rebecca Way,Unit 9,MyMassHome,77,White,White alone,No,Methuen,MA,1,0, Single person ,"47,906.71","43,104.44",No
449422,8/8/24,13:07:09,59 River Point Drive ~ Ipswich,Ipswich,59 River Point Drive,,Real Estate Agent,35,White,White alone,Yes,Saugus,MA,1,0, Single person ,"65,345.00","36,302.15",No
452219,2/5/24,20:17:00,"11 Indian Woods Way, Unit 11 ~ Canton",Canton,11 Indian Woods Way,Unit 11,Real Estate Agent,47,"Hispanic or Latino, White",White alone,No,Taunton,MA,2,0," Married/partners/couple, no dependents ","69,000.00","149,699.00",Yes
455151,9/16/24,21:35:31,178 Cortland Drive ~ North Andover,North Andover,178 Cortland Drive,,Real Estate Agent,77,Hispanic or Latino,Missing,No,North Andover,MA,1,0, Single person ,"27,117.60","380,000.00",No
455226,3/2/24,18:19:00,39 Swifts Beach Road ~ Wareham,Warehem,39 Swifts Beach Road,,MyMassHome,34,Hispanic or Latino,Missing,No,Acushnet,MA,3,1," Married/partners/couple, no dependents ","98,000.00","6,800.00",Yes
457683,6/23/24,23:12:13,"33 Intrepid Circle, Unit 305 ~ Marblehead",Marblehead,33 Intrepid Circle,Unit 305,MyMassHome,35,White,White alone,No,Marblehead,MA,5,3," Married/partners/couple, no dependents ","138,000.00","5,000.00",Yes
458143,11/4/24,17:17:59,1205 Albion Road ~ Bedford,Bedford ,1205 Albion Road,,MyMassHome,34,Choose not to answer,Missing,No,Tewksbury,MA,1,0, Single person ,"75,732.80","75,000.00",Yes
458150,12/2/24,19:23:04,9 Minuteman Lane ~ Westford,Westford,9 Minuteman Lane,,Zillow/Trulia/Other Website,29,Hispanic or Latino,Missing,No,Methuen,MA,3,1," Married/partners/couple, no dependents ","80,640.00","1,000.00",Yes
458383,6/13/24,17:56:34,42 Pine Street ~ Newton,Newton,42 Pine Street,,MyMassHome,57,White,White alone,No,Waltham,MA,6,4," Married/partners/couple, no dependents ","86,000.00","47,000.00",Yes
458383,6/14/24,15:33:13,42 Pine Street ~ Newton,Newton,42 Pine Street,,MyMassHome,57,White,White alone,No,Waltham,MA,6,4," Married/partners/couple, no dependents ","86,000.00","47,000.00",Yes
458383,6/19/24,3:56:31,28 Longview Circle ~Ayer,Ayer,28 Longview Circle,,MyMassHome,57,Middle Eastern or North African,White alone,No,Waltham,MA,6,4," Married/partners/couple, no dependents ","86,000.00","47,000.00",Yes
459184,6/27/24,8:33:08,28 Longview Circle ~Ayer,Ayer,28 Longview Circle,,Zillow/Trulia/Other Website,49,Hispanic or Latino,Missing,No,Lowell,MA,2,0," Married/partners/couple, no dependents ","96,000.00",0.00,No
460085,2/18/25,17:59:16,9 Adams Court ~ Hingham,Hingham,9 Adams Court,,MyMassHome,28,Asian,Asian alone,No,Boston,MA,1,0, Single person ,"90,596.00","51,023.70",No
460711,4/3/24,12:22:00,"100 Franklin Street, #A1 ~ Whitman",Whitman ,100 Franklin Street ,#A1,MyMassHome,26,White,White alone,No,Quincy,MA,6,0," More than one related adults, no dependents ","64,415.96","14,667.27",No
461400,6/30/24,13:29:56,28 Longview Circle ~Ayer,Ayer,28 Longview Circle,,Zillow/Trulia/Other Website,28,White,White alone,No,Shrewsbury,MA,2,0," Married/partners/couple, no dependents ","95,000.00","38,000.00",No
461400,7/1/24,12:20:02,28 Longview Circle ~Ayer,Ayer,28 Longview Circle,,Zillow/Trulia/Other Website,28,White,White alone,No,Shrewsbury,MA,2,0," Married/partners/couple, no dependents ","95,000.00","38,000.00",No
462978,5/23/24,16:44:15,"74 Riley Road, Unit 88  ~ Tyngsborough",Tyngsborough,74 Riley Road,Unit 88,Real Estate Agent,45,Black or African American,Black or African American alone,No,Lowell,MA,4,3, Single parent ,"75,000.00","5,000.00",Yes
462978,6/30/24,10:25:54,28 Longview Circle ~Ayer,Ayer,28 Longview Circle,,MyMassHome,45,Black or African American,Black or African American alone,No,Lowell,MA,4,3, Single person ,"110,000.00","4,300.00",Yes
463660,5/18/24,9:11:54,"74 Riley Road, Unit 88  ~ Tyngsborough",Tyngsborough,74 Riley Road,Unit 88,MyMassHome,34,Black or African American,Black or African American alone,No,Taunton,MA,2,1, Single parent ,"56,000.00","19,133.02",Yes
463660,5/18/24,9:25:52,27 Meeting House Lane ~ Southborough,Southborough,27 Meeting House Lane,,MyMassHome,34,Black or African American,Black or African American alone,No,Taunton,MA,2,1, Single parent ,"56,200.00","19,133.02",Yes
463660,5/22/24,9:46:30,"14 Caspian Way, Unit 23 ~ Leominster",Leominster,14 Caspian Way,Unit 23,MyMassHome,34,Black or African American,Black or African American alone,No,Taunton,MA,2,1, Single parent ,"56,200.00","18,248.36",Yes
463660,6/10/24,15:57:30,42 Pine Street ~ Newton,Newton,42 Pine Street ,,MyMassHome,34,Black or African American,Black or African American alone,No,Taunton,MA,2,1, Single parent ,"56,200.00","18,000.00",Yes
465266,2/5/24,12:16:00,"11 Indian Woods Way, Unit 11 ~ Canton",Canton,11 Indian Woods Way,Unit 11,Real Estate Agent,33,Black or African American,Black or African American alone,No,Quincy,MA,1,0, Single person ,"72,000.00","31,965.36",Yes
465554,2/16/25,22:43:15,9 Adams Court ~ Hingham,Hingham,9 Adams Court,,MyMassHome,47,"Asian, Middle Eastern or North African",Asian; White,No,Medford,MA,2,1, Single parent ,"97,000.00","35,000.00",Yes
466553,4/12/24,11:40:00,"5 Woodman Way, #308B ~ Newburyport",Newburyport,5 Woodman Way,#308B ,MyMassHome,31,White,White alone,No,Newburyport,MA,1,0, Single person ,"71,000.00","26,937.00",Yes
466553,7/15/24,14:16:41,2 Nancy Anne Lane ~ Merrimac (55+),Merrimac,2 Nancy Anne Lane ,,MyMassHome,32,White,White alone,No,Newburyport,MA,1,0, Single person ,"71,000.00","31,384.00",Yes
466553,7/15/24,14:58:17,1 Millbrook Lane Unit 213 ~ Wakefield,Wakefield,1 Millbrook Lane Unit 213 ,,MyMassHome,32,White,White alone,No,Newburyport,MA,1,0, Single person ,"71,000.00","31,384.00",Yes
466553,8/5/24,13:17:09,59 River Point Drive ~ Ipswich,Ipswich,59 River Point Drive,,MyMassHome,32,White,White alone,No,Newburyport,MA,1,0, Single person ,"71,000.00","33,496.00",Yes
466553,8/28/24,8:00:53,"6 Woodman Way, unit 204A ~ Newburyport",Newburyport,6 Woodman Way,Unit 204A,MyMassHome,32,White,White alone,No,Newburyport,MA,1,0, Single person ,"71,000.00","35,365.00",Yes
466678,1/29/24,9:42:00,"15 Jasmine Drive, Unit 17 ~ West Boylston",West Boylston,15 Jasmine Drive,Unit 17,Zillow/Trulia/Other Website,30,White,White alone,No,Revere,MA,1,0, Single person ,"64,052.00","15,000.00",No
467102,8/5/24,16:20:29,24 Haywood Circle ~ Mendon,Mendon,24 Haywood Circle,,Zillow/Trulia/Other Website,43,White,White alone,Yes,Charlestown,RI,2,0, Other ,"40,191.12","61,100.00",Yes
468240,5/31/24,14:14:35,"14 Caspian Way, Unit 23 ~ Leominster",Leominster,14 Caspian Way,Unit 23,Zillow/Trulia/Other Website,59,White,White alone,No,Clinton,MA,2,1, Single person ,"59,000.00","50,000.00",No
470225,5/21/24,15:24:14,27 Meeting House Lane ~ Southborough,Southborough,27 Meeting House Lane,,Real Estate Agent,52,Hispanic or Latino,Missing,No,Hudson,MA,4,2," Married/partners/couple, no dependents ","61,696.00","88,436.00",No
470225,6/3/24,15:55:23,"14 Caspian Way, Unit 23 ~ Leominster",Leominster,14 Caspian Way,Unit 23,Real Estate Agent,48,Hispanic or Latino,Missing,No,Hudson,MA,4,2," Married/partners/couple, no dependents ","61,696.00","88,436.00",No
470225,6/3/24,16:44:37,"14 Caspian Way, Unit 23 ~ Leominster",Leominster,14 Caspian Way,Unit 23,Real Estate Agent,48,Hispanic or Latino,Missing,No,Hudson,MA,4,2," Married/partners/couple, no dependents ","61,696.00","88,436.00",No
472632,8/11/24,23:33:07,8 Kayak Trail ~ Norton,Norton,8 Kayak Trail,,Real Estate Agent,44,Black or African American,Black or African American alone,No,Boston,MA,2,1, Single parent ,"69,684.00","28,845.85",Yes
472632,5/2/25,10:42:30,"501 Commerce Drive, 2-110 ~ Braintree",Braintree,501 Commerce Drive,2-110,MyMassHome,44,Black or African American,Black or African American alone,No,Boston,MA,2,1, Single parent ,"83,000.00","25,000.00",Yes
473272,1/12/24,16:53:00,18 Old Cedar Village ~ Bridgewater,Bridgewater,18 Old Cedar Village,,City of Boston Metrolist,33,Black or African American,Black or African American alone,No,Boston,MA,1,0, Single person ,"62,281.00","12,814.00",Yes
473583,1/17/24,12:55:00,18 Old Cedar Village ~ Bridgewater,Bridgewater,18 Old Cedar Village,,Friend/Word of Mouth,55,White,White alone,No,Bridgewater,Ma,1,0, Single person ,"96,776.00","38,560.00",No
476111,3/24/25,17:16:46,18A Longview Circle ~ Ayer,Ayer,18A Longview Circle,,Real Estate Agent,48,Hispanic or Latino,Missing,No,Revere,MA,3,2, Single parent ,"79,040.00","50,408.00",Yes
476871,7/23/24,20:27:57,1 Millbrook Lane Unit 213 ~ Wakefield,Wakefield,1 Millbrook Lane Unit 213,,Friend/Word of Mouth,28,White,White alone,No,Melrose,MA,1,0, Single person ,"58,000.00","16,938.37",No
478186,2/23/24,12:05:00,"501 Commerce Drive, Unit 4-302 ~ Braintree",Braintree,501 Commerce Drive,Unit 4-302,Zillow/Trulia/Other Website,32,White,White alone,No,Marshfield,MA,1,0, Single person ,"60,000.00","20,000.00",Yes
478186,2/23/24,12:05:00,"501 Commerce Drive, Unit 4-302 ~ Braintree",Braintree,501 Commerce Drive,Unit 4-302,Zillow/Trulia/Other Website,32,White,White alone,No,Marshfield,MA,1,0, Single person ,"60,000.00","20,000.00",Yes
478186,4/1/24,20:17:00,"100 Franklin Street, #A1 ~ Whitman",Whitman ,100 Franklin Street ,#A1,Zillow/Trulia/Other Website,32,White,White alone,No,Marshfield,MA,1,0, Single person ,"60,000.00","33,691.77",Yes
478470,8/7/24,15:08:55,8 Kayak Trail ~ Norton,Norton,8 Kayak Trail,,Real Estate Agent,40,White,White alone,No,,MA,2,1, Single parent ,"57,000.00","38,868.93",No
478509,8/27/24,15:13:52,"12 Rebecca Way, Unit 9 ~ Methuen (55+)",Methuen,12 Rebecca Way,Unit 9,Real Estate Agent,72,"Native American or Alaskan Native, White",American Indian and Alaska Native; White,Yes,Springfield,MA,2,0," Married/partners/couple, no dependents ","66,142.32","270,000.00",No
478509,9/7/24,20:32:05,178 Cortland Drive ~ North Andover,North Andover,178 Cortland Drive,,Real Estate Agent,72,"Native American or Alaskan Native, White",American Indian and Alaska Native; White,Yes,Springfield,MA,2,0," Married/partners/couple, no dependents ","66,142.32","83,011.33",No
481153,2/16/25,18:05:43,34 Beaver Pond Road ~ Milford,Milford,34 Beaver Pond Road,,MyMassHome,28,White,White alone,No,Peabody,MA,2,0," Married/partners/couple, no dependents ","72,000.00","2,301.75",No
481153,2/3/25,13:31:11,14 Autumn Lane ~ Northborough,Northborough,14 Autumn Lane,,MyMassHome,28,White,White alone,No,Peabody,MA,2,0," Married/partners/couple, no dependents ","67,000.00","1,906.20",No
481153,1/27/25,15:37:36,1 Harvest Drive Unit 110 ~ North Andover,North Andover,1 Harvest Drive, Unit 110,Zillow/Trulia/Other Website,28,White,White alone,No,Peabody,MA,2,0," Married/partners/couple, no dependents ","67,000.00","1,600.00",No
485004,9/5/24,20:56:37,178 Cortland Drive ~ North Andover,North Andover,178 Cortland Drive,,MyMassHome,59,Hispanic or Latino,Missing,No,Southborough,MA,2,1, Single person ,"55,209.00","35,286.00",Yes
487515,6/20/24,11:54:46,28 Longview Circle ~Ayer,Ayer,28 Longview Circle,,MyMassHome,38,White,White alone,No,Watertown,MA,1,0, Single person ,"75,000.00","73,000.00",Yes
487596,2/3/25,18:06:25,"902 Main St. Unit 39 ~ Hanson (first come, first served) (age restricted)",Hanson,902 Main St. ,Unit 39,Zillow/Trulia/Other Website,57,White,White alone,No,Milton,MA,1,0, Single person ,"63,000.00","217,000.00",No
487596,1/28/25,12:10:59,902 Main St. Unit 39 ~ Hanson,Hanson,902 Main St.,Unit 39,Zillow/Trulia/Other Website,57,White,White alone,No,Weymouth,MA,1,0, Single person ,"60,000.00","235,000.00",No
487817,9/17/24,17:02:16,178 Cortland Drive ~ North Andover,North Andover,178 Cortland Drive,,MyMassHome,57,White,White alone,Yes,Lynn,MA,1,0, Single person ,"22,400.00","125,666.70",Yes
491130,8/30/24,10:40:20,"513 Main St, Unit D ~ Groton",Groton,513 Main St,Unit D,Zillow/Trulia/Other Website,37,Hispanic or Latino,Missing,No,Ayer,MA,2,1, Single person ,"5,000.00","5,000.00",No
491130,9/2/24,10:11:01,"513 Main St, Unit D ~ Groton",Groton,513 Main St,Unit D,Social Media,37,Hispanic or Latino,Missing,No,Ayer,MA,2,1, Single parent ,"4,000.00","5,500.00",No
491659,7/1/24,14:27:37,28 Longview Circle ~Ayer,Ayer,28 Longview Circle,,Zillow/Trulia/Other Website,24,White,White alone,No,Townsend,MA,1,0, Single person ,"81,963.00","29,343.00",No
492673,9/16/24,10:17:47,"110 Dillingham Ave, Unit 105 ~ Falmouth (62+)... (first come, first served)",Falmouth,110 Dillingham Ave,Unit 105,Friend/Word of Mouth,0,White,White alone,Yes,East Falmouth,MA,2,0," Married/partners/couple, no dependents ","65,024.00","330,000.00",No
493376,4/12/24,12:33:00,"100 Franklin Street, #A1 ~ Whitman",Whitman ,100 Franklin Street,#A1,MyMassHome,44,White,White alone,No,Taunton,MA,2,1, Single parent ,"61,339.00","17,210.00",No
494491,5/16/24,19:18:54,"74 Riley Road, Unit 88  ~ Tyngsborough",Tyngsborough,74 Riley Road,Unit 88,Real Estate Agent,43,Black or African American,Black or African American alone,No,Lowell,MA,3,2, Single parent ,"56,000.00","35,000.00",No
494956,5/23/24,20:39:34,"14 Caspian Way, Unit 23 ~ Leominster",Leominster,14 Caspian Way,Unit 23,Zillow/Trulia/Other Website,41,Hispanic or Latino,Missing,No,Leominster,MA,4,2," Married/partners/couple, no dependents ","120,000.00","28,500.00",No
495316,7/1/24,10:37:54,28 Longview Circle ~Ayer,Ayer,28 Longview Circle,,MyMassHome,62,White,White alone,No,Ayer,MA,1,0, Single person ,"57,454.68","59,915.43",Yes
499727,4/29/24,16:21:00,"1 Magnolia Way, Unit 6 ~ Edgartown",Edgartown,1 Magnolia Way,Unit 6,NA,28,"Black or African American, White",Black or African American; White,No,Vineyard Haven,MA,1,0, Single person ,"31,000.00","50,000.00",Yes
503964,9/26/24,19:28:34,"1A Lindas Way, Unit 13 ~ Sterling",Sterling,1A Lindas Way,Unit 13,MyMassHome,64,Asian,Asian alone,No,Worcester,MA,2,0, Single person ,"72,084.60","20,000.00",No
506157,10/27/23,12:59:00,"Groton, 503 Main",Groton,503 Main St,,MyMassHome,46,Black or African American,Black or African American alone,No,Bedford,MA,2,0, Single parent ,"58,900.00",650.00,Yes
506440,4/29/24,10:43:00,"1 Magnolia Way, Unit 6 ~ Edgartown",Edgartown,1 Magnolia Way,Unit 6,Friend/Word of Mouth,58,White,White alone,No,Vineyard Haven,MA,3,1," Married/partners/couple, no dependents ","70,000.00",50.00,Yes
506763,3/5/24,16:47:00,"501 Commerce Drive, Unit 4-302 ~ Braintree",Braintree,501 Commerce Drive,Unit 4-302,MyMassHome,29,"Black or African American, White",Black or African American; White,No,Middleboro,MA,1,0, Single person ,"52,000.00","40,000.00",Yes
506763,3/5/24,16:47:00,"501 Commerce Drive, Unit 4-302 ~ Braintree",Braintree,501 Commerce Drive,Unit 4-302,MyMassHome,29,"Black or African American, White",Black or African American; White,No,Middleboro,MA,1,0, Single person ,"52,000.00","40,000.00",Yes
507379,2/25/25,15:52:34,9 Adams Court ~ Hingham,Hingham,9 Adams Court ,,Zillow/Trulia/Other Website,32,Hispanic or Latino,Missing,No,Hingham,MA,2,1, Single parent ,"90,000.00","74,000.00",No
508442,7/26/24,18:43:10,1 Millbrook Lane Unit 213 ~ Wakefield,Wakefield,1 Millbrook Lane Unit 213,,Friend/Word of Mouth,33,White,White alone,No,Woburn,MA,1,0, Single person ,"66,301.00","58,000.00",No
508442,11/26/24,13:09:56,"19 Broad Street, 204 ~ Merrimac",Merrimac,19 Broad Street,204,MyMassHome,34,White,White alone,No,Woburn,MA,3,0, Single person ,"66,304.00","65,000.00",No
508442,11/26/24,13:15:39,9 Minuteman Lane ~ Westford,Westford,9 Minuteman Lane,,MyMassHome,34,White,White alone,No,Woburn,MA,3,0, Single person ,"66,304.00","65,000.00",No
509311,4/2/24,11:28:00,"5 Woodman Way, #308B ~ Newburyport",Newburyport,5 Woodman Way,#308B ,MyMassHome,38,Asian,Asian alone,No,South Hamilton,MA,5,0," More than one related adults, with dependents ","53,000.00","60,000.00",Yes
509311,4/2/24,12:04:00,"100 Franklin Street, #A1 ~ Whitman",Whitman ,100 Franklin Street ,#A1,MyMassHome,38,Asian,Asian alone,No,S. Hamilton,MA,1,0," More than one related adults, with dependents ","53,000.00","60,000.00",Yes
510381,8/7/24,17:33:52,59 River Point Drive ~ Ipswich,Ipswich,59 River Point Drive,,Real Estate Agent,32,White,White alone,No,Medford,MA,1,0, Single person ,"89,000.00","73,000.00",Yes
510742,11/3/23,14:49:00,North Andover Unit 109,North Andover,, Unit 109,Zillow/Trulia/Other Website,66,White,White alone,Yes,Lowell,MA,2,2," Married/partners/couple, no dependents ","53,000.00","53,250.00",No
511609,6/20/24,20:55:30,42 Pine Street ~ Newton,Newton,42 Pine Street,,MyMassHome,25,White,White alone,No,Norwood,MA,1,0, Single person ,"58,175.00","18,598.00",Yes
511885,7/24/24,2:06:23,24 Haywood Circle ~ Mendon,Mendon,24 Haywood Circle,,Real Estate Agent,39,White,White alone,No,Mendon,MA,1,0, Single person ,"56,926.01","60,916.07",Yes
512819,12/4/23,19:42:00,West Boylston - 103 Afra Drive Unit 51,West Boylston,103 Afra Drive,Unit 51,MyMassHome,43,White,White alone,No,Fitchburg,MA,3,2, Single parent ,"54,000.00","7,000.00",Yes
512819,1/16/24,18:22:00,"15 Jasmine Drive, Unit 17 ~ West Boylston",West Boylston,15 Jasmine Drive,Unit 17,MyMassHome,43,Choose not to answer,Missing,No,Fitchburg,MA,3,2, Single parent ,"71,000.00","10,000.00",Yes
513214,2/25/25,0:11:10,9 Adams Court ~ Hingham,Hingham,9 Adams Court,,Zillow/Trulia/Other Website,23,Choose not to answer,Missing,No,Cambridge,MA,1,0, Single person ,"79,350.00","72,021.74",No
514660,11/3/23,16:58:00,"Groton, 503 Main",Groton,503 Main St,,Real Estate Agent,25,White,White alone,No,Lowell,MA,1,0, Single person ,"40,458.83","17,398.68",Yes
514660,11/3/23,17:31:00,North Andover Unit 109,North Andover,, Unit 109,MyMassHome,25,White,White alone,No,Lowell,MA,1,0, Single person ,"40,458.83","17,398.68",Yes
514966,3/4/24,19:41:00,"501 Commerce Drive, Unit 4-302 ~ Braintree",Braintree,501 Commerce Drive,Unit 4-302,Real Estate Agent,43,"Hispanic or Latino, White",White alone,No,East Boston,MA,1,0, Single person ,"77,783.96","64,000.00",Yes
514966,3/4/24,19:41:00,"501 Commerce Drive, Unit 4-302 ~ Braintree",Braintree,501 Commerce Drive,Unit 4-302,Real Estate Agent,43,"Hispanic or Latino, White",White alone,No,East Boston,MA,1,0, Single person ,"77,783.96","64,000.00",Yes
515258,6/22/24,21:06:05,28 Longview Circle ~Ayer,Ayer,28 Longview Circle,,Zillow/Trulia/Other Website,47,Black or African American,Black or African American alone,No,Bedford,MA,4,2, Single parent ,"118,425.00","54,865.00",Yes
515738,5/21/24,16:54:13,27 Meeting House Lane ~ Southborough,Southborough,27 Meeting House Lane,,MyMassHome,62,White,White alone,No,Hopedale,MA,2,0, Single parent ,"82,488.00","70,000.00",No
515738,2/13/25,16:47:56,34 Beaver Pond Road ~ Milford,Milford,34 Beaver Pond Road,,Friend/Word of Mouth,63,White,White alone,No,Hopedale,MA,2,0, Single parent ,"85,568.00","71,549.21",No
515979,5/28/24,13:44:17,"74 Riley Road, Unit 88  ~ Tyngsborough",Tyngsborough,74 Riley Road,Unit 88,Zillow/Trulia/Other Website,63,Hispanic or Latino,Missing,No,Lowell,MA,1,0, Single person ,"59,900.00","48,000.00",Yes
517819,8/14/24,12:46:12,59 River Point Drive ~ Ipswich,Ipswich,59 River Point Drive,,MyMassHome,33,White,White alone,No,Saugus,MA,3,2, Single parent ,"98,000.00",10.00,No
518558,5/26/24,14:28:02,"74 Riley Road, Unit 88  ~ Tyngsborough",Tyngsborough,74 Riley Road,Unit 88,Zillow/Trulia/Other Website,24,White,White alone,No,Chelmsford,MA,2,0," Married/partners/couple, no dependents ","76,960.00","48,700.00",No
519559,2/18/25,15:12:15,23 Buttercup Lane ~ Grafton,Grafton,23 Buttercup Lane,,Zillow/Trulia/Other Website,32,White,White alone,No,Worcester,MA,1,0, Single person ,"58,000.00","12,000.00",No
520448,6/18/24,7:55:10,42 Pine Street ~ Newton,Newton,42 Pine Street,,MyMassHome,44,Black or African American,Black or African American alone,No,Malden,MA,2,1, Single parent ,"85,560.00","85,560.00",Yes
520448,6/18/24,7:58:41,"33 Intrepid Circle, Unit 305 ~ Marblehead",Marblehead,33 Intrepid Circle,Unit 305,MyMassHome,44,Black or African American,Black or African American alone,No,Malden,MA,2,1, Single parent ,"85,560.00","85,560.00",Yes
521091,2/5/24,14:17:00,"11 Indian Woods Way, Unit 11 ~ Canton",Canton,11 Indian Woods Way,Unit 11,Real Estate Agent,53,Black or African American,Black or African American alone,No,Randolph,MA,2,0," More than one related adults, with dependents ","79,017.00","73,782.00",No
521641,3/18/24,14:27:00,1205 Albion Road ~ Bedford,Bedford ,1205 Albion Road,,Zillow/Trulia/Other Website,23,"Asian, Pacific Islander or Native Hawaiian, White",Asian; Native Hawaiian or Other Pacific Islander; White,No,Burlington,MA,1,0, Single person ,"45,760.00","44,800.00",No
524503,2/28/24,15:30:00,"501 Commerce Drive, Unit 4-302 ~ Braintree",Braintree,501 Commerce Drive,Unit 4-302,Real Estate Agent,25,Middle Eastern or North African,White alone,No,Weymouth,MA,1,0, Single person ,"68,000.00","15,000.00",Yes
524503,2/28/24,15:30:00,"501 Commerce Drive, Unit 4-302 ~ Braintree",Braintree,501 Commerce Drive,Unit 4-302,Real Estate Agent,25,Middle Eastern or North African,White alone,No,Weymouth,MA,1,0, Single person ,"68,000.00","15,000.00",Yes
524503,2/28/24,15:30:00,"501 Commerce Drive, Unit 4-302 ~ Braintree",Braintree,501 Commerce Drive,Unit 4-302,Real Estate Agent,25,Middle Eastern or North African,White alone,No,Weymouth,MA,1,0, Single person ,"68,000.00","15,000.00",Yes
524601,6/30/24,19:36:45,28 Longview Circle ~Ayer,Ayer,28 Longview Circle,,Zillow/Trulia/Other Website,27,Hispanic or Latino,Missing,No,Cambridge,MA,2,0," Married/partners/couple, no dependents ","69,000.00","24,158.23",Yes
524616,10/29/23,8:10:00,North Andover Unit 109,North Andover,, Unit 109,Zillow/Trulia/Other Website,27,White,White alone,No,Beverly,MA,1,0, Single person ,"52,000.00","60,000.00",No
527071,5/20/24,13:32:35,27 Meeting House Lane ~ Southborough,Southborough,27 Meeting House Lane,,Zillow/Trulia/Other Website,35,Asian,Asian alone,No,Lowell,MA,5,1," Married/partners/couple, no dependents ","56,000.00","26,577.39",No
527071,5/23/24,10:48:01,"74 Riley Road, Unit 88  ~ Tyngsborough",Tyngsborough,74 Riley Road,Unit 88,Zillow/Trulia/Other Website,35,Asian,Asian alone,No,Lowell,MA,5,1," Married/partners/couple, no dependents ","56,000.00","33,018.57",No
527071,6/12/24,22:41:32,42 Pine Street ~ Newton,Newton,42 Pine Street,,MyMassHome,35,Asian,Asian alone,No,Lowell,MA,5,1," Married/partners/couple, no dependents ","55,000.00","33,548.57",No
528057,8/30/24,14:39:29,"6 Woodman Way, unit 204A ~ Newburyport",Newburyport,6 Woodman Way,Unit 204A,MyMassHome,31,White,White alone,No,Peabody,MA,1,0, Single person ,"85,000.00","53,866.99",Yes
528057,8/31/24,8:45:34,"6 Woodman Way, unit 204A ~ Newburyport",Newburyport,6 Woodman Way,Unit 204A,MyMassHome,31,White,White alone,No,Peabody,MA,1,0, Single person ,"85,000.00","53,866.99",Yes
529170,4/29/25,19:47:58,27 Meetinghouse Road ~ Norfolk (age restricted),Norfolk,27 Meetinghouse Road,,MyMassHome,61,Asian,Asian alone,Yes,Bedford,MA,3,0," Married/partners/couple, no dependents ","42,000.00","8,000.00",Yes
529170,4/29/25,12:15:26,27 Meetinghouse Road ~ Norfolk (age restricted),Norfolk,27 Meetinghouse Road,,MyMassHome,61,Asian,Asian alone,Yes,Bedford,MA,3,0," Married/partners/couple, no dependents ","30,000.00","8,000.00",No
529658,2/14/25,13:03:28,34 Beaver Pond Road ~ Milford,Milford,34 Beaver Pond Road,,Friend/Word of Mouth,27,White,White alone,No,Franklin,MA,1,0, Single person ,"39,645.00","74,988.00",No
530298,1/19/24,9:54:00,18 Old Cedar Village ~ Bridgewater,Bridgewater,18 Old Cedar Village,,Real Estate Agent,44,White,White alone,No,Taunton,MA,2,0," Married/partners/couple, no dependents ","69,168.00","14,969.00",Yes
530839,5/20/24,12:58:47,27 Meeting House Lane ~ Southborough,Southborough,27 Meeting House Lane,,Zillow/Trulia/Other Website,38,Asian,Asian alone,No,Southborough,MA,2,1, Single parent ,"43,616.00","46,000.00",No
530839,1/31/25,7:42:38,14 Autumn Lane ~ Northborough,Northborough,14 Autumn Lane,,Friend/Word of Mouth,39,Asian,Asian alone,No,Southborough,MA,2,1, Single parent ,"40,000.00","45,925.00",Yes
530839,1/31/25,7:36:53,14 Autumn Lane ~ Northborough,Northborough,14 Autumn Lane,,Friend/Word of Mouth,39,Asian,Asian alone,No,Southborough,MA,2,1, Single parent ,"40,000.00","45,925.00",Yes
531159,11/29/23,19:07:00,West Boylston - 103 Afra Drive Unit 51,West Boylston,103 Afra Drive,Unit 51,Friend/Word of Mouth,40,Black or African American,Black or African American alone,No,Worcester,MA,5,3," Married/partners/couple, no dependents ","64,386.00","1,854.28",No
531159,1/17/24,16:04:00,"15 Jasmine Drive, Unit 17 ~ West Boylston",West Boylston,15 Jasmine Drive,Unit 17,Friend/Word of Mouth,40,Black or African American,Black or African American alone,No,Worcester,MA,5,3," Married/partners/couple, no dependents ","60,000.00",0.00,No
531159,1/17/24,16:31:00,"15 Jasmine Drive, Unit 17 ~ West Boylston",West Boylston,15 Jasmine Drive,Unit 17,Friend/Word of Mouth,40,Black or African American,Black or African American alone,No,Worcester,MA,5,3," Married/partners/couple, no dependents ","63,386.00",0.00,No
532416,6/2/24,15:04:38,"14 Caspian Way, Unit 23 ~ Leominster",Leominster,14 Caspian Way,Unit 23,Zillow/Trulia/Other Website,43,Hispanic or Latino,Missing,No,Rutland,Ma,3,2, Single person ,"70,000.00","30,000.00",No
533347,9/29/24,13:54:17,"1A Lindas Way, Unit 13 ~ Sterling",Sterling,1A Lindas Way,Unit 13,Friend/Word of Mouth,41,White,White alone,No,Clinton,MA,1,0, Single person ,"50,000.00","52,000.00",Yes
534001,2/23/24,10:48:00,"501 Commerce Drive, Unit 4-302 ~ Braintree",Braintree,501 Commerce Drive,Unit 4-302,MyMassHome,34,"Asian, Pacific Islander or Native Hawaiian",Asian; Native Hawaiian or Other Pacific Islander,No,Quincy,MA,1,0, Single person ,"55,000.00","70,000.00",Yes
534001,2/23/24,10:48:00,"501 Commerce Drive, Unit 4-302 ~ Braintree",Braintree,501 Commerce Drive,Unit 4-302,MyMassHome,34,"Asian, Pacific Islander or Native Hawaiian",Asian; Native Hawaiian or Other Pacific Islander,No,Quincy,MA,1,0, Single person ,"55,000.00","70,000.00",Yes
534001,2/14/25,13:17:18,9 Adams Court ~ Hingham,Hingham,9 Adams Court,,MyMassHome,35,Asian,Asian alone,No,Quincy,MA,1,0, Single person ,"70,000.00","74,000.00",Yes
534913,8/23/24,15:09:56,"12 Rebecca Way, Unit 9 ~ Methuen (55+)",Methuen,12 Rebecca Way,Unit 9,MyMassHome,58,Hispanic or Latino,Missing,No,North Andover,MA,3,0, Single person ,"73,000.00","23,000.00",No
534958,1/15/25,8:39:02,1 Harvest Drive Unit 110 ~ North Andover,North Andover,1 Harvest Drive , Unit 110,MyMassHome,30,White,White alone,No,Lynn,MA,3,0, Single person ,"63,537.00","6,180.00",Yes
534958,2/18/25,12:07:47,34 Beaver Pond Road ~ Milford,Milford,34 Beaver Pond Road,,MyMassHome,30,White,White alone,No,Lynn,MA,1,0, Single person ,"63,537.00","6,963.00",Yes
534958,1/15/25,8:39:02,1 Harvest Drive Unit 110 ~ North Andover,North Andover,1 Harvest Drive, Unit 110,MyMassHome,30,White,White alone,No,Lynn,MA,3,0, Single person ,"63,537.00","6,180.00",Yes
535080,4/9/24,21:04:00,"5 Woodman Way, #308B ~ Newburyport",Newburyport,5 Woodman Way,#308B ,MyMassHome,27,Hispanic or Latino,Missing,No,West Newbury,MA,1,0, Single person ,"85,000.00","51,559.78",Yes
536088,5/17/24,18:56:45,27 Meeting House Lane ~ Southborough,Southborough,27 Meeting House Lane,,MyMassHome,40,Choose not to answer,Missing,No,Tewksbury,MA,3,2, Single parent ,"61,605.00","4,400.00",Yes
537091,9/17/24,14:59:16,178 Cortland Drive ~ North Andover,North Andover,178 Cortland Drive,,Zillow/Trulia/Other Website,68,White,White alone,No,Andover,MA,2,0," Married/partners/couple, no dependents ","64,560.00","174,222.00",Yes
537151,1/31/25,19:41:46,14 Autumn Lane ~ Northborough,Northborough,14 Autumn Lane,,Real Estate Agent,39,White,White alone,No,Worcester,MA,1,0, Single person ,"61,393.71","9,160.02",No
537226,4/13/24,13:58:00,"5 Woodman Way, #308B ~ Newburyport",Newburyport,5 Woodman Way,#308B ,MyMassHome,25,Black or African American,Black or African American alone,No,Revere,MA,3,0, Single person ,"75,816.00","17,000.00",Yes
537471,5/16/24,16:19:06,27 Meeting House Lane ~ Southborough,Southborough,27 Meeting House Lane,,MyMassHome,52,White,White alone,No,Saugus,MA,2,1, Single parent ,"61,862.00","50,710.00",Yes
537471,5/16/24,16:37:59,"74 Riley Road, Unit 88  ~ Tyngsborough",Tyngsborough,74 Riley Road,Unit 88,MyMassHome,52,White,White alone,No,Saugus,MA,2,1, Single parent ,"61,862.00","50,710.60",Yes
537471,9/25/24,16:45:49,"1A Lindas Way, Unit 13 ~ Sterling",Sterling,1A Lindas Way,Unit 13,MyMassHome,53,White,White alone,No,Andover,MA,2,1, Single parent ,"65,000.00","42,000.00",Yes
537471,11/21/24,16:38:42,9 Minuteman Lane ~ Westford,Westford,9 Minuteman Lane,,MyMassHome,53,White,White alone,No,Andover,MA,2,1, Single parent ,"63,352.00","35,640.00",Yes
537471,1/27/25,15:26:58,14 Autumn Lane ~ Northborough,Northborough,14 Autumn Lane,,MyMassHome,53,White,White alone,No,Andover,MA,2,1, Single parent ,"61,640.00","50,764.00",Yes
538336,2/29/24,18:38:00,"84 Cocasset Street, Unit B2 ~ Foxborough - (first come, first serve)",Foxborough,84 Cocasset Street,Unit B2 ,Real Estate Agent,32,Black or African American,Black or African American alone,No,Canton,MA,1,0, Single person ,"73,800.00","8,239.00",No
539589,1/22/24,15:36:00,18 Old Cedar Village ~ Bridgewater,Bridgewater,18 Old Cedar Village,,Real Estate Agent,34,"Hispanic or Latino, White",White alone,No,Brockton,MA,2,1, Single parent ,"42,000.00",0.00,No
540161,4/16/24,10:46:00,"100 Franklin Street, #A1 ~ Whitman",Whitman ,100 Franklin Street,#A1,Real Estate Agent,61,White,White alone,No,Rehoboth,MA,1,0, Single person ,"69,888.00","75,000.00",No
541806,3/13/25,14:48:16,13 Dunrobin Circle ~ Methuen,Methuen,13 Dunrobin Circle ,,Real Estate Agent,72,White,White alone,No,Haverhill,MA,1,0, Single person ,"38,063.76","294,418.66",No
542424,7/1/24,10:52:26,28 Longview Circle ~Ayer,Ayer,28 Longview Circle,,Real Estate Agent,40,White,White alone,No,Ashland,MA,4,2," Married/partners/couple, no dependents ","71,000.00","50,000.00",No
542449,2/2/24,12:35:00,"11 Indian Woods Way, Unit 11 ~ Canton",Canton,11 Indian Woods Way,Unit 11,MyMassHome,34,"Black or African American, Hispanic or Latino",Black or African American,No,Boston,MA,2,1, Single parent ,"98,300.00","42,301.17",Yes
542505,8/8/24,13:19:41,59 River Point Drive ~ Ipswich,Ipswich,59 River Point Drive,,Zillow/Trulia/Other Website,39,Hispanic or Latino,Missing,No,Danvers,MA,3,1," Married/partners/couple, no dependents ","120,000.00","11,077.15",Yes
542528,5/31/24,15:20:19,"14 Caspian Way, Unit 23 ~ Leominster",Leominster,14 Caspian Way,Unit 23,Zillow/Trulia/Other Website,59,White,White alone,No,Leominster,MA,1,0, Single person ,"59,059.74","369,394.35",Yes
545392,7/28/24,14:16:32,24 Haywood Circle ~ Mendon,Mendon,24 Haywood Circle,,Real Estate Agent,50,"Asian, White",Asian; White,No,Milford,MA,1,0, Single person ,"72,959.00","60,391.00",No
545818,2/10/25,13:08:17,34 Beaver Pond Road ~ Milford,Milford,34 Beaver Pond Road,,MyMassHome,33,Hispanic or Latino,Missing,No,West Roxbury,MA,3,1," Married/partners/couple, no dependents ","75,000.00","35,000.00",Yes
547306,6/13/24,14:56:44,42 Pine Street ~ Newton,Newton,42 Pine Street,,MyMassHome,64,Black or African American,Black or African American alone,No,Mattapan,MA,0,0, Single person ,"82,000.00","75,000.00",Yes
547931,3/19/25,15:38:03,18A Longview Circle ~ Ayer,Ayer,18A Longview Circle,,Zillow/Trulia/Other Website,49,Black or African American,Black or African American alone,No,Dorchester,MA,1,0, Single person ,"90,000.00","27,000.00",Yes
548098,4/12/24,20:23:00,"5 Woodman Way, #308B ~ Newburyport",Newburyport,5 Woodman Way,#308B ,Zillow/Trulia/Other Website,50,"Hispanic or Latino, White",White alone,No,Amesbury,MA,3,0," Married/partners/couple, no dependents ","60,000.00",50.00,Yes
548380,6/2/24,23:42:52,"14 Caspian Way, Unit 23 ~ Leominster",Leominster,14 Caspian Way,Unit 23,Real Estate Agent,64,White,White alone,Yes,Haverhill,MA,1,0, Single person ,"60,000.00","14,000.00",No
548641,9/15/24,17:30:01,178 Cortland Drive ~ North Andover,North Andover,178 Cortland Drive,,MyMassHome,58,Asian,Asian alone,No,Haverhill,MA,2,0, Single parent ,"75,539.00","120,284.00",Yes
549584,8/5/24,16:57:41,24 Haywood Circle ~ Mendon,Mendon,24 Haywood Circle,,Real Estate Agent,44,Hispanic or Latino,Missing,No,Uxbridge,MA,2,1, Single parent ,"34,000.00","15,500.00",No
550104,2/19/25,13:38:35,23 Buttercup Lane ~ Grafton,Grafton,23 Buttercup Lane,,Real Estate Agent,34,White,White alone,No,Worcester,MA,1,0, Single person ,"607,700.00","61,362.21",No
550104,2/17/25,15:58:17,34 Beaver Pond Road ~ Milford,Milford,34 Beaver Pond Road,,Real Estate Agent,34,White,White alone,No,Worcester,MA,1,0, Single person ,"60,770.00","61,362.21",No
550313,3/11/24,10:35:00,39 Swifts Beach Road ~ Wareham,Warehem,39 Swifts Beach Road,,Zillow/Trulia/Other Website,23,Hispanic or Latino,Missing,No,Bridgewater,MA,1,0, Single person ,"52,207.00",0.00,No
550650,8/2/24,16:49:52,8 Kayak Trail ~ Norton,Norton,8 Kayak Trail,,Real Estate Agent,52,Black or African American,Black or African American alone,No,Foxboro,MA,4,1, Single parent ,"97,000.00","47,000.00",No
550650,8/5/24,10:51:42,24 Haywood Circle ~ Mendon,Mendon,24 Haywood Circle,,MyMassHome,52,Black or African American,Black or African American alone,No,Foxboro,MA,4,1, Single parent ,"97,000.00","47,000.00",No
550650,8/5/24,14:06:42,8 Kayak Trail ~ Norton,Norton,8 Kayak Trail,,MyMassHome,52,Black or African American,Black or African American alone,No,Foxboro,MA,4,1, Single parent ,"97,000.00","47,000.00",No
552119,5/15/24,10:13:44,27 Meeting House Lane ~ Southborough,Southborough,27 Meeting House Lane,,MyMassHome,55,Black or African American,Black or African American alone,No,Shrewsbury,MA,5,3," Married/partners/couple, no dependents ","55,000.00","100,000.00",No
552119,5/16/24,9:57:15,27 Meeting House Lane ~ Southborough,Southborough,27 Meeting House Lane,,MyMassHome,55,Black or African American,Black or African American alone,No,Shrewsbury,MA,5,3," Married/partners/couple, no dependents ","55,000.00","75,000.00",No
552996,3/10/24,11:14:00,39 Swifts Beach Road ~ Wareham,Warehem,39 Swifts Beach Road,,Social Media,34,"Black or African American, White",Black or African American; White,No,Wareham,MA,3,2, Single parent ,"94,531.00","54,435.78",No
554264,8/5/24,14:49:10,24 Haywood Circle ~ Mendon,Mendon,24 Haywood Circle,,Zillow/Trulia/Other Website,29,White,White alone,No,Newton,MA,1,0, Single person ,"68,494.40","5,000.00",Yes
554756,4/29/24,15:14:00,"1 Magnolia Way, Unit 6 ~ Edgartown",Edgartown,1 Magnolia Way,Unit 6,Friend/Word of Mouth,38,White,White alone,No,Edgartown,MA,1,0, Single person ,"60,000.00","10,000.00",No
555456,5/19/24,23:04:49,27 Meeting House Lane ~ Southborough,Southborough,27 Meeting House Lane,,Zillow/Trulia/Other Website,24,White,White alone,No,Framingham,MA,1,0, Single person ,"43,500.00","56,887.58",No
556172,3/17/24,20:01:00,1205 Albion Road ~ Bedford,Bedford ,1205 Albion Road,,MyMassHome,23,White,White alone,No,Burlington,MA,2,0," Married/partners/couple, no dependents ","54,900.00","70,000.00",Yes
556415,2/5/24,14:26:00,"11 Indian Woods Way, Unit 11 ~ Canton",Canton,11 Indian Woods Way,Unit 11,NA,36,Black or African American,Black or African American alone,No,Canton,MA,2,1, Single parent ,"50,003.00","27,000.00",No
558178,2/25/25,13:21:04,9 Adams Court ~ Hingham,Hingham,9 Adams Court,,MyMassHome,65,Asian,Asian alone,No,Holbrook,MA,1,0, Single person ,"53,000.00","38,800.00",No
558178,2/18/25,9:41:15,34 Beaver Pond Road ~ Milford,Milford,34 Beaver Pond Road,,Real Estate Agent,65,Asian,Asian alone,No,Holbrook,MA,1,0, Single person ,"53,764.00","38,807.00",No
559487,8/2/24,12:11:03,24 Haywood Circle ~ Mendon,Mendon,24 Haywood Circle,,MyMassHome,35,White,White alone,No,Mendon,MA,2,0, Single parent ,"77,992.26","68,075.58",No
561665,6/24/24,11:24:30,42 Pine Street ~ Newton,Newton,42 Pine Street,,MyMassHome,42,Middle Eastern or North African,White alone,No,Upton,MA,2,0, Single person ,"100,000.00","28,000.00",Yes
561665,7/15/24,16:41:23,1 Millbrook Lane Unit 213 ~ Wakefield,Wakefield,1 Millbrook Lane Unit 213 ,,MyMassHome,42,White,White alone,No,Upton,MA,2,0, Single person ,"100,000.00","35,000.00",Yes
566937,9/17/24,16:38:53,178 Cortland Drive ~ North Andover,North Andover,178 Cortland Drive,,Friend/Word of Mouth,60,White,White alone,Yes,Beverly,MA,1,0, Single person ,"44,332.00","26,000.00",No
567973,4/24/24,13:20:00,"1 Magnolia Way, Unit 6 ~ Edgartown",Edgartown,1 Magnolia Way,Unit 6,Friend/Word of Mouth,71,White,White alone,Choose not to answer,Oak Bluffs,MA,1,0, Single person ,"51,247.00","41,863.00",No
571228,3/3/24,20:51:00,"501 Commerce Drive, Unit 4-302 ~ Braintree",Braintree,501 Commerce Drive,Unit 4-302,MyMassHome,32,"Asian, Pacific Islander or Native Hawaiian",Asian; Native Hawaiian or Other Pacific Islander,No,Braintree,MA,1,0, Single person ,"50,000.00","8,000.00",Yes
571228,4/3/24,21:25:00,"100 Franklin Street, #A1 ~ Whitman",Whitman ,100 Franklin Street ,#A1,MyMassHome,32,"Asian, Pacific Islander or Native Hawaiian",Asian; Native Hawaiian or Other Pacific Islander,No,Braintree,MA,1,0, Single person ,"50,000.00","10,000.00",Yes
572863,4/15/24,16:26:00,"5 Woodman Way, #308B ~ Newburyport",Newburyport,5 Woodman Way,#308B ,Zillow/Trulia/Other Website,47,Hispanic or Latino,Missing,No,Methuen,MA,2,1, Single person ,"72,183.00","33,223.61",Yes
574556,2/27/24,0:59:00,"501 Commerce Drive, Unit 4-302 ~ Braintree",Braintree,501 Commerce Drive,Unit 4-302,Real Estate Agent,30,"Asian, Pacific Islander or Native Hawaiian, White",Asian; Native Hawaiian or Other Pacific Islander; White,No,Quincy,MA,2,0," Married/partners/couple, no dependents ","87,000.00","87,000.00",Yes
574556,2/27/24,0:59:00,"501 Commerce Drive, Unit 4-302 ~ Braintree",Braintree,501 Commerce Drive,Unit 4-302,Real Estate Agent,30,"Asian, Pacific Islander or Native Hawaiian, White",Asian; Native Hawaiian or Other Pacific Islander; White,No,Quincy,MA,2,0," Married/partners/couple, no dependents ","87,000.00","87,000.00",Yes
574988,2/12/25,13:32:33,9 Adams Court ~ Hingham,Hingham,9 Adams Court,,MyMassHome,35,White,White alone,No,Boston,MA,2,1, Single parent ,"85,000.00","75,000.00",No
575544,1/12/25,15:11:57,72 Buttercup Lane ~ Grafton,Grafton,72 Buttercup Lane,,Zillow/Trulia/Other Website,25,White,White alone,No,Sutton,MA,1,0, Single person ,"50,000.00","59,670.00",No
575544,2/15/25,9:58:43,23 Buttercup Lane ~ Grafton,Grafton,23 Buttercup Lane,,MyMassHome,26,White,White alone,No,Sutton,MA,1,0, Single person ,"50,000.00","63,538.00",Yes
575544,2/11/25,14:36:34,34 Beaver Pond Road ~ Milford,Milford,34 Beaver Pond Road,,MyMassHome,26,White,White alone,No,Sutton,MA,1,0, Single person ,"50,000.00","63,538.00",Yes
575544,1/25/25,10:15:18,14 Autumn Lane ~ Northborough,Northborough,14 Autumn Lane,,MyMassHome,25,White,White alone,No,Sutton,MA,1,0, Single person ,"50,000.00","59,670.00",Yes
575544,1/12/25,15:11:57,72 Buttercup Lane ~ Grafton,Grafton,72 Buttercup Lane,,Zillow/Trulia/Other Website,25,White,White alone,No,Sutton,MA,1,0, Single person ,"50,000.00","59,670.00",No
575564,8/20/24,20:42:01,"12 Rebecca Way, Unit 9 ~ Methuen (55+)",Methuen,12 Rebecca Way,Unit 9,Real Estate Agent,72,White,White alone,Yes,Lowell,MA,2,0," Married/partners/couple, no dependents ","66,731.00","37,627.67",No
575564,9/3/24,15:41:19,"12 Rebecca Way, Unit 9 ~ Methuen (55+)",Methuen,12 Rebecca Way,Unit 9,Real Estate Agent,72,White,White alone,Yes,Lowell,MA,2,0," Married/partners/couple, no dependents ","66,731.00","37,627.67",No
575564,9/8/24,13:16:05,178 Cortland Drive ~ North Andover,North Andover,178 Cortland Drive,,Real Estate Agent,72,White,White alone,Yes,Lowell,MA,2,0," Married/partners/couple, no dependents ","66,731.00","37,627.67",No
576359,2/14/25,11:13:42,9 Adams Court ~ Hingham,Hingham,9 Adams Court,,MyMassHome,37,Asian,Asian alone,No,Malden,MA,6,4," Married/partners/couple, no dependents ","90,000.00","19,873.00",Yes
576447,1/28/24,0:34:00,"15 Jasmine Drive, Unit 17 ~ West Boylston",West Boylston,15 Jasmine Drive,Unit 17,Zillow/Trulia/Other Website,48,Black or African American,Black or African American alone,No,Worcester,MA,3,2, Single parent ,"65,935.61","2,835.43",No
576834,3/11/25,18:42:01,13 Dunrobin Circle ~ Methuen,Methuen,13 Dunrobin Circle ,,Zillow/Trulia/Other Website,57,White,White alone,No,Salem,NH,1,0, Single person ,"47,000.00","19,000.00",No
576834,3/11/25,18:34:43,13 Dunrobin Circle ~ Methuen,Methuen,13 Dunrobin Circle,,Zillow/Trulia/Other Website,57,White,White alone,No,Salem,NH,1,0, Single person ,"47,000.00","19,000.00",No
577864,8/5/24,13:27:12,24 Haywood Circle ~ Mendon,Mendon,24 Haywood Circle,,Zillow/Trulia/Other Website,27,White,White alone,No,Franklin,MA,1,0, Single person ,"49,000.00","65,000.00",No
578302,7/29/24,14:10:49,24 Haywood Circle ~ Mendon,Mendon,24 Haywood Circle,,Real Estate Agent,41,Choose not to answer,Missing,No,Woonsocket,MA,2,1, Single parent ,"52,432.00","12,000.00",No
578877,9/3/24,16:56:01,"12 Rebecca Way, Unit 9 ~ Methuen (55+)",Methuen,12 Rebecca Way,Unit 9,Zillow/Trulia/Other Website,57,White,White alone,Yes,Amesbury,MA,1,0, Single person ,"36,408.00","225,000.00",No
578877,9/17/24,14:49:51,178 Cortland Drive ~ North Andover,North Andover,178 Cortland Drive,,Zillow/Trulia/Other Website,57,White,White alone,Yes,Amesbury,MA,1,0, Single person ,"36,408.00","225,000.00",No
579046,11/26/24,14:35:15,9 Minuteman Lane ~ Westford,Westford,9 Minuteman Lane,,Zillow/Trulia/Other Website,31,White,White alone,No,Lowell,MA,1,0, Single person ,"64,500.00","20,000.00",No
579766,5/26/24,21:41:18,"14 Caspian Way, Unit 23 ~ Leominster",Leominster,14 Caspian Way,Unit 23,Zillow/Trulia/Other Website,58,Asian,Asian alone,No,Fitchburg,MA,2,1, Single parent ,"67,721.00",0.00,No
580020,9/16/24,18:07:08,178 Cortland Drive ~ North Andover,North Andover,178 Cortland Drive,,Zillow/Trulia/Other Website,69,White,White alone,Yes,Woburn,MA,2,0," Married/partners/couple, no dependents ","63,876.00","175,551.74",No
581091,9/3/24,17:24:20,"12 Rebecca Way, Unit 9 ~ Methuen (55+)",Methuen,12 Rebecca Way,Unit 9,Real Estate Agent,69,Middle Eastern or North African,White alone,Yes,Londonderry,MA,1,0, Single person ,"45,000.00","340,000.00",No
581996,8/4/24,15:58:26,24 Haywood Circle ~ Mendon,Mendon,24 Haywood Circle,,MyMassHome,63,White,White alone,No,Wilmington,MA,1,0, Single person ,"64,244.00","20,500.00",Yes
583613,1/14/25,17:05:55,72 Buttercup Lane ~ Grafton,Grafton,72 Buttercup Lane,,Real Estate Agent,36,Middle Eastern or North African,White alone,No,Worcester,MA,4,2," Married/partners/couple, no dependents ","88,716.00","3,671.00",No
583613,1/14/25,17:05:55,72 Buttercup Lane ~ Grafton,Grafton,72 Buttercup Lane,,Real Estate Agent,36,Middle Eastern or North African,White alone,No,Worcester,MA,4,2," Married/partners/couple, no dependents ","88,716.00","3,671.00",No
586013,1/15/25,19:04:34,72 Buttercup Lane ~ Grafton,Grafton,72 Buttercup Lane,,Zillow/Trulia/Other Website,50,White,White alone,No,Fitchburg,MA,3,1," Married/partners/couple, no dependents ","84,281.60","9,724.99",No
586013,1/15/25,19:04:34,72 Buttercup Lane ~ Grafton,Grafton,72 Buttercup Lane,,Zillow/Trulia/Other Website,50,White,White alone,No,Fitchburg,MA,3,1," Married/partners/couple, no dependents ","84,281.60","9,724.99",No
586853,1/26/24,15:15:00,"15 Jasmine Drive, Unit 17 ~ West Boylston",West Boylston,15 Jasmine Drive,Unit 17,Real Estate Agent,42,Hispanic or Latino,Missing,No,Malden,MA,3,2, Single parent ,"70,000.00","14,000.00",No
587614,5/15/24,12:23:45,27 Meeting House Lane ~ Southborough,Southborough,27 Meeting House Lane,,Zillow/Trulia/Other Website,34,White,White alone,No,Brighton,MA,1,0, Single person ,"68,500.00","18,000.00",Yes
587614,5/15/24,12:50:07,"74 Riley Road, Unit 88  ~ Tyngsborough",Tyngsborough,74 Riley Road,Unit 88,Zillow/Trulia/Other Website,34,White,White alone,No,Brighton,MA,1,0, Single person ,"68,500.00","18,000.00",Yes
587614,5/21/24,17:27:32,"14 Caspian Way, Unit 23 ~ Leominster",Leominster,14 Caspian Way,Unit 23,Real Estate Agent,34,White,White alone,No,Brighton,MA,1,0, Single person ,"68,500.00","18,000.00",Yes
587614,7/16/24,14:37:01,1 Millbrook Lane Unit 213 ~ Wakefield,Wakefield,1 Millbrook Lane Unit 213,,MyMassHome,34,White,White alone,No,Brighton,MA,1,0, Single person ,"68,500.00","17,000.00",Yes
587614,9/23/24,17:36:27,"1A Lindas Way, Unit 13 ~ Sterling",Sterling,1A Lindas Way,Unit 13,MyMassHome,35,White,White alone,No,Holden,MA,1,0, Single person ,"68,500.00","18,000.00",Yes
590531,1/29/24,14:20:00,"11 Indian Woods Way, Unit 11 ~ Canton",Canton,11 Indian Woods Way,Unit 11,Real Estate Agent,55,Black or African American,Black or African American alone,No,Brockton,MA,3,1, Single person ,"68,000.00","2,000.00",Yes
592585,2/10/25,21:35:27,9 Adams Court ~ Hingham,Hingham,9 Adams Court,,MyMassHome,48,Asian,Asian alone,No,Somerset,MA,5,3," Married/partners/couple, no dependents ","100,250.00","54,026.00",Yes
593406,9/16/24,20:41:52,178 Cortland Drive ~ North Andover,North Andover,178 Cortland Drive,,MyMassHome,56,White,White alone,Yes,Methuen,MA,1,0, Single person ,"24,512.00","29,590.00",Yes
593495,8/8/24,20:26:42,59 River Point Drive ~ Ipswich,Ipswich,59 River Point Drive,,MyMassHome,58,Asian,Asian alone,No,Lowell,MA,2,0," Married/partners/couple, no dependents ","84,648.00","70,432.00",No
593734,3/17/25,11:41:20,"211 East St., Unit #4, ~ Easthampton",Easthampton,211 East St.,Unit #4,Real Estate Agent,29,White,White alone,No,Northampton,MA,1,0, Single person ,"60,840.26","67,202.31",Yes
593980,11/6/23,10:17:00,North Andover Unit 109,North Andover,, Unit 109,Real Estate Agent,24,White,White alone,No,Peabody,MA,1,0, Single person ,"56,500.00","38,426.00",No
594300,6/24/24,15:41:49,42 Pine Street ~ Newton,Newton,42 Pine Street,,MyMassHome,32,"Asian, White",Asian; White,No,Brockton,MA,3,1," Married/partners/couple, no dependents ","64,000.00","30,000.00",Yes
595275,11/14/24,10:08:57,9 Minuteman Lane ~ Westford,Westford,9 Minuteman Lane,,Friend/Word of Mouth,25,Choose not to answer,Missing,No,Andover,MA,1,0, Single person ,"36,795.60","71,407.90",No
595848,1/25/24,21:24:00,"11 Indian Woods Way, Unit 11 ~ Canton",Canton,11 Indian Woods Way,Unit 11,Real Estate Agent,23,White,White alone,No,Milton,MA,1,0, Single person ,"57,138.60","73,349.75",No
595848,2/22/24,19:02:00,"501 Commerce Drive, Unit 4-302 ~ Braintree",Braintree,501 Commerce Drive,Unit 4-302,MyMassHome,23,Choose not to answer,Missing,No,Milton,MA,1,0, Single person ,"57,138.60","73,493.76",No
595848,2/22/24,19:02:00,"501 Commerce Drive, Unit 4-302 ~ Braintree",Braintree,501 Commerce Drive,Unit 4-302,MyMassHome,23,Choose not to answer,Missing,No,Milton,MA,1,0, Single person ,"57,138.60","73,493.76",No
596040,2/25/25,13:59:36,9 Adams Court ~ Hingham,Hingham,9 Adams Court,,NA,52,Black or African American,Black or African American alone,No,Dorchester,MA,1,0, Single person ,"71,656.00","19,000.00",No
596192,6/17/24,16:27:13,"105 Metacomet Ave, ~ East Taunton",East Taunton,105 Metacomet Ave,,MyMassHome,58,Black or African American,Black or African American alone,No,Brockton,MA,1,0, Single person ,"53,000.00","15,000.00",Yes
597537,3/11/24,15:35:00,2 Marys Way ~ Lakeville (age restricted),Lakeville,2 Marys Way,,Zillow/Trulia/Other Website,68,White,White alone,No,Foxboro,MA,1,0, Single person ,"53,000.00",63.00,No
598118,2/5/24,10:56:00,"11 Indian Woods Way, Unit 11 ~ Canton",Canton,11 Indian Woods Way,Unit 11,City of Boston Metrolist,32,Black or African American,Black or African American alone,No,Bellingham,MA,1,0, Single person ,"76,000.00","26,000.00",Yes
598436,11/6/23,11:11:00,North Andover Unit 109,North Andover,, Unit 109,Zillow/Trulia/Other Website,66,Hispanic or Latino,Missing,No,Lawrence,MA,1,0, Single person ,"46,000.00","49,400.00",No
599537,5/14/24,21:06:16,27 Meeting House Lane ~ Southborough,Southborough,27 Meeting House Lane,,Zillow/Trulia/Other Website,36,Asian,Asian alone,No,Worcester,MA,1,0, Single person ,"58,968.00","36,358.00",No
599804,6/11/24,9:56:44,42 Pine Street ~ Newton,Newton,42 Pine Street,,MyMassHome,31,"Black or African American, Hispanic or Latino",Black or African American,Yes,Dorchester,MA,1,0, Single person ,"72,000.00","4,403.75",Yes
600838,1/30/25,17:14:46,14 Autumn Lane ~ Northborough,Northborough,14 Autumn Lane,,Zillow/Trulia/Other Website,30,White,White alone,No,Northborough,MA,1,0, Single person ,"63,000.00","21,871.00",No
601953,4/24/25,15:37:33,27 Meetinghouse Road ~ Norfolk (age restricted),Norfolk,27 Meetinghouse Road,,Real Estate Agent,67,White,White alone,No,Plainville,MA,2,0," Married/partners/couple, no dependents ","59,112.00","175,247.00",No
605404,5/8/25,9:36:03,1 Lois Lane ~ Townsend,Townsend,1 Lois Lane,,Zillow/Trulia/Other Website,42,White,White alone,No,Lowell,MA,3,2, Single parent ,"57,000.00",0.00,Yes
606058,6/3/24,15:54:55,"14 Caspian Way, Unit 23 ~ Leominster",Leominster,14 Caspian Way,Unit 23,Friend/Word of Mouth,53,Hispanic or Latino,Missing,No,Sterling,MA,2,0, Single parent ,"63,613.00","60,000.00",No
607434,5/5/25,15:29:20,1 Lois Lane ~ Townsend,Townsend,1 Lois Lane,,MyMassHome,64,White,White alone,No,New Bedford,MA,1,0, Single person ,"88,221.93","56,608.00",Yes
607434,2/18/25,14:50:55,9 Adams Court ~ Hingham,Hingham,9 Adams Court,,MyMassHome,64,White,White alone,No,New Bedford,MA,1,0, Single person ,"88,000.00","38,472.00",Yes
611041,2/21/25,14:37:08,9 Adams Court ~ Hingham,Hingham,9 Adams Court,,MyMassHome,44,Asian,Asian alone,No,Malden,MA,2,1, Single parent ,"75,000.00","75,000.00",Yes
611835,3/21/24,15:54:00,"170 Haverhill Street, #117 ~ Andover",Andover ,170 Haverhill Street,#117,Zillow/Trulia/Other Website,37,White,White alone,No,Lowell,MA,1,0, Single person ,"46,000.00","36,000.00",Yes
611965,8/28/24,22:31:05,"6 Woodman Way, unit 204A ~ Newburyport",Newburyport,6 Woodman Way,Unit 204A,Real Estate Agent,34,Asian,Asian alone,No,Andover,MA,5,3," Married/partners/couple, no dependents ","101,164.00","12,454.00",No
611965,8/28/24,22:35:30,"513 Main St, Unit D ~ Groton",Groton,513 Main St,Unit D,Real Estate Agent,34,Asian,Asian alone,No,Andover,MA,5,3," Married/partners/couple, no dependents ","101,164.00","12,454.00",No
612431,6/27/24,17:03:33,28 Longview Circle ~Ayer,Ayer,28 Longview Circle,,Zillow/Trulia/Other Website,39,Choose not to answer,Missing,No,Woburn,MA,6,2," Married/partners/couple, no dependents ","96,610.00","36,610.00",No
613331,11/7/23,5:57:00,Falmouth - (age restricted) 110 Dillingham,Falmouth,110 Dillingham,,MyMassHome,83,White,White alone,No,Falmouth,MA,1,0, Single person ,"36,837.84","110,000.00",No
614040,5/20/24,23:03:44,27 Meeting House Lane ~ Southborough,Southborough,27 Meeting House Lane,,MyMassHome,31,Black or African American,Black or African American alone,No,Peabody,MA,1,0, Single person ,"68,411.14","8,090.06",Yes
614040,6/3/24,12:23:27,"14 Caspian Way, Unit 23 ~ Leominster",Leominster,14 Caspian Way,Unit 23,MyMassHome,32,Black or African American,Black or African American alone,No,Peabody,MA,1,0, Single person ,"29,276.65","11,688.78",Yes
614040,6/24/24,13:09:13,42 Pine Street ~ Newton,Newton,42 Pine Street,,MyMassHome,32,Black or African American,Black or African American alone,Yes,Peabody,MA,1,0, Single person ,"68,411.14","8,667.55",Yes
614040,8/12/24,16:54:15,"401 West Center St, F2, ~ West Bridgewater",West Bridgewater,401 West Center St,F2,MyMassHome,32,Black or African American,Black or African American alone,No,Peabody,MA,1,0, Single person ,"68,411.14","9,100.99",Yes
614735,9/29/24,14:11:37,16 Cobblestone Way ~ Sandwich,Sandwich,16 Cobblestone Way,,Friend/Word of Mouth,28,White,White alone,No,Sandwich,MA,3,1," Married/partners/couple, no dependents ","67,200.00","33,000.00",No
617949,3/4/24,17:05:00,39 Swifts Beach Road ~ Wareham,Warehem,39 Swifts Beach Road,,Real Estate Agent,31,White,White alone,No,New Bedford,MA,1,0, Single person ,"66,000.00","21,048.00",No
618962,5/13/24,23:01:14,"74 Riley Road, Unit 88  ~ Tyngsborough",Tyngsborough,74 Riley Road,Unit 88,Real Estate Agent,30,Black or African American,Black or African American alone,No,Lowell,MA,1,0, Single person ,"65,000.00","20,000.00",No
618962,5/29/24,17:34:19,"14 Caspian Way, Unit 23 ~ Leominster",Leominster,14 Caspian Way,Unit 23,Zillow/Trulia/Other Website,30,Black or African American,Black or African American alone,No,Lowell,MA,2,1, Single person ,"65,000.00","20,000.00",No
618962,6/19/24,18:41:42,28 Longview Circle ~Ayer,Ayer,28 Longview Circle,,Real Estate Agent,30,Black or African American,Black or African American alone,No,Lowell,MA,1,0, Single person ,"70,000.00","50,000.00",Yes
619245,2/21/25,9:31:10,9 Adams Court ~ Hingham,Hingham,9 Adams Court,,Friend/Word of Mouth,45,White,White alone,No,Weymouth,MA,4,2," Married/partners/couple, no dependents ","113,942.00","65,780.00",No
621790,8/8/24,15:38:11,"33 Intrepid Circle, 305 ~ Marblehead (First Come, First Served)",Marblehead,33 Intrepid Circle,305,MyMassHome,28,Asian,Asian alone,No,Boston,MA,1,0, Single person ,"90,500.00","46,000.00",Yes
621790,8/8/24,15:43:15,59 River Point Drive ~ Ipswich,Ipswich,59 River Point Drive,,MyMassHome,28,Asian,Asian alone,No,Boston,MA,1,0, Single person ,"90,500.00","46,000.00",Yes
622534,2/25/25,15:28:26,9 Adams Court ~ Hingham,Hingham,9 Adams Court,,MyMassHome,47,White,White alone,No,Watertown,MA,2,0, Single parent ,"70,000.00","17,000.00",Yes
622534,2/4/25,16:32:07,14 Autumn Lane ~ Northborough,Northborough,14 Autumn Lane,,Zillow/Trulia/Other Website,47,White,White alone,No,Watertown,MA,2,1, Single parent ,"70,000.00","20,000.00",Yes
623420,11/27/23,17:56:00,West Boylston - 103 Afra Drive Unit 51,West Boylston,103 Afra Drive ,Unit 51,Real Estate Agent,35,Black or African American,Black or African American alone,No,Worcester,MA,4,2," Married/partners/couple, no dependents ","58,000.00","58,000.00",Yes
624585,6/12/24,18:25:01,"105 Metacomet Ave, ~ East Taunton",East Taunton,105 Metacomet Ave,,Friend/Word of Mouth,30,Black or African American,Black or African American alone,No,Taunton,MA,5,3, Single parent ,"88,169.41","10,558.58",Yes
625236,2/12/25,12:05:56,9 Adams Court ~ Hingham,Hingham,9 Adams Court,,MyMassHome,55,Middle Eastern or North African,White alone,No,Melrose,MA,3,0," Married/partners/couple, no dependents ",96.50,47.37,Yes
628135,4/9/24,12:43:00,"100 Franklin Street, #A1 ~ Whitman",Whitman ,100 Franklin Street,#A1,Real Estate Agent,33,Black or African American,Black or African American alone,No,Brockton,MA,2,1, Single parent ,"54,653.00","7,000.00",Yes
629379,6/17/24,13:56:15,42 Pine Street ~ Newton,Newton,42 Pine Street,,MyMassHome,41,White,White alone,No,Waltham,MA,3,1," Married/partners/couple, no dependents ","103,215.00","45,555.00",Yes
629546,5/19/24,18:23:52,27 Meeting House Lane ~ Southborough,Southborough,27 Meeting House Lane,,Zillow/Trulia/Other Website,26,White,White alone,No,Westborough,MA,1,0, Single person ,"52,000.00","43,280.00",Yes
629877,11/14/24,11:58:16,9 Minuteman Lane ~ Westford,Westford,9 Minuteman Lane,,Social Media,34,Black or African American,Black or African American alone,No,Lexington,Ma,3,0," More than one related adults, no dependents ","68,000.00","12,000.00",No
629877,11/14/24,12:17:02,"19 Broad Street, 204 ~ Merrimac",Merrimac,19 Broad Street,204,MyMassHome,34,Black or African American,Black or African American alone,No,Lexington,MA,3,0," More than one related adults, no dependents ","68,000.00","12,000.00",No
630071,8/5/24,12:18:13,"401 West Center St, F2, ~ West Bridgewater",West Bridgewater,401 West Center St,F2,Zillow/Trulia/Other Website,29,White,White alone,No,Lakeville,MA,2,1," Married/partners/couple, no dependents ","72,233.00","30,910.00",No
630323,5/30/24,20:48:44,"14 Caspian Way, Unit 23 ~ Leominster",Leominster,14 Caspian Way,Unit 23,Zillow/Trulia/Other Website,42,Asian,Asian alone,No,Leominster,MA,3,1, Single parent ,"59,107.20","59,308.58",No
630445,1/29/24,13:58:00,"15 Jasmine Drive, Unit 17 ~ West Boylston",West Boylston,15 Jasmine Drive,Unit 17,Zillow/Trulia/Other Website,73,"Asian, Pacific Islander or Native Hawaiian",Asian; Native Hawaiian or Other Pacific Islander,No,Shrewsbury,MA,3,0," Married/partners/couple, no dependents ","53,833.00","56,506.00",No
630747,11/9/24,23:09:44,7 Buttercup Lane ~ Grafton,Grafton,7 Buttercup Lane,,MyMassHome,38,Middle Eastern or North African,White alone,No,Revere,MA,3,1," Married/partners/couple, no dependents ","57,000.00","61,400.00",Yes
630747,11/15/24,11:28:26,9 Minuteman Lane ~ Westford,Westford,9 Minuteman Lane,,MyMassHome,38,Middle Eastern or North African,White alone,No,Revere,MA,3,1," Married/partners/couple, no dependents ","57,000.00","61,400.00",Yes
630747,1/21/25,13:41:29,902 Main St. Unit 39 ~ Hanson,Hanson,902 Main St.,Unit 39,City of Boston Metrolist,38,White,White alone,No,Revere,MA,3,1," Married/partners/couple, no dependents ","59,000.00","58,000.00",Yes
630747,1/21/25,13:12:10,72 Buttercup Lane ~ Grafton,Grafton,72 Buttercup Lane,,City of Boston Metrolist,38,White,White alone,No,Revere,MA,3,1," Married/partners/couple, no dependents ","59,000.00","58,000.00",Yes
631126,6/30/24,10:55:18,28 Longview Circle ~Ayer,Ayer,28 Longview Circle,,MyMassHome,48,Black or African American,Black or African American alone,No,Norwood,MA,4,2, Single parent ,"92,688.00","25,122.59",Yes
631126,7/24/24,22:34:58,24 Haywood Circle ~ Mendon,Mendon,24 Haywood Circle,,MyMassHome,48,Black or African American,Black or African American alone,No,Norwood,Ma,4,2, Single parent ,"92,688.00","11,692.48",Yes
632218,12/9/24,15:04:58,"63 Central St., Unit 203 ~ North Reading",North Reading,63 Central St.,Unit 203,Real Estate Agent,59,White,White alone,Yes,Saugus,MA,1,0, Single person ,"14,172.00","11,000.00",No
632587,1/18/24,10:07:00,"15 Jasmine Drive, Unit 17 ~ West Boylston",West Boylston,15 Jasmine Drive,Unit 17,MyMassHome,42,Choose not to answer,Missing,No,Cambridge,MA,3,1," Married/partners/couple, no dependents ","58,000.00","42,000.00",Yes
632587,5/9/24,9:26:25,27 Meeting House Lane ~ Southborough,Southborough,27 Meeting House Lane ,,MyMassHome,43,Choose not to answer,Missing,No,Cambridge,MA,3,1," Married/partners/couple, no dependents ","60,000.00","50,000.00",Yes
633448,4/22/25,10:40:17,27 Meetinghouse Road ~ Norfolk (age restricted),Norfolk,27 Meetinghouse Road,,Zillow/Trulia/Other Website,61,White,White alone,Yes,Waltham,MA,2,0," Married/partners/couple, no dependents ","98,917.00","5,000.00",Yes
633939,5/18/24,16:07:41,"74 Riley Road, Unit 88  ~ Tyngsborough",Tyngsborough,74 Riley Road,Unit 88,MyMassHome,27,Hispanic or Latino,Missing,No,Lowell,MA,1,0, Single person ,"61,000.00","44,000.00",Yes
634043,8/5/24,8:28:43,24 Haywood Circle ~ Mendon,Mendon,24 Haywood Circle,,Friend/Word of Mouth,23,White,White alone,No,Hopkinton,MA,1,0, Single person ,"51,480.00","38,170.00",No
634744,3/17/25,15:46:36,18A Longview Circle ~ Ayer,Ayer,18A Longview Circle,,Real Estate Agent,25,White,White alone,No,Chelmsford,MA,1,0, Single person ,"60,000.00","65,000.00",No
634825,6/20/24,16:20:35,28 Longview Circle ~Ayer,Ayer,28 Longview Circle,,Zillow/Trulia/Other Website,48,White,White alone,No,Tyngsborough,MA,3,0, Single parent ,"78,771.00","65,908.02",No
637003,5/26/24,19:56:09,"74 Riley Road, Unit 88  ~ Tyngsborough",Tyngsborough,74 Riley Road,Unit 88,Friend/Word of Mouth,43,Asian,Asian alone,No,Lowell,MA,3,1," Married/partners/couple, no dependents ","83,760.04","15,049.66",No
638503,3/4/24,13:55:00,"501 Commerce Drive, Unit 4-302 ~ Braintree",Braintree,501 Commerce Drive,Unit 4-302,Real Estate Agent,30,"Asian, Pacific Islander or Native Hawaiian",Asian; Native Hawaiian or Other Pacific Islander,No,Quincy,MA,1,0, Single person ,"57,300.00","9,500.00",No
638503,3/4/24,13:55:00,"501 Commerce Drive, Unit 4-302 ~ Braintree",Braintree,501 Commerce Drive,Unit 4-302,Real Estate Agent,30,"Asian, Pacific Islander or Native Hawaiian",Asian; Native Hawaiian or Other Pacific Islander,No,Quincy,MA,1,0, Single person ,"57,300.00","9,500.00",No
638778,9/6/24,21:11:34,178 Cortland Drive ~ North Andover,North Andover,178 Cortland Drive,,MyMassHome,60,"Middle Eastern or North African, White",White alone,No,Andover,MA,1,0, Single person ,"40,875.00","79,686.00",Yes
639093,6/17/24,16:01:38,"105 Metacomet Ave, ~ East Taunton",East Taunton,105 Metacomet Ave,,Real Estate Agent,30,White,White alone,No,Taunton,MA,2,0," Married/partners/couple, no dependents ","80,000.00",0.00,Yes
639124,5/22/24,16:39:09,"74 Riley Road, Unit 88  ~ Tyngsborough",Tyngsborough,74 Riley Road,Unit 88,Zillow/Trulia/Other Website,28,White,White alone,No,Malden,MA,4,2," Married/partners/couple, no dependents ","53,000.00","48,681.74",No
639124,5/22/24,16:42:15,"14 Caspian Way, Unit 23 ~ Leominster",Leominster,14 Caspian Way,Unit 23,Zillow/Trulia/Other Website,28,White,White alone,No,Malden,MA,4,2," Married/partners/couple, no dependents ","53,000.00","48,681.74",No
639231,1/24/25,21:25:00,14 Autumn Lane ~ Northborough,Northborough,14 Autumn Lane,,MyMassHome,36,Asian,Asian alone,No,Northborough,MA,4,2," Married/partners/couple, no dependents ","31,200.00","25,000.00",No
640684,4/26/25,13:12:22,27 Meetinghouse Road ~ Norfolk (age restricted),Norfolk,27 Meetinghouse Road,,Real Estate Agent,71,White,White alone,No,Warwick,RI,1,0, Single person ,"60,107.00","135,087.81",No
642464,6/29/24,21:24:48,28 Longview Circle ~Ayer,Ayer,28 Longview Circle,,MyMassHome,49,Middle Eastern or North African,White alone,No,Revere,MA,4,2," Married/partners/couple, no dependents ","103,000.00","32,000.00",No
643774,5/19/24,20:21:33,"74 Riley Road, Unit 88  ~ Tyngsborough",Tyngsborough,74 Riley Road,Unit 88,Zillow/Trulia/Other Website,26,White,White alone,No,Chelmsford,MA,2,0, Single person ,,100.00,No
644846,6/24/24,14:45:57,28 Longview Circle ~Ayer,Ayer,28 Longview Circle,,Zillow/Trulia/Other Website,31,White,White alone,Yes,Worcester,MA,1,0, Single person ,"80,000.00","18,000.00",No
644920,8/4/24,18:26:02,24 Haywood Circle ~ Mendon,Mendon,24 Haywood Circle,,Friend/Word of Mouth,42,White,White alone,No,Hopedale,MA,4,2," Married/partners/couple, no dependents ","90,750.00","8,739.82",No
645350,2/7/25,9:42:42,34 Beaver Pond Road ~ Milford,Milford,34 Beaver Pond Road,,MyMassHome,40,White,White alone,No,Milford,MA,3,2, Single parent ,"56,760.00","30,733.89",No
647028,5/18/24,15:13:42,"74 Riley Road, Unit 88  ~ Tyngsborough",Tyngsborough,74 Riley Road,Unit 88,Friend/Word of Mouth,56,Asian,Asian alone,No,Lowell,MA,2,0," Married/partners/couple, no dependents ","34,320.00",0.00,No
647056,2/4/25,13:31:34,14 Autumn Lane ~ Northborough,Northborough,14 Autumn Lane,,Real Estate Agent,57,White,White alone,No,Northborough,MA,1,0, Single person ,"62,835.38","10,000.00",Yes
647166,9/4/24,12:01:54,"513 Main St, Unit D ~ Groton",Groton,513 Main St,Unit D,NA,29,Hispanic or Latino,Missing,No,Chelsea,MA,2,1, Single parent ,"30,000.00","30,000.00",Yes
647166,9/20/24,11:36:32,"1A Lindas Way, Unit 13 ~ Sterling",Sterling,1A Lindas Way,Unit 13,MyMassHome,29,Hispanic or Latino,Missing,No,Chelsea,MA,2,1, Single parent ,"47,000.00","30,000.00",Yes
647258,5/13/24,10:08:07,27 Meeting House Lane ~ Southborough,Southborough,27 Meeting House Lane,,Real Estate Agent,22,Asian,Asian alone,No,Chelmsford,MA,2,0, Single person ,"62,000.00","25,000.00",Yes
647258,6/21/24,9:49:40,42 Pine Street ~ Newton,Newton,42 Pine Street,,MyMassHome,22,Asian,Asian alone,No,Chelmsford,MA,2,0, Single person ,"69,000.00","24,000.00",Yes
647840,12/8/23,14:46:00,West Boylston - 103 Afra Drive Unit 51,West Boylston,103 Afra Drive,Unit 51,MyMassHome,34,Hispanic or Latino,Missing,No,Boxborough,MA,4,2," Married/partners/couple, no dependents ","78,000.00","15,000.00",Yes
648948,1/24/25,22:28:27,14 Autumn Lane ~ Northborough,Northborough,14 Autumn Lane,,MyMassHome,36,Asian,Asian alone,No,Northborough,MA,4,2," Married/partners/couple, no dependents ","31,200.00","25,000.00",No
653600,8/26/24,14:06:23,"12 Rebecca Way, Unit 9 ~ Methuen (55+)",Methuen,12 Rebecca Way,Unit 9,Real Estate Agent,66,White,White alone,No,Stow,MA,1,0, Single person ,"21,356.14","271,502.00",No
653600,9/5/24,19:06:11,178 Cortland Drive ~ North Andover,North Andover,178 Cortland Drive,,MyMassHome,66,White,White alone,Yes,Stow,MA,1,0, Single person ,"213,556.00","265,081.00",No
655968,7/1/24,15:26:03,28 Longview Circle ~Ayer,Ayer,28 Longview Circle,,Social Media,39,Black or African American,Black or African American alone,No,Billerica,MA,5,3," Married/partners/couple, no dependents ","96,000.00","18,000.00",No
656503,9/7/24,10:00:30,"513 Main St, Unit D ~ Groton",Groton,513 Main St,Unit D,Real Estate Agent,54,White,White alone,No,Townsend,Ma,1,0, Single person ,"58,000.00","30,000.00",No
658386,5/24/24,10:33:36,"74 Riley Road, Unit 88  ~ Tyngsborough",Tyngsborough,74 Riley Road,Unit 88,MyMassHome,23,White,White alone,No,Derry,MA,2,0, Other ,"61,000.00","35,300.00",No
658386,9/9/24,11:49:09,"513 Main St, Unit D ~ Groton",Groton,513 Main St,Unit D,MyMassHome,23,White,White alone,No,Derry,MA,2,0, Other ,"62,000.00","34,000.00",Yes
658386,9/30/24,13:17:13,"1A Lindas Way, Unit 13 ~ Sterling",Sterling,1A Lindas Way,Unit 13,MyMassHome,23,White,White alone,No,Derry,MA,2,0, Other ,"60,000.00","36,000.00",Yes
658386,11/21/24,10:10:16,9 Minuteman Lane ~ Westford,Westford,9 Minuteman Lane,,MyMassHome,23,White,White alone,No,Derry,MA,2,0, Other ,"60,000.00","32,000.00",Yes
658386,11/21/24,10:12:29,"19 Broad Street, 204 ~ Merrimac",Merrimac,19 Broad Street,204,MyMassHome,23,White,White alone,No,Derry,MA,2,0, Other ,"60,000.00","32,000.00",Yes
658445,5/27/24,18:59:22,"74 Riley Road, Unit 88  ~ Tyngsborough",Tyngsborough,74 Riley Road,Unit 88,Real Estate Agent,35,Asian,Asian alone,No,Dracut,MA,1,0, Single person ,"55,000.00","66,000.00",Yes
658445,7/15/24,20:03:12,1 Millbrook Lane Unit 213 ~ Wakefield,Wakefield,1 Millbrook Lane Unit 213,,MyMassHome,36,Asian,Asian alone,No,Dracut,MA,1,0, Single person ,"55,000.00","53,000.00",Yes
658519,2/1/25,8:39:40,14 Autumn Lane ~ Northborough,Northborough,14 Autumn Lane,,Real Estate Agent,38,White,White alone,No,Northboro,MA,1,0, Single person ,"35,500.00","3,700.00",Yes
658519,1/19/25,13:33:26,72 Buttercup Lane ~ Grafton,Grafton,72 Buttercup Lane,,Real Estate Agent,38,White,White alone,No,Northboro,MA,1,0, Single person ,"35,500.00","3,700.00",No
659267,2/10/25,22:26:26,9 Adams Court ~ Hingham,Hingham,9 Adams Court,,Social Media,36,Asian,Asian alone,No,Quincy,MA,1,0, Single person ,"80,000.00","15,000.00",No
659916,2/25/25,13:19:23,9 Adams Court ~ Hingham,Hingham,9 Adams Court,,Friend/Word of Mouth,34,White,White alone,No,Quincy,MA,4,2," Married/partners/couple, no dependents ","93,624.00","74,961.05",No
660445,2/25/25,16:10:29,9 Adams Court ~ Hingham,Hingham,9 Adams Court ,,MyMassHome,29,"Black or African American, Hispanic or Latino",Black or African American,No,Boston,MA,1,0, Single person ,"87,550.00","67,519.00",Yes
660731,6/24/24,14:51:38,28 Longview Circle ~Ayer,Ayer,28 Longview Circle,,Real Estate Agent,69,White,White alone,No,Haverhill,MA,2,0," Married/partners/couple, no dependents ","95,311.00","95,313.00",No
660731,6/26/24,10:33:06,28 Longview Circle ~Ayer,Ayer,28 Longview Circle,,Real Estate Agent,69,White,White alone,No,Haverhill,MA,2,0," Married/partners/couple, no dependents ","95,313.00","13,771.00",No
660769,2/23/25,11:56:17,9 Adams Court ~ Hingham,Hingham,9 Adams Court,,Real Estate Agent,32,White,White alone,No,Quincy,MA,1,0, Single person ,"890,000.00",0.00,No
662596,6/17/24,17:13:38,"105 Metacomet Ave, ~ East Taunton",East Taunton,105 Metacomet Ave,,Zillow/Trulia/Other Website,32,White,White alone,Yes,Taunton,MA,2,1, Single parent ,"76,000.00","20,000.00",Yes
662596,7/30/24,6:39:30,8 Kayak Trail ~ Norton,Norton,8 Kayak Trail,,MyMassHome,31,White,White alone,No,Taunton,MA,2,1, Single person ,"72,072.00","20,390.63",No
664624,2/22/25,1:39:15,9 Adams Court ~ Hingham,Hingham,9 Adams Court,,Zillow/Trulia/Other Website,50,Hispanic or Latino,Missing,No,Hull,MA,4,1," Married/partners/couple, no dependents ","96,249.93","48,050.00",No
666185,1/21/24,14:32:00,18 Old Cedar Village ~ Bridgewater,Bridgewater,18 Old Cedar Village,,Real Estate Agent,50,Black or African American,Black or African American alone,No,Randolph,MA,2,1, Single parent ,"57,408.00","51,325.00",No
666656,7/27/24,20:59:29,24 Haywood Circle ~ Mendon,Mendon,24 Haywood Circle,,Real Estate Agent,27,White,White alone,No,Northborough,MA,1,0, Single person ,"65,000.00","31,400.00",No
666832,5/28/24,15:21:51,"74 Riley Road, Unit 88  ~ Tyngsborough",Tyngsborough,74 Riley Road,Unit 88,MyMassHome,41,"Hispanic or Latino, White",White alone,No,Waltham,MA,2,1, Single parent ,"59,079.00","72,842.32",Yes
666832,6/21/24,12:15:47,42 Pine Street ~ Newton,Newton,42 Pine Street,,MyMassHome,41,"Hispanic or Latino, White",White alone,No,Waltham,MA,2,1, Single parent ,"69,079.00","70,560.00",Yes
670096,4/29/25,13:17:48,27 Meetinghouse Road ~ Norfolk (age restricted),Norfolk,27 Meetinghouse Road,,Real Estate Agent,78,White,White alone,No,Manchester,MA,1,0, Single person ,"34,441.00","226,548.00",No
670611,7/19/24,20:22:12,2 Nancy Anne Lane ~ Merrimac (55+),Merrimac,2 Nancy Anne Lane ,,Friend/Word of Mouth,70,White,White alone,No,Woburn,MA,2,0," Married/partners/couple, no dependents ","48,992.00","98,405.00",No
671324,5/22/24,22:51:44,"14 Caspian Way, Unit 23 ~ Leominster",Leominster,14 Caspian Way,Unit 23,Real Estate Agent,33,Hispanic or Latino,Missing,No,Clinton,MA,3,1," Married/partners/couple, no dependents ","55,000.00","21,465.00",Yes
671640,7/16/24,8:34:09,1 Millbrook Lane Unit 213 ~ Wakefield,Wakefield,1 Millbrook Lane Unit 213,,MyMassHome,41,White,White alone,No,Saugus,MA,1,0, Single person ,"48,000.00","67,689.38",Yes
673625,1/9/24,8:51:00,18 Old Cedar Village ~ Bridgewater,Bridgewater,18 Old Cedar Village,,Real Estate Agent,26,Black or African American,Black or African American alone,No,Avon,MA,2,1, Single parent ,"62,000.00","4,500.00",Yes
675078,12/8/24,14:31:11,"63 Central St., Unit 203 ~ North Reading",North Reading,63 Central St.,Unit 203,MyMassHome,58,White,White alone,No,Peabody,MA,2,0, Single parent ,"80,000.00",54.00,Yes
675187,1/27/25,10:52:45,1 Harvest Drive Unit 110 ~ North Andover,North Andover,1 Harvest Drive, Unit 110,Zillow/Trulia/Other Website,33,Asian,Asian alone,No,Pelham,MA,1,0, Single person ,"90,000.00","75,000.00",No
677674,5/20/24,19:17:16,27 Meeting House Lane ~ Southborough,Southborough,27 Meeting House Lane,,Real Estate Agent,56,White,White alone,No,West Brookfield,MA,1,0, Single person ,"64,666.40","21,763.61",No
677674,5/28/24,11:31:36,"74 Riley Road, Unit 88  ~ Tyngsborough",Tyngsborough,74 Riley Road,Unit 88,Real Estate Agent,56,White,White alone,No,West Brookfield,MA,1,0, Single person ,"64,666.40","42,290.95",No
677674,6/3/24,11:22:04,"14 Caspian Way, Unit 23 ~ Leominster",Leominster,14 Caspian Way,Unit 23,Real Estate Agent,56,White,White alone,No,West Brookfield,MA,1,0, Single person ,"64,666.40","41,005.33",No
677674,6/9/24,16:31:20,"7 Crescent Way, Unit 103 ~ Sturbridge (age restricted)",Sturbridge,7 Crescent Way,Unit 103,Real Estate Agent,56,White,White alone,No,West Brookfield,MA,1,0, Single person ,"64,666.40","41,268.59",Yes
677756,9/15/24,12:28:38,"110 Dillingham Ave, Unit 105 ~ Falmouth (62+)... (first come, first served)",Falmouth,110 Dillingham Ave,Unit 105,NA,66,White,White alone,No,West Bridgewater,MA,2,0, Other ,"28,000.00","250,000.00",Yes
680334,9/15/24,23:55:38,178 Cortland Drive ~ North Andover,North Andover,178 Cortland Drive,,Friend/Word of Mouth,64,White,White alone,No,Hudson,NH,1,0, Single person ,"43,411.64","163,260.52",No
680351,5/14/24,17:39:31,"74 Riley Road, Unit 88  ~ Tyngsborough",Tyngsborough,74 Riley Road,Unit 88,MyMassHome,31,Middle Eastern or North African,White alone,No,Topsfield,MA,1,0, Single person ,"46,620.00","74,316.00",Yes
680351,7/22/24,16:01:37,1 Millbrook Lane Unit 213 ~ Wakefield,Wakefield,1 Millbrook Lane Unit 213,,MyMassHome,31,Middle Eastern or North African,White alone,No,Topsfield,MA,1,0, Single person ,"50,631.00","74,533.00",Yes
680351,1/15/25,10:18:46,1 Harvest Drive Unit 110 ~ North Andover,North Andover,1 Harvest Drive , Unit 110,MyMassHome,32,Middle Eastern or North African,White alone,Yes,Topsfield,MA,1,0, Single person ,"50,631.00","40,781.00",Yes
680351,1/15/25,10:18:46,1 Harvest Drive Unit 110 ~ North Andover,North Andover,1 Harvest Drive, Unit 110,MyMassHome,32,Middle Eastern or North African,White alone,Yes,Topsfield,MA,1,0, Single person ,"50,631.00","40,781.00",Yes
680637,1/26/24,16:28:00,"15 Jasmine Drive, Unit 17 ~ West Boylston",West Boylston,15 Jasmine Drive,Unit 17,Zillow/Trulia/Other Website,38,"Asian, Pacific Islander or Native Hawaiian",Asian; Native Hawaiian or Other Pacific Islander,No,Worcester,MA,4,0," Married/partners/couple, no dependents ",,"55,000.00",Yes
680688,1/29/24,16:05:00,"15 Jasmine Drive, Unit 17 ~ West Boylston",West Boylston,15 Jasmine Drive,Unit 17,Zillow/Trulia/Other Website,39,Hispanic or Latino,Missing,No,Spencer,MA,3,2, Single person ,"46,000.00","75,300.00",No
681358,2/24/25,13:29:46,9 Adams Court ~ Hingham,Hingham,9 Adams Court,,Zillow/Trulia/Other Website,29,Hispanic or Latino,Missing,No,Revere,MA,4,2," Married/partners/couple, no dependents ","67,000.00","12,000.00",Yes
683025,2/5/24,9:01:00,"11 Indian Woods Way, Unit 11 ~ Canton",Canton,11 Indian Woods Way,Unit 11,Zillow/Trulia/Other Website,55,Black or African American,Black or African American alone,No,Roslindale,MA,1,0, Single person ,"52,000.00",0.00,No
683067,3/16/25,18:38:23,"211 East St., Unit #4, ~ Easthampton",Easthampton,211 East St.,Unit #4,Zillow/Trulia/Other Website,32,Hispanic or Latino,Missing,No,Easthampton,MA,3,1," Married/partners/couple, no dependents ","55,000.00","28,204.77",No
683067,3/11/25,15:58:24,"211 East St., Unit #4, ~ Easthampton",Easthampton,211 East St.,Unit #4,Zillow/Trulia/Other Website,32,Hispanic or Latino,Missing,No,Easthampton,MA,3,1," Married/partners/couple, no dependents ","55,000.00","14,000.00",No
683067,3/11/25,15:24:06,"211 East St., Unit #4, ~ Easthampton",Easthampton,211 East St.,Unit #4,Zillow/Trulia/Other Website,32,Hispanic or Latino,Missing,No,Easthampton,MA,3,1," Married/partners/couple, no dependents ","55,000.00","14,000.00",No
683662,3/2/24,17:24:00,39 Swifts Beach Road ~ Wareham,Warehem,39 Swifts Beach Road,,Real Estate Agent,42,White,White alone,No,Barnstable,MA,2,0, Single parent ,"87,000.00","45,000.00",No
684277,8/19/24,16:17:01,59 River Point Drive ~ Ipswich,Ipswich,59 River Point Drive,,Zillow/Trulia/Other Website,37,White,White alone,No,Somerville,MA,1,0, Single person ,"89,084.00","74,099.00",No
684406,7/12/24,18:58:38,2 Nancy Anne Lane ~ Merrimac (55+),Merrimac,2 Nancy Anne Lane ,,Zillow/Trulia/Other Website,57,White,White alone,No,Amesbury,MA,2,0," Married/partners/couple, no dependents ","67,274.60","64,396.04",Yes
685042,8/14/24,19:24:01,59 River Point Drive ~ Ipswich,Ipswich,59 River Point Drive,,Friend/Word of Mouth,30,White,White alone,No,Boxford,MA,3,0, Single person ,"81,500.00","48,400.00",No
685042,8/19/24,9:57:04,59 River Point Drive ~ Ipswich,Ipswich,59 River Point Drive,,Friend/Word of Mouth,30,White,White alone,No,Boxford,MA,1,0, Single person ,"81,500.00","48,400.00",No
685042,9/3/24,20:01:32,"6 Woodman Way, unit 204A ~ Newburyport",Newburyport,6 Woodman Way,Unit 204A,Zillow/Trulia/Other Website,30,White,White alone,No,Boxford,MA,1,0, Single person ,"81,500.00","49,400.00",No
686131,2/20/25,14:50:41,9 Adams Court ~ Hingham,Hingham,9 Adams Court,,Zillow/Trulia/Other Website,36,Black or African American,Black or African American alone,No,Randolph,MA,4,3, Single parent ,"58,787.76","73,651.58",Yes
688088,2/3/24,16:32:00,"11 Indian Woods Way, Unit 11 ~ Canton",Canton,11 Indian Woods Way,Unit 11,MyMassHome,33,"Hispanic or Latino, White",White alone,No,Hyde Park,MA,3,1," Married/partners/couple, no dependents ","72,000.00","66,000.00",No
688513,7/27/24,18:49:01,1 Millbrook Lane Unit 213 ~ Wakefield,Wakefield,1 Millbrook Lane Unit 213,,MyMassHome,48,White,White alone,Yes,Methuen,MA,2,1, Single parent ,"4,800.00","72,101.00",Yes
689305,5/25/24,14:17:21,"14 Caspian Way, Unit 23 ~ Leominster",Leominster,14 Caspian Way,Unit 23,Friend/Word of Mouth,38,Choose not to answer,Missing,No,Ayer,MA,3,1," Married/partners/couple, no dependents ","31,220.00","10,000.00",Yes
689589,5/17/24,3:29:25,"74 Riley Road, Unit 88  ~ Tyngsborough",Tyngsborough,74 Riley Road,Unit 88,Real Estate Agent,45,Black or African American,Black or African American alone,No,Lowell,MA,2,1, Single parent ,"65,000.00","10,000.00",Yes
691515,5/17/24,10:24:23,"74 Riley Road, Unit 88  ~ Tyngsborough",Tyngsborough,74 Riley Road,Unit 88,Zillow/Trulia/Other Website,21,Hispanic or Latino,Missing,No,Saugus,MA,1,0, Single person ,"65,000.00","18,000.00",Yes
691598,11/26/24,20:19:22,9 Minuteman Lane ~ Westford,Westford,9 Minuteman Lane,,Zillow/Trulia/Other Website,41,White,White alone,No,Plaistow,NH,1,0, Single person ,"4,744.14","15,822.00",Yes
691633,11/25/24,12:09:03,"19 Broad Street, 204 ~ Merrimac",Merrimac,19 Broad Street,204,MyMassHome,21,White,White alone,No,Lynnfield,MA,1,0, Single person ,"62,500.00","71,438.00",Yes
692254,11/16/24,8:46:50,7 Buttercup Lane ~ Grafton,Grafton,7 Buttercup Lane,,Real Estate Agent,22,White,White alone,No,Northbridge,MA,3,1," Married/partners/couple, no dependents ","73,736.00","35,196.00",No
692496,8/2/24,17:05:25,24 Haywood Circle ~ Mendon,Mendon,24 Haywood Circle,,MyMassHome,30,Asian,Asian alone,No,Boston,MA,2,1, Single parent ,"56,160.00","28,000.00",No
694813,2/4/25,17:12:32,14 Autumn Lane ~ Northborough,Northborough,14 Autumn Lane,,NA,54,Black or African American,Black or African American alone,No,Boston,MA,3,1, Single person ,"55,853.00","47,000.00",Yes
695333,8/4/24,15:56:03,24 Haywood Circle ~ Mendon,Mendon,24 Haywood Circle,,Real Estate Agent,22,Asian,Asian alone,No,Ashland,MA,4,0," Married/partners/couple, no dependents ","90,896.00","69,157.00",No
695624,9/24/24,20:26:44,"1A Lindas Way, Unit 13 ~ Sterling",Sterling,1A Lindas Way,Unit 13,Zillow/Trulia/Other Website,29,White,White alone,No,Auburn,MA,1,0, Single person ,"63,177.00","59,814.33",No
695624,2/1/25,9:28:09,14 Autumn Lane ~ Northborough,Northborough,14 Autumn Lane,,Zillow/Trulia/Other Website,30,White,White alone,No,Auburn,MA,1,0, Single person ,"65,777.00","72,509.21",No
697163,8/29/24,16:33:21,"12 Rebecca Way, Unit 9 ~ Methuen (55+)",Methuen,12 Rebecca Way,Unit 9,Zillow/Trulia/Other Website,82,White,White alone,Yes,Haverhill,MA,2,0," Married/partners/couple, no dependents ","64,843.00",49.94,No
697413,3/18/24,15:07:00,1205 Albion Road ~ Bedford,Bedford ,1205 Albion Road,,MyMassHome,59,Middle Eastern or North African,White alone,No,Burlington,MA,1,0, Single person ,"72,000.00","85,000.00",Yes
697413,6/24/24,13:33:58,42 Pine Street ~ Newton,Newton,42 Pine Street,,MyMassHome,60,White,White alone,No,Burlington,MA,1,0, Single person ,"72,000.00","75,000.00",Yes
698729,7/29/24,17:15:53,1 Millbrook Lane Unit 213 ~ Wakefield,Wakefield,1 Millbrook Lane Unit 213,,MyMassHome,27,Asian,Asian alone,No,North Reading,MA,1,0, Single person ,"52,000.00","42,000.00",Yes
698838,5/13/24,18:00:38,"74 Riley Road, Unit 88  ~ Tyngsborough",Tyngsborough,74 Riley Road,Unit 88,Real Estate Agent,28,White,White alone,No,Tyngsboro,MA,2,1, Single parent ,"25,000.00","10,000.00",No
698838,5/20/24,14:05:30,"74 Riley Road, Unit 88  ~ Tyngsborough",Tyngsborough,74 Riley Road,Unit 88,Real Estate Agent,28,White,White alone,No,Tyngsboro,MA,2,1, Single parent ,"2,300.00","49,000.00",Yes
698838,5/22/24,17:06:08,"14 Caspian Way, Unit 23 ~ Leominster",Leominster,14 Caspian Way,Unit 23,Real Estate Agent,28,White,White alone,No,Tyngsboro,MA,2,1, Single parent ,"27,000.00","49,000.00",Yes
699839,5/19/24,15:33:50,"74 Riley Road, Unit 88  ~ Tyngsborough",Tyngsborough,74 Riley Road,Unit 88,MyMassHome,45,Asian,Asian alone,No,Dracut,MA,3,1," Married/partners/couple, no dependents ","70,720.00","82,169.71",No
699839,5/19/24,15:58:51,"74 Riley Road, Unit 88  ~ Tyngsborough",Tyngsborough,74 Riley Road,Unit 88,MyMassHome,45,Asian,Asian alone,No,Dracut,MA,3,1," Married/partners/couple, no dependents ","70,720.00","82,169.71",Yes
703670,1/21/25,17:02:09,72 Buttercup Lane ~ Grafton,Grafton,72 Buttercup Lane,,Real Estate Agent,54,Asian,Asian alone,No,Northborough,MA,2,0," Married/partners/couple, no dependents ","67,200.00","26,000.00",Yes
705052,1/21/24,17:23:00,18 Old Cedar Village ~ Bridgewater,Bridgewater,18 Old Cedar Village,,Zillow/Trulia/Other Website,47,Black or African American,Black or African American alone,No,Brockton,MA,4,1," Married/partners/couple, no dependents ","87,912.00","21,037.00",Yes
705521,5/11/24,10:31:35,27 Meeting House Lane ~ Southborough,Southborough,27 Meeting House Lane,,MyMassHome,30,White,White alone,No,Ashland,MA,1,0, Single person ,"68,800.00","42,196.65",No
705521,6/17/24,9:53:28,42 Pine Street ~ Newton,Newton,42 Pine Street,,MyMassHome,31,White,White alone,No,Ashland,MA,1,0, Single person ,"68,800.00","37,000.00",Yes
706110,5/13/24,13:07:56,27 Meeting House Lane ~ Southborough,Southborough,27 Meeting House Lane,,Real Estate Agent,41,Hispanic or Latino,Missing,No,Worcester,MA,1,0, Single person ,"66,040.00","13,400.00",No
706110,9/23/24,16:18:31,"1A Lindas Way, Unit 13 ~ Sterling",Sterling,1A Lindas Way,Unit 13,Real Estate Agent,41,Hispanic or Latino,Missing,No,Sterling,MA,1,0, Single person ,"66,040.00","3,100.00",No
707435,7/1/24,7:49:44,28 Longview Circle ~Ayer,Ayer,28 Longview Circle,,MyMassHome,26,Hispanic or Latino,Missing,No,Andover,MA,4,2," Married/partners/couple, no dependents ","92,297.00","40,000.00",Yes
709769,3/21/24,17:52:00,"170 Haverhill Street, #117 ~ Andover",Andover ,170 Haverhill Street,#117,Real Estate Agent,34,White,White alone,No,Lynn,MA,1,0, Single person ,"70,000.00",0.00,Yes
709769,3/23/24,14:38:00,"170 Haverhill Street, #117 ~ Andover",Andover ,170 Haverhill Street,#117,Real Estate Agent,34,White,White alone,No,Lynn,MA,1,0, Single person ,"70,000.00",0.00,Yes
709769,8/8/24,12:47:25,"33 Intrepid Circle, 305 ~ Marblehead (First Come, First Served)",Marblehead,33 Intrepid Circle,305,MyMassHome,35,White,White alone,No,Lynn,MA,1,0, Single person ,"81,000.00",0.00,Yes
713219,7/21/24,15:46:09,1 Millbrook Lane Unit 213 ~ Wakefield,Wakefield,1 Millbrook Lane Unit 213,,MyMassHome,23,White,White alone,No,Woburn,MA,1,0, Single person ,"70,928.00","28,890.50",Yes
713341,1/31/25,17:53:19,14 Autumn Lane ~ Northborough,Northborough,14 Autumn Lane,,Zillow/Trulia/Other Website,40,White,White alone,No,Marlborough,MA,3,2, Single parent ,"60,017.00","37,285.00",No
714419,10/1/24,11:02:51,16 Cobblestone Way ~ Sandwich,Sandwich,16 Cobblestone Way,,Zillow/Trulia/Other Website,31,Black or African American,Black or African American alone,No,Mashpee,MA,2,1, Single parent ,"58,000.00","23,250.00",Yes
714458,9/15/24,22:47:37,178 Cortland Drive ~ North Andover,North Andover,178 Cortland Drive,,Friend/Word of Mouth,65,White,White alone,No,Andover,MA,1,0, Single person ,"64,614.00","70,000.00",No
720185,11/9/24,20:01:39,24 Water Wheel Circle ~ Templeton,Templeton,24 Water Wheel Circle,,Zillow/Trulia/Other Website,29,White,White alone,No,Fitchburg,MA,1,0, Single person ,"63,364.00","27,000.00",No
720335,9/22/24,5:54:40,"110 Dillingham Ave, Unit 105 ~ Falmouth (62+) (first come, first served)",Falmouth,110 Dillingham Ave,Unit 105,NA,67,White,White alone,Yes,West Bridgewater,MA,1,0, Single person ,"15,000.00","150,000.00",Yes
720335,10/23/24,13:27:21,"110 Dillingham Ave, Unit 105 ~ Falmouth (62+) (first come, first served)",Falmouth,110 Dillingham Ave,Unit 105,NA,68,White,White alone,Yes,West Bridgewater,MA,1,0, Single person ,"12,024.00",0.00,Yes
720335,3/2/25,10:22:52,"18 West Road, Unit 212 ~ Orleans (age restricted)",Orleans,18 West Road,Unit 212,MyMassHome,68,White,White alone,No,West Bridgewater,MA,2,0, Other ,"19,620.00","240,000.00",Yes
720695,12/11/23,1:05:00,West Boylston - 103 Afra Drive Unit 51,West Boylston,103 Afra Drive,Unit 51,Friend/Word of Mouth,49,Choose not to answer,Missing,No,Worcester,MA,4,2," Married/partners/couple, no dependents ","22,000.00","15,000.00",Yes
720695,1/28/24,22:58:00,"15 Jasmine Drive, Unit 17 ~ West Boylston",West Boylston,15 Jasmine Drive,Unit 17,Friend/Word of Mouth,49,Black or African American,Black or African American alone,No,Worcester,MA,4,2," Married/partners/couple, no dependents ","22,000.00","14,500.00",Yes
721950,5/14/24,17:06:17,27 Meeting House Lane ~ Southborough,Southborough,27 Meeting House Lane,,MyMassHome,37,"Middle Eastern or North African, White",White alone,No,Ashland,MA,4,2," Married/partners/couple, no dependents ","95,000.00","65,080.27",Yes
721950,6/26/24,11:04:01,28 Longview Circle ~Ayer,Ayer,28 Longview Circle,,MyMassHome,37,Middle Eastern or North African,White alone,No,Ashland,MA,4,2," Married/partners/couple, no dependents ","100,000.00","71,370.00",Yes
723237,5/27/24,20:28:54,"74 Riley Road, Unit 88  ~ Tyngsborough",Tyngsborough,74 Riley Road,Unit 88,Zillow/Trulia/Other Website,24,White,White alone,No,Litchfield,NH,2,1, Single parent ,"67,500.00","15,000.00",No
723309,5/14/24,16:46:10,"74 Riley Road, Unit 88  ~ Tyngsborough",Tyngsborough,74 Riley Road,Unit 88,MyMassHome,28,Asian,Asian alone,No,Tyngsboro,MA,3,1," Married/partners/couple, no dependents ","69,500.00","29,459.00",No
723340,9/17/24,12:14:18,178 Cortland Drive ~ North Andover,North Andover,178 Cortland Drive,,Zillow/Trulia/Other Website,58,White,White alone,No,North Andover,MA,2,1, Single parent ,"72,891.00","74,931.54",No
723718,5/19/24,13:37:45,27 Meeting House Lane ~ Southborough,Southborough,27 Meeting House Lane,,Real Estate Agent,63,White,White alone,No,Natick,MA,1,0, Single parent ,"54,836.56","69,859.44",Yes
725953,11/4/23,18:10:00,North Andover Unit 109,North Andover,, Unit 109,Zillow/Trulia/Other Website,31,White,White alone,No,Methuen,MA,1,0, Single person ,"56,816.03","15,610.41",Yes
726420,3/14/25,14:18:27,18A Longview Circle ~ Ayer,Ayer,18A Longview Circle,,Real Estate Agent,54,White,White alone,No,Lowell,MA,1,0, Single person ,"493,323.00","30,654.00",No
726687,11/18/24,14:54:37,7 Buttercup Lane ~ Grafton,Grafton,7 Buttercup Lane,,Friend/Word of Mouth,26,White,White alone,No,North Grafton,MA,2,0," Married/partners/couple, no dependents ","75,000.00","10,000.00",No
727219,5/20/24,11:36:11,27 Meeting House Lane ~ Southborough,Southborough,27 Meeting House Lane,,Zillow/Trulia/Other Website,58,White,White alone,No,Marlborough,MA,1,0, Single person ,"53,863.00","18,227.92",No
727219,2/4/25,11:55:28,14 Autumn Lane ~ Northborough,Northborough,14 Autumn Lane,,MyMassHome,59,White,White alone,No,Marlboro,MA,1,0, Single person ,"59,211.00","26,000.00",No
728778,7/26/24,23:03:59,1 Millbrook Lane Unit 213 ~ Wakefield,Wakefield,1 Millbrook Lane Unit 213,,Zillow/Trulia/Other Website,36,White,White alone,No,Wakefield,MA,1,0, Single person ,"66,809.60","23,717.36",No
729044,8/2/24,10:09:46,24 Haywood Circle ~ Mendon,Mendon,24 Haywood Circle,,Zillow/Trulia/Other Website,40,Choose not to answer,Missing,Yes,Shrewsbury,MA,1,0, Single person ,"51,000.00","10,000.00",Yes
729044,8/2/24,19:14:08,24 Haywood Circle ~ Mendon,Mendon,24 Haywood Circle,,Zillow/Trulia/Other Website,40,White,White alone,Yes,Shrewsbury,MA,1,0, Single person ,"51,000.00","10,000.00",Yes
729141,9/17/24,16:46:29,178 Cortland Drive ~ North Andover,North Andover,178 Cortland Drive,,Zillow/Trulia/Other Website,55,White,White alone,No,Hudson,NH,1,0, Single person ,"52,000.00","8,346.19",No
731600,10/31/24,15:40:07,24 Water Wheel Circle ~ Templeton,Templeton,24 Water Wheel Circle,,Zillow/Trulia/Other Website,36,White,White alone,Yes,Warwick,MA,1,0, Single person ,"40,068.00",0.00,Yes
732606,7/28/24,23:05:23,1 Millbrook Lane Unit 213 ~ Wakefield,Wakefield,1 Millbrook Lane Unit 213,,MyMassHome,38,White,White alone,No,Haverhill,MA,3,2, Single person ,"64,330.72","28,124.24",Yes
733431,2/18/25,2:31:30,9 Adams Court ~ Hingham,Hingham,9 Adams Court,,Zillow/Trulia/Other Website,35,Hispanic or Latino,Missing,No,Boston,MA,2,1, Single parent ,"92,717.31",0.00,Yes
733548,6/27/24,13:46:08,28 Longview Circle ~Ayer,Ayer,28 Longview Circle,,Zillow/Trulia/Other Website,43,Black or African American,Black or African American alone,No,Ayer,MA,4,2," Married/partners/couple, no dependents ","92,408.88","3,135.34",Yes
733981,8/30/24,10:05:46,"12 Rebecca Way, Unit 9 ~ Methuen (55+)",Methuen,12 Rebecca Way,Unit 9,MyMassHome,62,White,White alone,No,Methuen,MA,2,0," Married/partners/couple, no dependents ","58,000.00","5,000.00",No
735920,9/15/24,18:32:28,178 Cortland Drive ~ North Andover,North Andover,178 Cortland Drive,,MyMassHome,66.5,White,White alone,No,Haverhill,MA,1,0, Single person ,"5,438.00","8,334.72",No
736900,7/22/24,11:44:26,24 Haywood Circle ~ Mendon,Mendon,24 Haywood Circle,,MyMassHome,46,Hispanic or Latino,Missing,Yes,Taunton,MA,4,0, Single parent ,"66,838.80","11,575.00",Yes
736900,7/30/24,10:51:55,8 Kayak Trail ~ Norton,Norton,8 Kayak Trail,,MyMassHome,46,Hispanic or Latino,Missing,Yes,Taunton,MA,4,0, Single parent ,"66,838.80","11,575.00",Yes
736900,8/11/24,13:26:44,"401 West Center St, F2, ~ West Bridgewater",West Bridgewater,401 West Center St,F2,Real Estate Agent,46,Hispanic or Latino,Missing,Yes,Taunton,MA,4,0, Single parent ,"67,011.00","10,085.00",Yes
736900,5/7/25,6:33:01,1 Lois Lane ~ Townsend,Townsend,1 Lois Lane,,MyMassHome,47,Hispanic or Latino,Missing,Yes,Taunton,MA,3,0, Single parent ,"50,116.00","18,359.00",Yes
739741,2/15/25,16:18:10,34 Beaver Pond Road ~ Milford,Milford,34 Beaver Pond Road,,Real Estate Agent,44,White,White alone,Yes,Norton,MA,1,0, Single person ,"53,967.84","14,968.85",Yes
740585,5/16/24,11:24:40,"74 Riley Road, Unit 88  ~ Tyngsborough",Tyngsborough,74 Riley Road,Unit 88,MyMassHome,49,Asian,Asian alone,No,Lowell,MA,4,2," Married/partners/couple, no dependents ","97,000.00","30,500.00",No
740585,6/27/24,12:40:29,28 Longview Circle ~Ayer,Ayer,28 Longview Circle,,MyMassHome,49,Asian,Asian alone,No,Lowell,MA,6,2," Married/partners/couple, no dependents ","110,500.00","33,000.00",No
740720,5/16/24,19:59:36,27 Meeting House Lane ~ Southborough,Southborough,27 Meeting House Lane,,Zillow/Trulia/Other Website,39,Asian,Asian alone,No,Bellingham,MA,2,0, Single person ,"50,000.00","262,000.00",No
741440,6/29/24,22:23:11,28 Longview Circle ~Ayer,Ayer,28 Longview Circle,,NA,25,White,White alone,No,Sterling,MA,2,0, Single person ,"96,000.00","72,480.00",Yes
743078,1/28/24,15:13:00,"15 Jasmine Drive, Unit 17 ~ West Boylston",West Boylston,15 Jasmine Drive,Unit 17,Real Estate Agent,47,Black or African American,Black or African American alone,No,Worcester,MA,4,1, Single parent ,"73,884.00","71,800.00",Yes
744018,6/11/24,10:10:21,42 Pine Street ~ Newton,Newton,42 Pine Street,,MyMassHome,35,Black or African American,Black or African American alone,No,Malden,MA,3,1," Married/partners/couple, no dependents ","95,000.00","18,000.00",Yes
744130,2/7/25,16:22:46,34 Beaver Pond Road ~ Milford,Milford,34 Beaver Pond Road,,MyMassHome,36,"Black or African American, Hispanic or Latino, White",Black or African American; White,No,Worcester,MA,5,3," Married/partners/couple, no dependents ","52,208.00","23,000.00",Yes
744130,2/5/25,15:25:16,34 Beaver Pond Road ~ Milford,Milford,34 Beaver Pond Road,,MyMassHome,36,"Black or African American, Hispanic or Latino, White",Black or African American; White,No,Worcester,MA,5,3," Married/partners/couple, no dependents ","52,208.00","23,000.00",Yes
744130,2/5/25,15:24:01,23 Buttercup Lane ~ Grafton,Grafton,23 Buttercup Lane,,MyMassHome,36,"Black or African American, Hispanic or Latino, White",Black or African American; White,No,Worcester,MA,5,3," Married/partners/couple, no dependents ","52,208.00","23,000.00",Yes
744130,1/22/25,11:51:27,14 Autumn Lane ~ Northborough,Northborough,14 Autumn Lane,,MyMassHome,36,"Black or African American, White",Black or African American; White,No,New Bedford/ Worcester,MA,5,3," Married/partners/couple, no dependents ","52,208.00","23,000.00",Yes
744130,1/20/25,18:33:10,72 Buttercup Lane ~ Grafton,Grafton,72 Buttercup Lane,,MyMassHome,33,"Black or African American, White",Black or African American; White,No,New Bedford / Worcester,MA,5,3," Married/partners/couple, no dependents ","52,208.00","23,000.00",Yes
744693,2/24/25,17:32:42,9 Adams Court ~ Hingham,Hingham,9 Adams Court,,Zillow/Trulia/Other Website,35,Hispanic or Latino,Missing,Yes,Abington,MA,2,1, Single parent ,"95,680.00","8,461.00",Yes
745387,11/9/24,9:07:34,24 Water Wheel Circle ~ Templeton,Templeton,24 Water Wheel Circle,,Real Estate Agent,24,White,White alone,No,Westminster,MA,1,0, Single person ,"45,905.00","21,500.00",No
748130,6/25/24,7:31:01,28 Longview Circle ~Ayer,Ayer,28 Longview Circle,,Real Estate Agent,31,White,White alone,No,Dracut,MA,3,1," Married/partners/couple, no dependents ","109,000.00","35,608.00",Yes
750614,5/31/24,16:22:30,"14 Caspian Way, Unit 23 ~ Leominster",Leominster,14 Caspian Way,Unit 23,Zillow/Trulia/Other Website,42,"Hispanic or Latino, White",White alone,No,Leominster,MA,4,2," Married/partners/couple, no dependents ","95,518.70","70,123.12",Yes
750684,1/25/24,20:31:00,"11 Indian Woods Way, Unit 11 ~ Canton",Canton,11 Indian Woods Way,Unit 11,Zillow/Trulia/Other Website,33,Black or African American,Black or African American alone,No,Randolph,MA,1,0, Single person ,"75,476.00","24,164.00",No
752712,5/16/24,18:35:35,"74 Riley Road, Unit 88  ~ Tyngsborough",Tyngsborough,74 Riley Road,Unit 88,Real Estate Agent,42,"Hispanic or Latino, White",White alone,No,Methuen,MA,4,1, Single parent ,"51,337.28","14,509.00",No
753912,5/21/24,14:18:33,27 Meeting House Lane ~ Southborough,Southborough,27 Meeting House Lane,,MyMassHome,28,Black or African American,Black or African American alone,No,Worcester,MA,5,1," More than one related adults, no dependents ","250,000.00","10,700.00",No
754821,9/26/24,8:59:43,"250 Main St, Unit 317 ~ Hudson (first come, first served)",Hudson,250 Main St,Unit 317,MyMassHome,60,Hispanic or Latino,Missing,No,Marlborough,MA,2,0, Single parent ,"84,480.00","130,989.14",Yes
755068,8/1/24,9:53:11,"401 West Center St, F2, ~ West Bridgewater",West Bridgewater,401 West Center St,F2,Real Estate Agent,35,Black or African American,Black or African American alone,No,Brockton,MA,1,0, Single person ,"36,000.00",33.81,No
756043,4/14/24,18:58:00,"1 Magnolia Way, Unit 6 ~ Edgartown",Edgartown,1 Magnolia Way,Unit 6,Friend/Word of Mouth,28,White,White alone,No,Edgartown,MA,1,0, Single person ,"57,217.00","20,087.00",No
756629,2/1/24,9:08:00,"11 Indian Woods Way, Unit 11 ~ Canton",Canton,11 Indian Woods Way,Unit 11,Real Estate Agent,23,Black or African American,Black or African American alone,No,Dorchester,MA,6,0," More than one related adults, with dependents ","43,000.00",0.00,No
761275,6/4/24,16:23:48,"14 Caspian Way, Unit 23 ~ Leominster",Leominster,14 Caspian Way,Unit 23,Zillow/Trulia/Other Website,36,White,White alone,Yes,Warwick,MA,1,0, Single person ,"38,796.00",0.00,Yes
761925,3/5/24,15:26:00,"501 Commerce Drive, Unit 4-302 ~ Braintree",Braintree,501 Commerce Drive,Unit 4-302,MyMassHome,45,White,White alone,Yes,Braintree,MA,2,1, Single parent ,"58,450.00","52,000.00",No
761925,3/5/24,15:26:00,"501 Commerce Drive, Unit 4-302 ~ Braintree",Braintree,501 Commerce Drive,Unit 4-302,MyMassHome,45,White,White alone,Yes,Braintree,MA,2,1, Single parent ,"58,450.00","52,000.00",No
763483,5/9/24,16:50:22,27 Meeting House Lane ~ Southborough,Southborough,27 Meeting House Lane,,Real Estate Agent,27,White,White alone,No,Hopkinton,MA,1,0, Single person ,"44,000.00","83,397.00",No
763483,2/11/25,16:15:08,34 Beaver Pond Road ~ Milford,Milford,34 Beaver Pond Road,,Real Estate Agent,28,White,White alone,No,Hopkinton,MA,4,0, Single person ,"43,000.00","70,000.00",No
764169,9/18/24,19:50:10,"1A Lindas Way, Unit 13 ~ Sterling",Sterling,1A Lindas Way,Unit 13,MyMassHome,25,White,White alone,No,Westminster,MA,1,0, Single person ,"66,171.00","72,043.97",Yes
764169,1/27/25,17:34:25,14 Autumn Lane ~ Northborough,Northborough,14 Autumn Lane,,MyMassHome,26,White,White alone,No,Westminster,MA,1,0, Single person ,"68,390.03","67,304.62",Yes
764373,6/26/24,20:59:13,28 Longview Circle ~Ayer,Ayer,28 Longview Circle,,Real Estate Agent,35,White,White alone,No,Littleton,MA,2,1, Single parent ,"78,094.40","26,787.52",No
764437,1/29/24,10:50:00,"11 Indian Woods Way, Unit 11 ~ Canton",Canton,11 Indian Woods Way,Unit 11,Real Estate Agent,74,White,White alone,No,Marlborough,CT,2,0," Married/partners/couple, no dependents ","78,958.00","74,857.00",No
764996,4/16/24,16:47:00,"5 Woodman Way, #308B ~ Newburyport",Newburyport,5 Woodman Way,#308B ,Zillow/Trulia/Other Website,63,White,White alone,No,Newberyport,MA,2,0," Married/partners/couple, no dependents ","24,000.00","7,000.00",No
767203,5/14/24,21:27:15,"74 Riley Road, Unit 88  ~ Tyngsborough",Tyngsborough,74 Riley Road,Unit 88,MyMassHome,33,Black or African American,Black or African American alone,No,Weymouth,MA,2,1, Single parent ,"75,979.02","13,000.00",Yes
767203,6/11/24,8:37:28,42 Pine Street ~ Newton,Newton,42 Pine Street,,MyMassHome,33,Black or African American,Black or African American alone,No,Weymouth,MA,2,1, Single parent ,"75,969.02","12,000.00",Yes
767373,6/30/24,14:09:17,28 Longview Circle ~Ayer,Ayer,28 Longview Circle,,MyMassHome,29,Asian,Asian alone,No,Menomonie,MA,2,0," Married/partners/couple, no dependents ","100,000.00","40,255.00",Yes
767502,1/23/24,19:40:00,"11 Indian Woods Way, Unit 11 ~ Canton",Canton,11 Indian Woods Way,Unit 11,NA,46,White,White alone,No,Canton,MA,2,1, Single parent ,"93,750.00","30,000.00",No
767502,5/23/24,5:19:50,"74 Riley Road, Unit 88  ~ Tyngsborough",Tyngsborough,74 Riley Road,Unit 88,Real Estate Agent,51,Asian,Asian alone,No,Lowell,MA,3,1," Married/partners/couple, no dependents ","73,000.00","73,000.00",No
769892,5/12/25,19:26:22,1 Lois Lane ~ Townsend,Townsend,1 Lois Lane,,Real Estate Agent,23,White,White alone,No,Dracut,MA,1,0, Single person ,"83,158.00","40,137.00",No
770290,8/12/24,21:45:46,8 Kayak Trail ~ Norton,Norton,8 Kayak Trail,,Real Estate Agent,39,White,White alone,No,Fall River,MA,2,1, Single parent ,"40,000.00","60,000.00",No
776394,1/18/24,14:35:00,"15 Jasmine Drive, Unit 17 ~ West Boylston",West Boylston,15 Jasmine Drive,Unit 17,MyMassHome,25,White,White alone,No,Berlin,MA,1,0, Single person ,"59,000.00","3,000.00",No
777831,5/12/25,22:02:41,1 Lois Lane ~ Townsend,Townsend,1 Lois Lane,,Zillow/Trulia/Other Website,34,White,White alone,No,Clinton,MA,2,0," Married/partners/couple, no dependents ","70,741.00","74,865.85",No
777831,5/7/25,20:09:38,1 Lois Lane ~ Townsend,Townsend,1 Lois Lane,,Zillow/Trulia/Other Website,34,White,White alone,No,Clinton,MA,2,0," Married/partners/couple, no dependents ","80,000.00",0.00,No
779544,1/26/24,12:54:00,"11 Indian Woods Way, Unit 11 ~ Canton",Canton,11 Indian Woods Way,Unit 11,Zillow/Trulia/Other Website,36,Black or African American,Black or African American alone,No,Lawrence,MA,1,0, Single person ,"81,000.00","2,000.00",Yes
779544,2/1/24,9:30:00,"11 Indian Woods Way, Unit 11 ~ Canton",Canton,11 Indian Woods Way,Unit 11,Zillow/Trulia/Other Website,36,Black or African American,Black or African American alone,No,Lawrence,MA,1,0, Single person ,"81,000.00","3,000.00",Yes
780222,3/13/25,17:17:13,"211 East St., Unit #4, ~ Easthampton",Easthampton,211 East St.,Unit #4,Zillow/Trulia/Other Website,30,Asian,Asian alone,No,Easthampton,MA,1,0, Single person ,"41,000.00","69,000.00",No
780222,3/11/25,18:21:53,"211 East St., Unit #4, ~ Easthampton",Easthampton,211 East St.,Unit #4,Zillow/Trulia/Other Website,30,Asian,Asian alone,No,Easthampton,MA,1,0, Single person ,"41,000.00","69,807.00",No
780222,3/11/25,17:07:41,"211 East St., Unit #4, ~ Easthampton",Easthampton,211 East St.,Unit #4,Zillow/Trulia/Other Website,30,Asian,Asian alone,No,Easthampton,MA,1,0, Single person ,"41,000.00","67,000.00",No
781575,1/22/24,14:12:00,18 Old Cedar Village ~ Bridgewater,Bridgewater,18 Old Cedar Village,,Real Estate Agent,38,White,White alone,No,Taunton,MA,1,0, Single person ,"27,357.00","24,401.00",No
781791,9/29/24,21:28:29,"1A Lindas Way, Unit 13 ~ Sterling",Sterling,1A Lindas Way,Unit 13,MyMassHome,49,White,White alone,No,Templeton,MA,1,0, Single person ,"52,000.00","48,300.29",No
781791,11/11/24,22:14:06,24 Water Wheel Circle ~ Templeton,Templeton,24 Water Wheel Circle,,MyMassHome,50,White,White alone,No,Templeton,MA,1,0, Single person ,"54,000.00","45,391.42",No
781791,11/25/24,20:47:49,9 Minuteman Lane ~ Westford,Westford,9 Minuteman Lane,,MyMassHome,50,White,White alone,No,Templeton,MA,1,0, Single person ,"54,000.00","45,400.00",No
782927,6/2/24,21:30:47,"14 Caspian Way, Unit 23 ~ Leominster",Leominster,14 Caspian Way,Unit 23,MyMassHome,26,Choose not to answer,Missing,No,Sterling,MA,2,1, Single parent ,"65,000.00","23,000.00",No
783241,7/23/24,17:09:33,24 Haywood Circle ~ Mendon,Mendon,24 Haywood Circle,,Real Estate Agent,41,Hispanic or Latino,Missing,No,Milford,MA,3,1," Married/partners/couple, no dependents ","89,482.00","40,100.00",No
785480,11/1/23,13:10:00,North Andover Unit 109,North Andover,, Unit 109,Real Estate Agent,38,White,White alone,Yes,Stoneham,MA,1,0, Single person ,"60,168.00","12,000.00",Yes
790480,7/29/24,13:14:09,1 Millbrook Lane Unit 213 ~ Wakefield,Wakefield,1 Millbrook Lane Unit 213,,MyMassHome,30,"Hispanic or Latino, White",White alone,No,Malden,MA,4,0," Married/partners/couple, no dependents ","131,000.00","13,000.00",No
791157,5/29/24,20:52:28,"14 Caspian Way, Unit 23 ~ Leominster",Leominster,14 Caspian Way,Unit 23,Zillow/Trulia/Other Website,24,White,White alone,Yes,Woburn,MA,1,0, Single person ,"62,000.00",0.00,No
792408,2/2/24,14:03:00,"11 Indian Woods Way, Unit 11 ~ Canton",Canton,11 Indian Woods Way,Unit 11,Zillow/Trulia/Other Website,43,White,White alone,No,Braintree,MA,3,1," Married/partners/couple, with dependents ","76,960.00","25,000.00",No
794551,1/30/24,0:02:00,"11 Indian Woods Way, Unit 11 ~ Canton",Canton,11 Indian Woods Way,Unit 11,Real Estate Agent,49,Black or African American,Black or African American alone,No,Canton,MA,3,0," Married/partners/couple, no dependents ","90,000.00","17,000.00",Yes
795243,3/7/25,10:24:50,13 Dunrobin Circle ~ Methuen,Methuen,13 Dunrobin Circle,,Real Estate Agent,57,White,White alone,Yes,Haverhill,MA,1,0, Single person ,"68,000.00","20,000.00",No
797133,9/2/24,19:11:02,"12 Rebecca Way, Unit 9 ~ Methuen (55+)",Methuen,12 Rebecca Way,Unit 9,MyMassHome,79,Hispanic or Latino,Missing,No,Dracut,MA,1,0, Single person ,"34,502.00","250,324.00",No
797133,10/4/24,16:32:45,"63 Central St., #107 ~ North Reading (55+)",North Reading ,63 Central St.,#107,MyMassHome,79,Hispanic or Latino,Missing,No,Dracut,MA,1,0, Single person ,"34,502.00","22,804.00",No
798926,3/5/24,19:18:00,"501 Commerce Drive, Unit 4-302 ~ Braintree",Braintree,501 Commerce Drive,Unit 4-302,MyMassHome,25,"Black or African American, Hispanic or Latino",Black or African American,No,Braintree,MA,2,0," More than one related adults, with dependents ","85,000.00",0.00,No
798926,3/5/24,19:18:00,"501 Commerce Drive, Unit 4-302 ~ Braintree",Braintree,501 Commerce Drive,Unit 4-302,MyMassHome,25,"Black or African American, Hispanic or Latino",Black or African American,No,Braintree,MA,2,0," More than one related adults, with dependents ","85,000.00",0.00,No
799057,5/24/24,8:14:42,"14 Caspian Way, Unit 23 ~ Leominster",Leominster,14 Caspian Way,Unit 23,Zillow/Trulia/Other Website,36,Hispanic or Latino,Missing,No,Leominster,MA,4,2," Married/partners/couple, no dependents ","90,000.00","28,000.00",No
802609,1/21/24,13:34:00,18 Old Cedar Village ~ Bridgewater,Bridgewater,18 Old Cedar Village,,Friend/Word of Mouth,46,White,White alone,No,Bridgewater,MA,1,0, Single person ,"65,558.00","177,642.00",No
803520,5/25/24,13:06:13,"74 Riley Road, Unit 88  ~ Tyngsborough",Tyngsborough,74 Riley Road,Unit 88,Zillow/Trulia/Other Website,24,Hispanic or Latino,Missing,No,Lawrence,MA,2,1, Single person ,"47,000.00","5,500.00",No
803579,5/28/24,16:33:42,"74 Riley Road, Unit 88  ~ Tyngsborough",Tyngsborough,74 Riley Road,Unit 88,MyMassHome,23,White,White alone,No,Bridgewater,MA,3,1, Single person ,"73,035.00","14,109.00",Yes
804105,4/23/24,22:08:00,"1 Magnolia Way, Unit 6 ~ Edgartown",Edgartown,1 Magnolia Way,Unit 6,Zillow/Trulia/Other Website,35,White,White alone,No,Vineyard Haven,MA,1,0, Single person ,"67,576.00","14,115.45",No
805909,3/2/24,1:41:00,"501 Commerce Drive, Unit 4-302 ~ Braintree",Braintree,501 Commerce Drive,Unit 4-302,Zillow/Trulia/Other Website,28,"Asian, Pacific Islander or Native Hawaiian",Asian; Native Hawaiian or Other Pacific Islander,No,Braintree,MA,2,0," Married/partners/couple, no dependents ","43,317.00","33,000.00",No
805909,3/2/24,1:41:00,"501 Commerce Drive, Unit 4-302 ~ Braintree",Braintree,501 Commerce Drive,Unit 4-302,Zillow/Trulia/Other Website,28,"Asian, Pacific Islander or Native Hawaiian",Asian; Native Hawaiian or Other Pacific Islander,No,Braintree,MA,2,0," Married/partners/couple, no dependents ","43,317.00","33,000.00",No
805909,3/2/24,1:41:00,"501 Commerce Drive, Unit 4-302 ~ Braintree",Braintree,501 Commerce Drive,Unit 4-302,Zillow/Trulia/Other Website,28,"Asian, Pacific Islander or Native Hawaiian",Asian; Native Hawaiian or Other Pacific Islander,No,Braintree,MA,2,0," Married/partners/couple, no dependents ","43,317.00","33,000.00",No
805909,3/7/24,22:11:00,1205 Albion Road ~ Bedford,Bedford ,1205 Albion Road,,MyMassHome,28,"Asian, Pacific Islander or Native Hawaiian",Asian; Native Hawaiian or Other Pacific Islander,No,Braintree,MA,2,0," Married/partners/couple, no dependents ","43,319.09","34,120.38",No
806638,3/21/25,14:15:56,52 Shire Road ~ Leominster,Leominster,52 Shire Road,,MyMassHome,38,Asian,Asian alone,No,Framingham,MA,4,2," Married/partners/couple, no dependents ","82,000.00","72,314.35",No
806638,3/21/25,14:10:38,18A Longview Circle ~ Ayer,Ayer,18A Longview Circle,,MyMassHome,38,Asian,Asian alone,No,Framingham,MA,4,2," Married/partners/couple, no dependents ","82,000.00","72,314.35",No
806638,2/10/25,14:17:40,9 Adams Court ~ Hingham,Hingham,9 Adams Court,,MyMassHome,38,Asian,Asian alone,No,Framingham,MA,4,2," Married/partners/couple, no dependents ","82,000.00","72,436.00",No
806638,2/3/25,22:35:52,14 Autumn Lane ~ Northborough,Northborough,14 Autumn Lane,,Friend/Word of Mouth,38,Asian,Asian alone,No,Framingham,MA,4,2," Married/partners/couple, no dependents ","82,000.00","72,436.00",No
808414,3/24/25,20:45:29,18A Longview Circle ~ Ayer,Ayer,18A Longview Circle,,Zillow/Trulia/Other Website,32,Asian,Asian alone,No,Lowell,MA,3,1, Single person ,"6,789.58","2,846.46",Yes
808423,6/3/24,22:01:37,"14 Caspian Way, Unit 23 ~ Leominster",Leominster,14 Caspian Way,Unit 23,Zillow/Trulia/Other Website,29,White,White alone,Yes,Fitchburg,MA,1,0, Single person ,"56,784.00","54,000.00",No
808707,6/30/24,12:06:59,28 Longview Circle ~Ayer,Ayer,28 Longview Circle,,Real Estate Agent,23,"Black or African American, White",Black or African American; White,No,Lawrence,MA,6,0," More than one related adults, no dependents ","150,000.00","50,000.00",No
810396,9/14/24,13:05:03,178 Cortland Drive ~ North Andover,North Andover,178 Cortland Drive,,Zillow/Trulia/Other Website,72,White,White alone,Yes,Hooksett,MA,2,0, Single person ,"35,520.00","461,268.75",No
811726,2/14/25,10:02:16,34 Beaver Pond Road ~ Milford,Milford,34 Beaver Pond Road,,MyMassHome,32,White,White alone,No,Framingham,MA,1,0, Single person ,"59,710.24","17,000.00",Yes
811726,2/2/25,17:05:19,14 Autumn Lane ~ Northborough,Northborough,14 Autumn Lane,,Real Estate Agent,31,White,White alone,No,Framingham,MA,1,0, Single person ,"59,710.24","17,440.40",Yes
814571,10/26/23,20:11:00,North Andover Unit 109,North Andover,, Unit 109,Zillow/Trulia/Other Website,30,White,White alone,No,Haverhill,MA,1,0, Single person ,"60,000.00","33,034.00",No
814696,1/25/24,22:31:00,"15 Jasmine Drive, Unit 17 ~ West Boylston",West Boylston,15 Jasmine Drive,Unit 17,Friend/Word of Mouth,72,White,White alone,No,North Oxford,MA,3,0," Married/partners/couple, no dependents ","77,320.12","26,255.41",No
817323,8/3/24,17:31:19,24 Haywood Circle ~ Mendon,Mendon,24 Haywood Circle,,Zillow/Trulia/Other Website,29,White,White alone,No,Mansfield,MA,1,0, Single person ,"68,000.00","72,000.00",No
817780,5/27/24,15:00:00,"74 Riley Road, Unit 88  ~ Tyngsborough",Tyngsborough,74 Riley Road,Unit 88,Real Estate Agent,48,Black or African American,Black or African American alone,Yes,Lowell,MA,2,1, Single parent ,"62,000.00","25,000.00",Yes
818443,3/2/24,19:20:00,39 Swifts Beach Road ~ Wareham,Warehem,39 Swifts Beach Road,,Real Estate Agent,33,Black or African American,Black or African American alone,No,Boston,MA,5,3," Married/partners/couple, no dependents ","56,000.00","30,496.00",Yes
818528,3/2/24,8:17:00,"501 Commerce Drive, Unit 4-302 ~ Braintree",Braintree,501 Commerce Drive,Unit 4-302,Real Estate Agent,23,"Asian, Pacific Islander or Native Hawaiian",Asian; Native Hawaiian or Other Pacific Islander,No,Braintree,MA,1,0, Single person ,"65,000.00","53,000.00",No
818528,3/2/24,8:17:00,"501 Commerce Drive, Unit 4-302 ~ Braintree",Braintree,501 Commerce Drive,Unit 4-302,Real Estate Agent,23,"Asian, Pacific Islander or Native Hawaiian",Asian; Native Hawaiian or Other Pacific Islander,No,Braintree,MA,1,0, Single person ,"65,000.00","53,000.00",No
818528,3/2/24,8:17:00,"501 Commerce Drive, Unit 4-302 ~ Braintree",Braintree,501 Commerce Drive,Unit 4-302,Real Estate Agent,23,"Asian, Pacific Islander or Native Hawaiian",Asian; Native Hawaiian or Other Pacific Islander,No,Braintree,MA,1,0, Single person ,"65,000.00","53,000.00",No
818824,5/26/24,19:44:45,"74 Riley Road, Unit 88  ~ Tyngsborough",Tyngsborough,74 Riley Road,Unit 88,Zillow/Trulia/Other Website,61,White,White alone,No,Groton,MA,1,0, Single person ,"42,135.60","7,429.99",No
819137,6/28/24,10:11:59,28 Longview Circle ~Ayer,Ayer,28 Longview Circle,,MyMassHome,35,Asian,Asian alone,No,Dracut,MA,2,0," Married/partners/couple, no dependents ","70,000.00","80,000.00",No
819341,2/23/25,21:15:43,9 Adams Court ~ Hingham,Hingham,9 Adams Court,,Zillow/Trulia/Other Website,28,White,White alone,No,Whitman,MA,1,0, Single person ,"82,000.00","32,321.83",Yes
821004,6/11/24,13:57:03,"7 Crescent Way, Unit 103 ~ Sturbridge (age restricted)",Sturbridge,7 Crescent Way,Unit 103,Friend/Word of Mouth,63,White,White alone,No,Hollis,NH,1,0, Single person ,"20,784.00","245,553.00",No
821436,2/17/25,13:15:15,34 Beaver Pond Road ~ Milford,Milford,34 Beaver Pond Road,,Real Estate Agent,21,Hispanic or Latino,Missing,No,Marlborough,MA,3,1, Single parent ,"59,326.16","59,326.16",No
821465,8/13/24,9:45:56,59 River Point Drive ~ Ipswich,Ipswich,59 River Point Drive,,Zillow/Trulia/Other Website,35,White,White alone,No,Newburyport,MA,1,0, Single person ,"71,972.00","24,989.07",No
821782,2/4/25,17:41:27,14 Autumn Lane ~ Northborough,Northborough,14 Autumn Lane ,,MyMassHome,39,White,White alone,No,Randolph,MA,1,0, Single person ,"57,000.00","20,000.00",Yes
821846,1/22/24,12:20:00,18 Old Cedar Village ~ Bridgewater,Bridgewater,18 Old Cedar Village,,Real Estate Agent,73,Hispanic or Latino,Missing,No,Weymouth,MA,2,0," Married/partners/couple, no dependents ","58,000.00","8,983.00",No
822786,6/3/24,16:25:26,"14 Caspian Way, Unit 23 ~ Leominster",Leominster,14 Caspian Way,Unit 23,Zillow/Trulia/Other Website,25,White,White alone,No,Lunenburg,MA,1,0, Single person ,"45,000.00","37,000.00",No
823198,1/24/25,12:10:35,72 Buttercup Lane ~ Grafton,Grafton,72 Buttercup Lane,,Real Estate Agent,32,White,White alone,No,Northbridge,MA,1,0, Single person ,"56,000.00","38,439.44",No
825529,10/28/23,17:10:00,"Groton, 503 Main",Groton,503 Main St,,MyMassHome,42,"Asian, Pacific Islander or Native Hawaiian",Asian; Native Hawaiian or Other Pacific Islander,No,Lowell,MA,3,1," Married/partners/couple, no dependents ","35,000.00","28,000.00",No
825529,11/5/23,19:36:00,North Andover Unit 109,North Andover,, Unit 109,MyMassHome,42,"Asian, Pacific Islander or Native Hawaiian",Asian; Native Hawaiian or Other Pacific Islander,No,Lowell,MA,3,1," Married/partners/couple, no dependents ","35,000.00","28,000.00",No
825529,5/14/24,16:46:07,"74 Riley Road, Unit 88  ~ Tyngsborough",Tyngsborough,74 Riley Road,Unit 88,MyMassHome,43,Asian,Asian alone,No,Lowell,MA,3,1," Married/partners/couple, no dependents ","41,000.00","34,500.00",No
825529,6/12/24,11:34:25,42 Pine Street ~ Newton,Newton,42 Pine Street,,MyMassHome,43,Asian,Asian alone,No,Lowell,MA,3,1," Married/partners/couple, no dependents ","48,000.00","33,540.00",No
827042,10/24/23,20:41:00,North Andover Unit 109,North Andover,, Unit 109,MyMassHome,32,White,White alone,No,Haverhill,MA,1,0, Single person ,"62,608.00","26,866.69",Yes
827138,2/22/25,12:43:17,9 Adams Court ~ Hingham,Hingham,9 Adams Court,,Zillow/Trulia/Other Website,24,Asian,Asian alone,No,Braintree,MA,1,0, Single person ,"64,000.00","59,326.00",No
828208,7/1/24,14:22:25,28 Longview Circle ~Ayer,Ayer,28 Longview Circle,,MyMassHome,36,"Middle Eastern or North African, White",White alone,No,Stoneham,MA,2,1," Married/partners/couple, no dependents ","112,200.00","70,000.00",Yes
828884,6/24/24,12:26:02,42 Pine Street ~ Newton,Newton,42 Pine Street,,MyMassHome,44,White,White alone,No,Newton,MA,4,2," Married/partners/couple, no dependents ","104,000.00","70,000.00",No
831124,5/11/25,14:03:48,1 Lois Lane ~ Townsend,Townsend,1 Lois Lane,,Zillow/Trulia/Other Website,28,White,White alone,No,Dunstable ,MA,1,0, Single person ,"75,000.00","60,000.00",No
832958,2/12/24,0:23:00,501 Commerce Drive Unit 1-116 ~ Braintree,Braintree,501 Commerce Drive,Unit 1-116,Real Estate Agent,33,Black or African American,Black or African American alone,No,Quincy,MA,1,0, Single person ,"72,000.00","31,965.36",Yes
832958,2/28/24,19:32:00,"501 Commerce Drive, Unit 4-302 ~ Braintree",Braintree,501 Commerce Drive,Unit 4-302,Real Estate Agent,33,Black or African American,Black or African American alone,No,Quincy,MA,1,0, Single person ,"72,000.00","31,016.08",Yes
832958,2/28/24,19:32:00,"501 Commerce Drive, Unit 4-302 ~ Braintree",Braintree,501 Commerce Drive,Unit 4-302,Real Estate Agent,33,Black or African American,Black or African American alone,No,Quincy,MA,1,0, Single person ,"72,000.00","31,016.08",Yes
832958,2/28/24,19:32:00,"501 Commerce Drive, Unit 4-302 ~ Braintree",Braintree,501 Commerce Drive,Unit 4-302,Real Estate Agent,33,Black or African American,Black or African American alone,No,Quincy,MA,1,0, Single person ,"72,000.00","31,016.08",Yes
833546,2/24/25,19:10:05,9 Adams Court ~ Hingham,Hingham,9 Adams Court,,Zillow/Trulia/Other Website,33,Black or African American,Black or African American alone,No,Canton,MA,6,3," Married/partners/couple, no dependents ","96,407.30","23,365.45",No
833958,11/5/24,10:54:56,1205 Albion Road ~ Bedford,Bedford ,1205 Albion Road,,Real Estate Agent,25,Asian,Asian alone,No,Boston,MA,1,0, Single person ,"87,000.00","65,000.00",No
834205,11/6/23,16:56:00,North Andover Unit 109,North Andover,, Unit 109,MyMassHome,59,White,White alone,Choose not to answer,Lowell,MA,1,0, Single person ,"22,744.00","74,973.41",No
834207,8/5/24,14:31:52,24 Haywood Circle ~ Mendon,Mendon,24 Haywood Circle,,MyMassHome,41,White,White alone,No,Boston,MA,3,2, Single parent ,"65,975.00","22,321.29",No
834335,5/16/24,13:32:46,27 Meeting House Lane ~ Southborough,Southborough,27 Meeting House Lane,,MyMassHome,33,Choose not to answer,Missing,No,Wellesley,MA,2,0," Married/partners/couple, no dependents ","67,500.00","73,473.61",Yes
834335,6/14/24,7:13:55,42 Pine Street ~ Newton,Newton,42 Pine Street,,MyMassHome,34,Asian,Asian alone,No,Wellesley,MA,2,0," Married/partners/couple, no dependents ","67,500.00","73,473.61",Yes
835041,9/22/24,21:37:23,16 Cobblestone Way ~ Sandwich,Sandwich,16 Cobblestone Way,,MyMassHome,42,Black or African American,Black or African American alone,No,Hyde Park,MA,6,4," Married/partners/couple, no dependents ","75,000.00","23,089.00",Yes
835041,11/4/24,20:51:56,1205 Albion Road ~ Bedford,Bedford ,1205 Albion Road,,Zillow/Trulia/Other Website,42,Black or African American,Black or African American alone,No,Hyde Park,MA,6,4," Married/partners/couple, no dependents ","75,000.00","10,000.00",Yes
835195,1/15/24,21:22:00,18 Old Cedar Village ~ Bridgewater,Bridgewater,18 Old Cedar Village,,NA,61,White,White alone,No,Upton,MA,4,1," More than one related adults, with dependents ","48,000.00","247,000.00",Yes
838218,1/27/25,15:21:05,1 Harvest Drive Unit 110 ~ North Andover,North Andover,1 Harvest Drive, Unit 110,Zillow/Trulia/Other Website,32,White,White alone,No,Malden,MA,1,0, Single person ,"58,455.00","15,956.76",No
839334,7/30/24,22:05:59,24 Haywood Circle ~ Mendon,Mendon,24 Haywood Circle,,Real Estate Agent,29,Hispanic or Latino,Missing,No,Marlborough,MA,6,2," More than one related adults, with dependents ","82,395.55","36,000.00",No
839660,2/25/25,14:47:27,9 Adams Court ~ Hingham,Hingham,9 Adams Court,,Zillow/Trulia/Other Website,29,White,White alone,No,Quincy,MA,1,0, Single person ,"77,000.00","74,738.80",No
839723,2/2/24,19:50:00,501 Commerce Drive Unit 1-116 ~ Braintree,Braintree,501 Commerce Drive,Unit 1-116,MyMassHome,30,White,White alone,No,Dorchester,MA,1,0, Single person ,"71,511.00","54,235.00",Yes
839723,2/22/24,19:02:00,"501 Commerce Drive, Unit 4-302 ~ Braintree",Braintree,501 Commerce Drive,Unit 4-302,MyMassHome,30,White,White alone,No,Dorchester,MA,1,1, Single person ,"74,000.00","60,000.00",Yes
839723,2/22/24,19:02:00,"501 Commerce Drive, Unit 4-302 ~ Braintree",Braintree,501 Commerce Drive,Unit 4-302,MyMassHome,30,White,White alone,No,Dorchester,MA,1,1, Single person ,"74,000.00","60,000.00",Yes
841100,7/29/24,17:03:27,24 Haywood Circle ~ Mendon,Mendon,24 Haywood Circle,,Zillow/Trulia/Other Website,36,Hispanic or Latino,Missing,No,Southbridge,MA,4,2, Single parent ,"52,000.00",0.00,No
841464,4/21/25,22:49:30,27 Meetinghouse Road ~ Norfolk (age restricted),Norfolk,27 Meetinghouse Road,,MyMassHome,63,White,White alone,No,Needham,MA,1,0, Single person ,"70,200,405.00","40,500.00",No
842229,3/21/25,14:25:49,18A Longview Circle ~ Ayer,Ayer,18A Longview Circle,,Real Estate Agent,32,White,White alone,No,North Chelmsford,MA,2,1, Single parent ,"76,128.00","37,963.00",No
842422,8/7/24,9:13:30,"401 West Center St, F2, ~ West Bridgewater",West Bridgewater,401 West Center St,F2,MyMassHome,55,White,White alone,No,East Bridgewater,MA,2,1, Single parent ,"65,782.50","19,200.00",Yes
843569,7/24/24,22:59:39,24 Haywood Circle ~ Mendon,Mendon,24 Haywood Circle,,Zillow/Trulia/Other Website,58,Black or African American,Black or African American alone,No,Whitinsville,MA,7,6," Married/partners/couple, no dependents ","94,186.00","5,200.00",No
843569,8/1/24,22:20:07,8 Kayak Trail ~ Norton,Norton,8 Kayak Trail,,Zillow/Trulia/Other Website,58,Black or African American,Black or African American alone,No,Whitinsville,MA,7,7," Married/partners/couple, no dependents ","94,000.00","50,000.00",No
843876,4/15/24,9:46:00,"100 Franklin Street, #A1 ~ Whitman",Whitman ,100 Franklin Street,#A1,Real Estate Agent,62,White,White alone,No,Taunton,MA,2,0," Married/partners/couple, no dependents ","4,200.00","5,000.00",Yes
845516,8/8/24,9:55:42,8 Kayak Trail ~ Norton,Norton,8 Kayak Trail,,Real Estate Agent,35,Choose not to answer,Missing,No,Raynham,MA,1,0, Single person ,"55,782.00",0.00,Yes
845893,12/8/23,20:38:00,West Boylston - 103 Afra Drive Unit 51,West Boylston,103 Afra Drive,Unit 51,Zillow/Trulia/Other Website,51,Black or African American,Black or African American alone,No,Brockton,MA,2,1, Single parent ,"53,000.00","14,000.00",Yes
845893,1/22/24,9:51:00,18 Old Cedar Village ~ Bridgewater,Bridgewater,18 Old Cedar Village,,Zillow/Trulia/Other Website,51,Black or African American,Black or African American alone,No,Brockton,MA,2,1, Single parent ,"53,000.00","14,000.00",Yes
845893,8/7/24,15:22:34,8 Kayak Trail ~ Norton,Norton,8 Kayak Trail,,Zillow/Trulia/Other Website,52,Black or African American,Black or African American alone,No,Brockton,MA,2,1, Single parent ,"70,835.00","26,722.00",Yes
846460,7/30/24,18:24:54,8 Kayak Trail ~ Norton,Norton,8 Kayak Trail,,Zillow/Trulia/Other Website,29,Hispanic or Latino,Missing,No,Lowell,MA,5,3," Married/partners/couple, no dependents ","54,000.00",0.00,Yes
847026,1/23/24,17:05:00,"11 Indian Woods Way, Unit 11 ~ Canton",Canton,11 Indian Woods Way,Unit 11,MyMassHome,34,"Asian, Pacific Islander or Native Hawaiian",Asian; Native Hawaiian or Other Pacific Islander,No,Holbrook,MA,3,1," Married/partners/couple, no dependents ","104,000.00","36,460.00",Yes
847026,3/7/24,14:20:00,39 Swifts Beach Road ~ Wareham,Warehem,39 Swifts Beach Road,,Real Estate Agent,34,"Asian, Pacific Islander or Native Hawaiian",Asian; Native Hawaiian or Other Pacific Islander,No,Holbrook,MA,3,1," Married/partners/couple, no dependents ","104,000.00","41,347.00",Yes
848849,8/29/24,11:18:49,"513 Main St, Unit D ~ Groton",Groton,513 Main St,Unit D,MyMassHome,39,Choose not to answer,Missing,No,Groton,MA,2,1, Single parent ,"76,865.92","37,847.94",Yes
848976,6/21/24,18:50:26,42 Pine Street ~ Newton,Newton,42 Pine Street,,MyMassHome,48,Black or African American,Black or African American alone,No,Norwood,MA,4,2, Single parent ,"92,000.00","25,000.00",Yes
848976,8/1/24,23:13:33,8 Kayak Trail ~ Norton,Norton,8 Kayak Trail,,MyMassHome,48,Choose not to answer,Missing,No,Norwood,MA,4,3, Single parent ,"92,000.00","11,692.00",Yes
848976,8/3/24,12:59:42,8 Kayak Trail ~ Norton,Norton,8 Kayak Trail,,MyMassHome,48,Black or African American,Black or African American alone,No,Norwood,MA,4,2, Single person ,"92,000.00","11,692.00",Yes
849391,9/20/24,10:10:46,"1A Lindas Way, Unit 13 ~ Sterling",Sterling,1A Lindas Way,Unit 13,Real Estate Agent,56,White,White alone,No,Worcester,MA,1,0, Single person ,"66,767.00","66,882.17",Yes
849827,7/1/24,12:27:03,28 Longview Circle ~Ayer,Ayer,28 Longview Circle,,Real Estate Agent,40,White,White alone,No,Ashland,MA,4,2," Married/partners/couple, no dependents ","71,000.00","20,000.00",No
850434,2/18/25,16:48:21,34 Beaver Pond Road ~ Milford,Milford,34 Beaver Pond Road,,Zillow/Trulia/Other Website,24,White,White alone,No,Medway,MA,1,0, Single person ,"32,000.00","3,000.00",No
853228,8/12/24,11:31:19,8 Kayak Trail ~ Norton,Norton,8 Kayak Trail,,Friend/Word of Mouth,30,White,White alone,No,North Attleboro,MA,1,0, Single person ,"42,932.50","34,000.00",No
853419,6/20/24,12:14:44,28 Longview Circle ~Ayer,Ayer,28 Longview Circle,,Zillow/Trulia/Other Website,41,Hispanic or Latino,Missing,No,Brighton,MA,3,1, Single parent ,"62,000.00","45,300.00",Yes
853419,8/4/24,13:34:47,24 Haywood Circle ~ Mendon,Mendon,24 Haywood Circle,,Friend/Word of Mouth,41,Hispanic or Latino,Missing,No,Brighton,MA,3,1, Single parent ,"82,000.00","45,000.00",Yes
854862,1/17/24,15:31:00,13 Coppersmith Way ~ Townsend,Townsend,13 Coppersmith Way ,,Real Estate Agent,70,"Asian, Black or African American, Pacific Islander or Native Hawaiian, White","Asian, Black or African American, Native Hawaiian or Other Pacific Islander, White",No,Shirley,MA,2,0, Single person ,"66,237.00","43,000.00",No
857330,1/18/25,16:39:37,1 Harvest Drive Unit 110 ~ North Andover,North Andover,1 Harvest Drive, Unit 110,Real Estate Agent,23,White,White alone,Yes,North Reading,MA,1,0, Single person ,"46,830.00","49,556.00",No
860042,11/3/23,22:34:00,North Andover Unit 109,North Andover,, Unit 109,Zillow/Trulia/Other Website,45,Hispanic or Latino,Missing,No,Lawrence,MA,3,1, Single parent ,"66,700.00","40,879.00",No
860323,1/29/24,16:52:00,"15 Jasmine Drive, Unit 17 ~ West Boylston",West Boylston,15 Jasmine Drive,Unit 17,Zillow/Trulia/Other Website,50,Black or African American,Black or African American alone,No,Cambridge,MA,1,0, Single person ,"47,000.00","20,000.00",Yes
860451,6/27/24,21:52:26,28 Longview Circle ~Ayer,Ayer,28 Longview Circle,,MyMassHome,41,Black or African American,Black or African American alone,No,Billerica,MA,4,3, Single parent ,"117,164.00","15,000.00",Yes
860454,6/23/24,22:01:02,28 Longview Circle ~Ayer,Ayer,28 Longview Circle,,Zillow/Trulia/Other Website,29,"Asian, White",Asian; White,No,Lowell,MA,3,2, Single parent ,"61,193.00","70,000.00",Yes
861750,5/31/24,9:55:50,"14 Caspian Way, Unit 23 ~ Leominster",Leominster,14 Caspian Way,Unit 23,Real Estate Agent,33,Hispanic or Latino,Missing,No,Leominster,MA,2,1, Single parent ,"52,000.00","23,490.00",No
862086,4/18/25,10:09:46,27 Meetinghouse Road ~ Norfolk (age restricted),Norfolk,27 Meetinghouse Road,,MyMassHome,56,White,White alone,No,Franklin,MA,1,0, Single person ,"84,700.00","10,000.00",Yes
862086,2/7/25,14:23:30,34 Beaver Pond Road ~ Milford,Milford,34 Beaver Pond Road,,MyMassHome,56,White,White alone,No,Franklin,MA,1,0, Single person ,"59,780.00","36,300.00",Yes
862998,11/24/24,17:41:07,9 Minuteman Lane ~ Westford,Westford,9 Minuteman Lane,,MyMassHome,59,White,White alone,No,Tyngsboro,MA,1,0, Single person ,"62,650.00","1,440.00",No
864556,11/18/24,20:22:08,"19 Broad Street, 204 ~ Merrimac",Merrimac,19 Broad Street,204,MyMassHome,29,White,White alone,No,Gloucester,MA,3,1," Married/partners/couple, no dependents ","76,306.86","20,948.08",Yes
864670,3/24/25,12:21:48,18A Longview Circle ~ Ayer,Ayer,18A Longview Circle,,MyMassHome,45,White,White alone,No,Boxborough,MA,2,0," Married/partners/couple, no dependents ","91,752.00","43,000.00",Yes
865519,5/24/24,14:25:30,"74 Riley Road, Unit 88  ~ Tyngsborough",Tyngsborough,74 Riley Road,Unit 88,Zillow/Trulia/Other Website,26,"Hispanic or Latino, White",White alone,No,Tyngsborough,MA,1,0, Single person ,"54,195.00","42,317.00",Yes
866897,8/1/24,18:27:25,"401 West Center St, F2, ~ West Bridgewater",West Bridgewater,401 West Center St,F2,Zillow/Trulia/Other Website,30,White,White alone,No,Fort Smith,AR,5,3," Married/partners/couple, no dependents ","77,250.00",0.00,No
866897,8/1/24,18:47:59,24 Haywood Circle ~ Mendon,Mendon,24 Haywood Circle,,Zillow/Trulia/Other Website,30,White,White alone,No,Fort Smith,AR,5,3," Married/partners/couple, no dependents ","77,250.00",0.00,No
868800,4/6/24,14:53:00,"100 Franklin Street, #A1 ~ Whitman",Whitman ,100 Franklin Street,#A1,City of Boston Metrolist,39,White,White alone,No,Boston,MA,2,0," More than one related adults, with dependents ","93,600.00","69,226.21",Yes
868801,1/29/25,10:36:50,14 Autumn Lane ~ Northborough,Northborough,14 Autumn Lane,,Real Estate Agent,24,White,White alone,No,Northborough,MA,1,0, Single person ,"62,400.00","62,168.00",No
871729,2/5/24,9:22:00,"11 Indian Woods Way, Unit 11 ~ Canton",Canton,11 Indian Woods Way,Unit 11,Friend/Word of Mouth,30,White,White alone,No,Bridgewater,MA,1,0, Single person ,"32,024.92","23,858.19",No
871906,6/11/24,22:47:48,"105 Metacomet Ave, ~ East Taunton",East Taunton,105 Metacomet Ave,,MyMassHome,32,Black or African American,Black or African American alone,No,New Bedford,MA,3,2, Single parent ,"72,000.00","10,000.00",Yes
871906,8/11/24,18:11:18,8 Kayak Trail ~ Norton,Norton,8 Kayak Trail,,MyMassHome,32,Black or African American,Black or African American alone,No,New Bedford,MA,3,2, Single parent ,"72,000.00","10,000.00",Yes
871906,8/11/24,18:16:32,"401 West Center St, F2, ~ West Bridgewater",West Bridgewater,401 West Center St,F2,MyMassHome,32,Black or African American,Black or African American alone,No,New Bedford,MA,3,2, Single parent ,"72,000.00","10,000.00",Yes
874050,1/20/25,9:51:14,72 Buttercup Lane ~ Grafton,Grafton,72 Buttercup Lane,,Real Estate Agent,28,Choose not to answer,Missing,No,Upton,MA,2,0," Married/partners/couple, no dependents ","65,000.00","11,864.00",No
874334,1/21/24,13:26:00,"15 Jasmine Drive, Unit 17 ~ West Boylston",West Boylston,15 Jasmine Drive,Unit 17,Real Estate Agent,50,White,White alone,No,Holden,MA,2,0, Single parent ,"55,000.00","48,000.00",No
874473,6/22/24,11:19:47,28 Longview Circle ~Ayer,Ayer,28 Longview Circle,,MyMassHome,69,Choose not to answer,Missing,Yes,Gardner,MA,2,0," Married/partners/couple, no dependents ","92,793.00","5,050.00",No
874473,6/23/24,13:47:19,42 Pine Street ~ Newton,Newton,42 Pine Street,,MyMassHome,69,Choose not to answer,Missing,Yes,Gardner,MA,2,0," Married/partners/couple, no dependents ","92,793.00","4,784.00",No
875817,6/5/24,10:45:13,"105 Metacomet Ave, ~ East Taunton",East Taunton,105 Metacomet Ave,,Real Estate Agent,35,Black or African American,Black or African American alone,No,Brockton,MA,3,2, Single person ,"80,000.00","26,161.84",Yes
875817,8/2/24,21:50:42,8 Kayak Trail ~ Norton,Norton,8 Kayak Trail,,Zillow/Trulia/Other Website,36,Black or African American,Black or African American alone,No,Brockton,MA,3,2, Single parent ,"85,000.00","30,000.00",Yes
879806,5/20/24,13:50:08,27 Meeting House Lane ~ Southborough,Southborough,27 Meeting House Lane,,Real Estate Agent,47,White,White alone,No,Milford,MA,1,0, Single person ,"65,358.00","52,500.00",No
881956,9/3/24,16:38:58,"12 Rebecca Way, Unit 9 ~ Methuen (55+)",Methuen,12 Rebecca Way,Unit 9,Friend/Word of Mouth,63,Hispanic or Latino,Missing,No,Methuen,MA,3,0," Married/partners/couple, no dependents ","75,000.00","13,000.00",No
885642,5/28/24,15:34:59,"74 Riley Road, Unit 88  ~ Tyngsborough",Tyngsborough,74 Riley Road,Unit 88,Zillow/Trulia/Other Website,34,White,White alone,No,Malden,MA,4,2," Married/partners/couple, no dependents ","88,068.00","20,000.00",No
885642,11/14/24,14:18:37,9 Minuteman Lane ~ Westford,Westford,9 Minuteman Lane,,MyMassHome,35,White,White alone,No,Malden,MA,4,2," Married/partners/couple, no dependents ","78,655.00","23,000.00",No
885642,11/18/24,15:16:51,7 Buttercup Lane ~ Grafton,Grafton,7 Buttercup Lane,,MyMassHome,35,White,White alone,No,Malden,MA,4,2," Married/partners/couple, no dependents ","78,636.00","23,000.00",No
886431,6/14/24,15:30:37,"105 Metacomet Ave, ~ East Taunton",East Taunton,105 Metacomet Ave,,MyMassHome,50,Native American or Alaskan Native,American Indian and Alaska Native alone,No,Middleboro,MA,5,3," Married/partners/couple, no dependents ","73,500.00","15,102.00",Yes
886431,8/1/24,8:52:06,8 Kayak Trail ~ Norton,Norton,8 Kayak Trail,,MyMassHome,50,Native American or Alaskan Native,American Indian and Alaska Native alone,No,Middleboro,MA,5,3," Married/partners/couple, no dependents ","73,500.00","13,220.00",Yes
886431,8/1/24,9:25:36,24 Haywood Circle ~ Mendon,Mendon,24 Haywood Circle,,MyMassHome,50,Native American or Alaskan Native,American Indian and Alaska Native alone,No,Middleboro,MA,5,3," Married/partners/couple, no dependents ","73,500.00","13,220.00",Yes
888937,9/30/24,16:07:02,16 Cobblestone Way ~ Sandwich,Sandwich,16 Cobblestone Way,,MyMassHome,44,White,White alone,No,Sandwich,MA,4,3, Single parent ,"80,000.00","73,280.00",Yes
889135,1/23/25,15:40:18,1 Harvest Drive Unit 110 ~ North Andover,North Andover,1 Harvest Drive, Unit 110,Zillow/Trulia/Other Website,31,White,White alone,Yes,Methuen,MA,1,0, Single person ,"31,776.00","1,000.00",No
890778,5/15/24,21:52:06,"74 Riley Road, Unit 88  ~ Tyngsborough",Tyngsborough,74 Riley Road,Unit 88,Real Estate Agent,39,Hispanic or Latino,Missing,No,Lowell,MA,4,2," Married/partners/couple, no dependents ","85,000.00",28.00,Yes
891031,6/30/24,13:18:36,28 Longview Circle ~Ayer,Ayer,28 Longview Circle,,MyMassHome,34,White,White alone,No,Tyngsboro,MA,1,0, Single person ,"74,912.76","65,126.61",No
891031,3/19/25,22:11:44,18A Longview Circle ~ Ayer,Ayer,18A Longview Circle,,Zillow/Trulia/Other Website,30,Asian,Asian alone,No,Nashua,MA,2,0," Married/partners/couple, no dependents ","60,000.00","11,070.70",No
891863,1/20/24,18:13:00,"15 Jasmine Drive, Unit 17 ~ West Boylston",West Boylston,15 Jasmine Drive,Unit 17,Zillow/Trulia/Other Website,25,White,White alone,No,North Oxford,MA,1,0, Single person ,"60,320.00",730.00,No
892074,2/3/24,17:52:00,"11 Indian Woods Way, Unit 11 ~ Canton",Canton,11 Indian Woods Way,Unit 11,Real Estate Agent,45,Black or African American,Black or African American alone,No,Canton,MA,2,1, Single parent ,"58,240.00","20,000.00",No
893543,7/18/24,12:14:29,1 Millbrook Lane Unit 213 ~ Wakefield,Wakefield,1 Millbrook Lane Unit 213,,MyMassHome,70,White,White alone,Yes,North Reading,MA,1,0, Single person ,"36,041.00","75,000.00",Yes
893543,8/21/24,17:16:44,"12 Rebecca Way, Unit 9 ~ Methuen (55+)",Methuen,12 Rebecca Way,Unit 9,MyMassHome,70,White,White alone,No,North Reading,MA,1,0, Single person ,"42,923.00","161,296.00",Yes
893543,9/6/24,10:20:34,178 Cortland Drive ~ North Andover,North Andover,178 Cortland Drive,,MyMassHome,70,White,White alone,Yes,North Reading,MA,1,0, Single person ,"42,923.00","122,848.00",Yes
893543,9/26/24,9:02:03,"63 Central St., #107 ~ North Reading (55+)",North Reading ,63 Central St.,#107,MyMassHome,70,White,White alone,No,North Reading,MA,1,0, Single person ,"42,923.00","132,848.00",Yes
893543,3/3/25,11:30:59,13 Dunrobin Circle ~ Methuen,Methuen,13 Dunrobin Circle,,MyMassHome,71,White,White alone,Yes,North Reading,MA,1,0, Single person ,"41,643.00","66,689.00",Yes
893543,1/28/25,15:06:41,1 Harvest Drive Unit 110 ~ North Andover,North Andover,1 Harvest Drive, Unit 110,MyMassHome,71,White,White alone,Yes,North Reading,MA,1,0, Single person ,"41,643.36","64,046.50",Yes
893939,9/26/24,18:43:55,"1A Lindas Way, Unit 13 ~ Sterling",Sterling,1A Lindas Way,Unit 13,Zillow/Trulia/Other Website,34,Choose not to answer,Missing,No,Worcester,MA,1,0, Single person ,"69,000.00","18,000.00",No
894048,5/31/24,10:16:23,"14 Caspian Way, Unit 23 ~ Leominster",Leominster,14 Caspian Way,Unit 23,Real Estate Agent,25,Hispanic or Latino,Missing,No,Lawrence,MA,1,0, Single person ,"56,056.00","29,000.00",No
895477,8/1/24,18:21:38,8 Kayak Trail ~ Norton,Norton,8 Kayak Trail,,NA,33,White,White alone,No,Dighton,MA,3,1," Married/partners/couple, no dependents ","51,417.60","27,177.59",No
895588,9/17/24,16:44:12,178 Cortland Drive ~ North Andover,North Andover,178 Cortland Drive,,Real Estate Agent,61,Middle Eastern or North African,White alone,No,Quincy,MA,2,0," Married/partners/couple, no dependents ","68,500.00","13,963.75",No
895819,7/16/24,13:26:32,1 Millbrook Lane Unit 213 ~ Wakefield,Wakefield,1 Millbrook Lane Unit 213,,MyMassHome,53,White,White alone,No,North Reading,MA,1,0, Single person ,"62,000.00",0.00,No
897769,2/25/25,10:34:12,9 Adams Court ~ Hingham,Hingham,9 Adams Court,,Friend/Word of Mouth,63,White,White alone,No,Quincy,MA,1,0, Single person ,"75,445.00","64,000.00",No
899194,6/22/24,1:15:02,28 Longview Circle ~Ayer,Ayer,28 Longview Circle,,MyMassHome,35,Middle Eastern or North African,White alone,No,Ashland,MA,5,3," Married/partners/couple, no dependents ","124,000.00","23,693.67",No
899631,11/7/24,0:33:42,24 Water Wheel Circle ~ Templeton,Templeton,24 Water Wheel Circle,,MyMassHome,19,Asian,Asian alone,No,Plaistow,MA,2,0, Single person ,"60,000.00","55,540.77",Yes
899631,11/18/24,13:30:43,7 Buttercup Lane ~ Grafton,Grafton,7 Buttercup Lane,,MyMassHome,19,Asian,Asian alone,No,Plaistow,MA,2,0, Other ,"48,000.00","56,412.00",Yes
899631,11/26/24,16:38:37,9 Minuteman Lane ~ Westford,Westford,9 Minuteman Lane,,MyMassHome,19,Asian,Asian alone,No,Plaistow,MA,2,0, Single person ,"3,000.00","58,000.00",Yes
899631,11/26/24,16:43:53,"19 Broad Street, 204 ~ Merrimac",Merrimac,19 Broad Street,204,MyMassHome,19,Asian,Asian alone,No,Plaistow,MA,2,0, Single person ,"3,000.00","58,000.00",Yes
901469,4/24/24,20:38:00,"1 Magnolia Way, Unit 6 ~ Edgartown",Edgartown,1 Magnolia Way,Unit 6,Friend/Word of Mouth,36,Hispanic or Latino,Missing,No,Oak Bluffs,MA,1,0, Single person ,"50,000.00","2,851.00",Yes
901533,5/26/24,19:10:29,"74 Riley Road, Unit 88  ~ Tyngsborough",Tyngsborough,74 Riley Road,Unit 88,Zillow/Trulia/Other Website,30,"Hispanic or Latino, White",White alone,No,Lowell,MA,1,0, Single person ,"64,509.46","40,000.00",No
904522,3/9/25,17:10:08,"211 East St., Unit #4, ~ Easthampton",Easthampton,211 East St.,Unit #4,Zillow/Trulia/Other Website,27,White,White alone,No,South Hadley,MA,1,0, Single person ,"58,000.00","10,000.00",Yes
904833,12/11/23,11:25:00,West Boylston - 103 Afra Drive Unit 51,West Boylston,103 Afra Drive,Unit 51,Real Estate Agent,32,"Asian, Pacific Islander or Native Hawaiian",Asian; Native Hawaiian or Other Pacific Islander,No,Worcester,MA,2,0," Married/partners/couple, no dependents ","43,000.00","26,000.00",No
904833,2/4/25,15:37:05,14 Autumn Lane ~ Northborough,Northborough,14 Autumn Lane,,Zillow/Trulia/Other Website,34,Pacific Islander or Native Hawaiian,Native Hawaiian or Other Pacific Islander alone,No,Worcester,MA,2,0," Married/partners/couple, no dependents ","69,000.00","31,000.00",No
905337,8/13/24,18:06:02,59 River Point Drive ~ Ipswich,Ipswich,59 River Point Drive,,MyMassHome,52,White,White alone,No,Newburyport,MA,2,0, Single parent ,"99,716.00","46,401.71",Yes
905358,7/13/24,14:48:34,2 Nancy Anne Lane ~ Merrimac (55+),Merrimac,2 Nancy Anne Lane ,,NA,55,White,White alone,Yes,Methuen,MA,1,0, Single person ,"25,200.00","25,200.00",No
905717,6/25/24,7:43:39,28 Longview Circle ~Ayer,Ayer,28 Longview Circle,,Zillow/Trulia/Other Website,35,White,White alone,Yes,Groton,MA,1,0, Single person ,"86,500.00","35,000.00",No
908399,9/17/24,13:56:02,178 Cortland Drive ~ North Andover,North Andover,178 Cortland Drive,,MyMassHome,67,White,White alone,No,West Hartford,MA,2,0," Married/partners/couple, no dependents ","37,296.00","272,479.07",No
908428,9/9/24,10:54:15,"6 Woodman Way, unit 204A ~ Newburyport",Newburyport,6 Woodman Way,Unit 204A,MyMassHome,32,White,White alone,No,Peabody,MA,1,0, Single person ,"68,692.14","46,901.68",Yes
911140,4/29/25,14:59:51,27 Meetinghouse Road ~ Norfolk (age restricted),Norfolk,27 Meetinghouse Road,,MyMassHome,62,White,White alone,No,Norfolk,MA,2,0, Single parent ,"6,541.00","11,000.00",No
911542,4/16/24,12:21:00,"100 Franklin Street, #A1 ~ Whitman",Whitman ,100 Franklin Street,#A1,Real Estate Agent,38,"Asian, Pacific Islander or Native Hawaiian",Asian; Native Hawaiian or Other Pacific Islander,No,Brockton,MA,3,0," More than one related adults, with dependents ","84,452.00","66,738.00",No
914091,1/19/24,15:52:00,18 Old Cedar Village ~ Bridgewater,Bridgewater,18 Old Cedar Village,,Zillow/Trulia/Other Website,38,White,White alone,No,Bridgewater,MA,3,1," Married/partners/couple, no dependents ","72,000.00","53,604.00",No
915277,9/16/24,12:27:50,178 Cortland Drive ~ North Andover,North Andover,178 Cortland Drive,,Real Estate Agent,85,White,White alone,No,Melrose,MA,1,0, Single person ,"34,847.76","125,661.00",No
916487,1/27/24,12:45:00,"15 Jasmine Drive, Unit 17 ~ West Boylston",West Boylston,15 Jasmine Drive,Unit 17,Zillow/Trulia/Other Website,37,White,White alone,No,West Boylston,MA,2,0," Married/partners/couple, no dependents ","71,665.50","51,936.00",No
922065,6/13/24,8:59:25,"105 Metacomet Ave, ~ East Taunton",East Taunton,105 Metacomet Ave,,MyMassHome,37,White,White alone,No,Duxbury,MA,6,4, Single parent ,"109,000.00","20,000.00",Yes
923876,11/17/24,16:30:20,7 Buttercup Lane ~ Grafton,Grafton,7 Buttercup Lane,,MyMassHome,32,"Hispanic or Latino, White",White alone,No,Medway,MA,1,0, Single person ,"42,529.00","63,420.18",No
928299,9/13/24,17:36:26,178 Cortland Drive ~ North Andover,North Andover,178 Cortland Drive,,Zillow/Trulia/Other Website,69,Asian,Asian alone,No,Tewksbury,MA,2,0," Married/partners/couple, no dependents ","74,000.00","168,000.00",No
930199,7/29/24,17:40:31,24 Haywood Circle ~ Mendon,Mendon,24 Haywood Circle,,Zillow/Trulia/Other Website,45,White,White alone,No,Bellingham,MA,2,1, Single parent ,"75,400.00","32,253.97",No
930585,11/6/23,13:58:00,North Andover Unit 109,North Andover,, Unit 109,Real Estate Agent,29,White,White alone,No,Salisbury,MA,1,0, Single person ,"50,000.00","25,000.00",No
931863,7/26/24,11:01:49,24 Haywood Circle ~ Mendon,Mendon,24 Haywood Circle,,Real Estate Agent,48,White,White alone,No,Taunton,MA,2,0, Single parent ,"70,752.00","72,232.00",Yes
932088,7/22/24,21:59:28,1 Millbrook Lane Unit 213 ~ Wakefield,Wakefield,1 Millbrook Lane Unit 213,,Social Media,33,White,White alone,No,Wakefield,MA,1,0, Single person ,"46,900.00","60,000.00",Yes
932364,2/17/25,5:27:09,34 Beaver Pond Road ~ Milford,Milford,34 Beaver Pond Road,,MyMassHome,27,Hispanic or Latino,Missing,No,Marlborough,MA,0,0, Single person ,"34,000.00","56,614.00",No
932364,2/3/25,22:44:23,14 Autumn Lane ~ Northborough,Northborough,14 Autumn Lane,,Friend/Word of Mouth,27,Hispanic or Latino,Missing,No,Marlborough,MA,1,0, Single person ,"34,250.00","56,000.00",No
932597,2/9/24,15:35:00,501 Commerce Drive Unit 1-116 ~ Braintree,Braintree,501 Commerce Drive,Unit 1-116,Real Estate Agent,30,"Asian, Pacific Islander or Native Hawaiian",Asian; Native Hawaiian or Other Pacific Islander,No,Quincy,MA,2,0," Married/partners/couple, no dependents ","87,000.00","87,000.00",Yes
933765,8/18/24,11:43:47,59 River Point Drive ~ Ipswich,Ipswich,59 River Point Drive,,Friend/Word of Mouth,33,White,White alone,No,Beverly,MA,1,0, Single person ,"90,600.00","19,951.03",Yes
933811,5/21/24,15:29:08,"74 Riley Road, Unit 88  ~ Tyngsborough",Tyngsborough,74 Riley Road,Unit 88,Zillow/Trulia/Other Website,39,Hispanic or Latino,Missing,No,Lawrence,MA,2,1, Single parent ,"45,000.00","3,200.00",Yes
935578,1/26/24,18:34:00,"15 Jasmine Drive, Unit 17 ~ West Boylston",West Boylston,15 Jasmine Drive,Unit 17,Zillow/Trulia/Other Website,25,Black or African American,Black or African American alone,No,Leicester,MA,2,0," More than one related adults, with dependents ","54,000.00","5,000.00",No
935913,5/17/24,11:37:11,27 Meeting House Lane ~ Southborough,Southborough,27 Meeting House Lane,,Real Estate Agent,23,Hispanic or Latino,Missing,No,Milford,MA,1,0, Single person ,"53,040.00","25,882.00",No
935957,8/29/24,11:14:20,"6 Woodman Way, unit 204A ~ Newburyport",Newburyport,6 Woodman Way,Unit 204A,MyMassHome,44,Hispanic or Latino,Missing,No,Newburyport,MA,3,0," Married/partners/couple, no dependents ","55,000.00","36,961.00",No
936735,4/29/25,16:42:36,27 Meetinghouse Road ~ Norfolk (age restricted),Norfolk,27 Meetinghouse Road,,MyMassHome,69,White,White alone,Yes,Millis,MA,20,0," Married/partners/couple, no dependents ","89,000.00","20,000.00",No
937165,5/18/24,17:26:12,27 Meeting House Lane ~ Southborough,Southborough,27 Meeting House Lane,,Real Estate Agent,57,White,White alone,No,Worcester,MA,4,0, Single parent ,"88,185.00","12,500.00",No
937708,5/21/24,0:36:10,27 Meeting House Lane ~ Southborough,Southborough,27 Meeting House Lane,,Real Estate Agent,65,Hispanic or Latino,Missing,No,Marlboro,MA,2,0," Married/partners/couple, no dependents ","48,000.00",5.00,No
938500,8/10/24,18:20:41,8 Kayak Trail ~ Norton,Norton,8 Kayak Trail,,Real Estate Agent,44,White,White alone,No,Taunton,MA,5,3," Married/partners/couple, no dependents ","105,000.00","34,000.00",No
939229,7/26/24,9:44:01,1 Millbrook Lane Unit 213 ~ Wakefield,Wakefield,1 Millbrook Lane Unit 213,,Real Estate Agent,34,Hispanic or Latino,Missing,No,Malden,MA,2,1, Single parent ,"103,816.00","28,847.35",Yes
941892,3/11/25,17:06:04,18A Longview Circle ~ Ayer,Ayer,18A Longview Circle,,MyMassHome,34,White,White alone,No,Framingham,MA,3,1," Married/partners/couple, no dependents ","78,500.00","15,373.00",Yes
941892,2/18/25,13:22:30,34 Beaver Pond Road ~ Milford,Milford,34 Beaver Pond Road,,MyMassHome,34,White,White alone,No,Framingham,MA,3,1," Married/partners/couple, no dependents ","78,500.00","16,444.00",Yes
942147,7/31/24,16:12:23,24 Haywood Circle ~ Mendon,Mendon,24 Haywood Circle,,Friend/Word of Mouth,25,White,White alone,No,Mendon,MA,1,0, Single person ,"58,746.00","10,308.83",No
942181,5/28/24,14:51:47,"74 Riley Road, Unit 88  ~ Tyngsborough",Tyngsborough,74 Riley Road,Unit 88,Real Estate Agent,54,White,White alone,No,Andover,MA,2,0, Single parent ,"72,650.00","13,756.00",Yes
942974,5/21/24,13:11:23,27 Meeting House Lane ~ Southborough,Southborough,27 Meeting House Lane,,MyMassHome,37,Black or African American,Black or African American alone,No,Boston,MA,2,1, Single parent ,"60,000.00",0.00,Yes
944391,1/27/24,17:48:00,"11 Indian Woods Way, Unit 11 ~ Canton",Canton,11 Indian Woods Way,Unit 11,Real Estate Agent,39,"Asian, Pacific Islander or Native Hawaiian",Asian; Native Hawaiian or Other Pacific Islander,No,Waltham,MA,1,0, Single person ,"67,000.00",0.00,No
945154,6/11/24,23:09:18,42 Pine Street ~ Newton,Newton,42 Pine Street,,MyMassHome,43,Asian,Asian alone,No,Saugus,MA,2,0, Single parent ,"65,000.00",0.00,Yes
946609,5/21/24,12:23:14,"74 Riley Road, Unit 88  ~ Tyngsborough",Tyngsborough,74 Riley Road,Unit 88,Zillow/Trulia/Other Website,31,White,White alone,No,Lawrence,MA,1,0, Single person ,"65,000.00","18,000.00",No
948493,2/12/25,13:33:00,34 Beaver Pond Road ~ Milford,Milford,34 Beaver Pond Road,,MyMassHome,40,White,White alone,No,Worcester,MA,2,0, Single parent ,"64,709.00","43,394.00",No
948493,2/5/25,20:18:35,23 Buttercup Lane ~ Grafton,Grafton,23 Buttercup Lane,,Friend/Word of Mouth,40,White,White alone,No,Worcester,MA,2,0, Single parent ,"64,000.00","40,000.00",No
948493,1/28/25,18:06:14,14 Autumn Lane ~ Northborough,Northborough,14 Autumn Lane,,Real Estate Agent,40,White,White alone,No,Worcester,MA,2,0, Single parent ,"60,000.00","34,000.00",No
949729,10/25/23,20:33:00,North Andover Unit 109,North Andover,, Unit 109,Zillow/Trulia/Other Website,27,White,White alone,No,Georgetown,MA,1,0, Single person ,"62,000.00","62,000.00",No
953464,7/25/24,14:32:21,1 Millbrook Lane Unit 213 ~ Wakefield,Wakefield,1 Millbrook Lane Unit 213,,MyMassHome,31,White,White alone,No,Stoneham,MA,1,0, Single person ,"68,432.00","27,234.95",Yes
954465,5/10/24,10:23:06,27 Meeting House Lane ~ Southborough,Southborough,27 Meeting House Lane,,Friend/Word of Mouth,61,White,White alone,No,Northborough,MA,5,1," Married/partners/couple, no dependents ","3,280.00","61,276.02",No
954465,5/10/24,23:14:53,27 Meeting House Lane ~ Southborough,Southborough,27 Meeting House Lane,,Friend/Word of Mouth,61,White,White alone,No,Northborough,MA,5,1," Married/partners/couple, no dependents ","3,280.00","61,957.83",No
954465,1/11/25,23:11:20,72 Buttercup Lane ~ Grafton,Grafton,72 Buttercup Lane,,MyMassHome,62,White,White alone,No,Northborough,MA,5,1," Married/partners/couple, no dependents ","54,140.00","65,115.17",No
954465,1/26/25,21:00:38,14 Autumn Lane ~ Northborough,Northborough,14 Autumn Lane,,MyMassHome,62,White,White alone,No,Northborough,MA,5,1," Married/partners/couple, no dependents ","54,140.00","65,115.17",No
954465,1/11/25,23:11:20,72 Buttercup Lane ~ Grafton,Grafton,72 Buttercup Lane,,MyMassHome,62,White,White alone,No,Northborough,MA,5,1," Married/partners/couple, no dependents ","54,140.00","65,115.17",No
954616,7/1/24,19:28:37,28 Longview Circle ~Ayer,Ayer,28 Longview Circle,,Zillow/Trulia/Other Website,61,White,White alone,No,Littleton,MA,1,0, Single person ,"82,562.78","365,198.70",No
955189,6/23/24,7:53:04,42 Pine Street ~ Newton,Newton,42 Pine Street,,MyMassHome,26,White,White alone,Yes,East Boston,MA,1,0, Single person ,"90,000.00","10,000.00",Yes
955189,6/27/24,12:53:04,28 Longview Circle ~Ayer,Ayer,28 Longview Circle,,Zillow/Trulia/Other Website,26,White,White alone,Yes,Watertown,MA,5,3," Married/partners/couple, no dependents ","90,000.00","10,000.00",Yes
955839,8/26/24,15:51:42,"12 Rebecca Way, Unit 9 ~ Methuen (55+)",Methuen,12 Rebecca Way,Unit 9,Real Estate Agent,75,White,White alone,No,Lynn Ma,MA,1,0, Single person ,"28,428.00",200.00,No
955839,9/5/24,19:39:48,178 Cortland Drive ~ North Andover,North Andover,178 Cortland Drive,,Real Estate Agent,75,White,White alone,No,Lynn ,MA,1,0, Single person ,"28,098.00",200.00,No
959213,5/22/24,13:08:06,"74 Riley Road, Unit 88  ~ Tyngsborough",Tyngsborough,74 Riley Road,Unit 88,Zillow/Trulia/Other Website,28,Asian,Asian alone,No,Leominster,MA,2,0," Married/partners/couple, no dependents ","72,000.00","50,000.00",No
959912,6/28/24,12:20:56,28 Longview Circle ~Ayer,Ayer,28 Longview Circle,,Friend/Word of Mouth,51,Asian,Asian alone,No,Andover,MA,4,2," Married/partners/couple, no dependents ","90,000.00","68,000.00",Yes
960676,3/5/24,10:16:00,"501 Commerce Drive, Unit 4-302 ~ Braintree",Braintree,501 Commerce Drive,Unit 4-302,Real Estate Agent,44,"Asian, Pacific Islander or Native Hawaiian",Asian; Native Hawaiian or Other Pacific Islander,No,Brockton,MA,3,1," Married/partners/couple, no dependents ","53,794.00","5,200.00",No
960676,3/5/24,10:16:00,"501 Commerce Drive, Unit 4-302 ~ Braintree",Braintree,501 Commerce Drive,Unit 4-302,Real Estate Agent,44,"Asian, Pacific Islander or Native Hawaiian",Asian; Native Hawaiian or Other Pacific Islander,No,Brockton,MA,3,1," Married/partners/couple, no dependents ","53,794.00","5,200.00",No
961283,8/1/24,14:15:29,"401 West Center St, F2, ~ West Bridgewater",West Bridgewater,401 West Center St,F2,Zillow/Trulia/Other Website,29,White,White alone,No,East Bridgewater,MA,3,1, Single parent ,"7,924.21","14,482.00",No
961283,8/12/24,12:28:01,"401 West Center St, F2, ~ West Bridgewater",West Bridgewater,401 West Center St,F2,Zillow/Trulia/Other Website,29,White,White alone,No,East Bridgewater,MA,3,1, Single parent ,"7,924.21","14,482.00",No
962744,5/10/25,16:22:19,1 Lois Lane ~ Townsend,Townsend,1 Lois Lane,,Zillow/Trulia/Other Website,35,White,White alone,No,Nashua,MA,1,0, Single person ,"81,534.00","72,000.00",No
963312,2/2/25,22:05:05,14 Autumn Lane ~ Northborough,Northborough,14 Autumn Lane,,Friend/Word of Mouth,25,White,White alone,No,Worcester,MA,2,0," Married/partners/couple, no dependents ","43,730.00","18,244.23",No
963324,5/20/24,13:36:27,27 Meeting House Lane ~ Southborough,Southborough,27 Meeting House Lane,,MyMassHome,47,White,White alone,No,Watertown,MA,2,1, Single parent ,"67,000.00","16,650.00",Yes
964180,4/15/24,13:22:00,"5 Woodman Way, #308B ~ Newburyport",Newburyport,5 Woodman Way,#308B ,MyMassHome,22,White,White alone,No,Medford,MA,1,0, Single person ,"62,587.00","26,549.87",Yes
964714,5/21/24,19:52:04,"14 Caspian Way, Unit 23 ~ Leominster",Leominster,14 Caspian Way,Unit 23,Social Media,53,Hispanic or Latino,Missing,No,Lunenburg,MA,2,0, Other ,"63,000.00",0.00,No
965050,7/31/24,12:40:00,8 Kayak Trail ~ Norton,Norton,8 Kayak Trail,,Real Estate Agent,66,White,White alone,No,Holliston,MA,1,0, Single person ,"53,578.00","7,256.00",No
965050,7/31/24,14:42:45,24 Haywood Circle ~ Mendon,Mendon,24 Haywood Circle,,Real Estate Agent,66,White,White alone,No,Holliston,MA,1,0, Single person ,"53,578.00","7,256.00",No
965588,3/18/25,16:23:56,"211 East St., Unit #4, ~ Easthampton",Easthampton,211 East St.,Unit #4,Real Estate Agent,46,Asian,Asian alone,No,Easthampton,MA,2,1, Single parent ,"69,007.58","65,936.74",Yes
965588,3/18/25,15:29:38,"211 East St., Unit #4, ~ Easthampton",Easthampton,211 East St.,Unit #4,Real Estate Agent,46,Asian,Asian alone,No,Easthampton,MA,2,1, Single parent ,"69,007.58","65,936.74",Yes
965588,3/18/25,15:24:08,"211 East St., Unit #4, ~ Easthampton",Easthampton,211 East St.,Unit #4,Real Estate Agent,46,Asian,Asian alone,No,Easthampton,MA,2,1, Single parent ,"69,007.58","65,936.74",Yes
966547,5/26/24,20:26:08,"74 Riley Road, Unit 88  ~ Tyngsborough",Tyngsborough,74 Riley Road,Unit 88,Friend/Word of Mouth,67,Hispanic or Latino,Missing,No,Lawrence,MA,3,0," Married/partners/couple, no dependents ","54,448.00","6,429.00",No
966547,5/26/24,20:30:37,"14 Caspian Way, Unit 23 ~ Leominster",Leominster,14 Caspian Way,Unit 23,Friend/Word of Mouth,67,Hispanic or Latino,Missing,No,Lawrence,MA,3,0," Married/partners/couple, no dependents ","54,448.00","6,429.00",No
967508,9/16/24,23:03:43,16 Cobblestone Way ~ Sandwich,Sandwich,16 Cobblestone Way,,MyMassHome,46,"Asian, Middle Eastern or North African, White",Asian; White,No,Boston,MA,7,2," Married/partners/couple, no dependents ","99,744.00","50,000.00",No
968066,2/11/25,12:06:17,9 Adams Court ~ Hingham,Hingham,9 Adams Court,,Real Estate Agent,39,White,White alone,No,Weymouth,MA,5,3," Married/partners/couple, no dependents ","69,740.62",800.00,No
968627,11/20/24,21:07:42,9 Minuteman Lane ~ Westford,Westford,9 Minuteman Lane,,MyMassHome,40,White,White alone,No,Sudbury,MA,1,0, Single person ,"56,175.00","13,090.00",Yes
968627,3/23/25,19:12:29,18A Longview Circle ~ Ayer,Ayer,18A Longview Circle,,MyMassHome,40,White,White alone,No,Sudbury,MA,1,0, Single person ,"56,175.00","13,090.00",Yes
968627,2/5/25,18:23:50,34 Beaver Pond Road ~ Milford,Milford,34 Beaver Pond Road,,MyMassHome,40,White,White alone,No,Sudbury,MA,1,0, Single person ,"56,175.00","13,000.00",Yes
968627,1/29/25,17:25:06,14 Autumn Lane ~ Northborough,Northborough,14 Autumn Lane,,MyMassHome,40,White,White alone,No,Sudbury,MA,1,0, Single person ,"56,175.00","13,000.00",Yes
968627,1/26/25,18:21:42,14 Autumn Lane ~ Northborough,Northborough,14 Autumn Lane,,MyMassHome,40,White,White alone,No,Sudbury,MA,1,0, Single person ,"56,175.00","13,000.00",Yes
968627,1/22/25,19:07:39,14 Autumn Lane ~ Northborough,Northborough,14 Autumn Lane,,MyMassHome,40,White,White alone,No,Sudbury,MA,1,0, Single person ,"56,175.00","13,090.00",Yes
968627,1/21/25,13:25:48,72 Buttercup Lane ~ Grafton,Grafton,72 Buttercup Lane,,MyMassHome,40,White,White alone,No,Sudbury,MA,1,0, Single person ,"60,000.00","13,000.00",No
969393,11/2/23,9:58:00,North Andover Unit 109,North Andover,, Unit 109,Zillow/Trulia/Other Website,20,White,White alone,No,Haverhill,MA,1,0, Single person ,"42,500.00","43,600.00",No
969583,6/19/24,12:21:02,42 Pine Street ~ Newton,Newton,42 Pine Street,,MyMassHome,35,Asian,Asian alone,No,Cambridge,MA,2,0," Married/partners/couple, no dependents ","90,000.00","73,995.89",Yes
969842,1/28/25,21:14:45,14 Autumn Lane ~ Northborough,Northborough,14 Autumn Lane,,MyMassHome,29,Asian,Asian alone,No,Framingham,MA,4,1," Married/partners/couple, no dependents ","62,920.01","10,000.00",No
970167,8/30/24,22:33:36,"513 Main St, Unit D ~ Groton",Groton,513 Main St,Unit D,Zillow/Trulia/Other Website,35,White,White alone,Yes,Bedford,MA,1,1," Married/partners/couple, no dependents ","64,500.00","23,000.00",No
970420,2/1/24,18:25:00,"11 Indian Woods Way, Unit 11 ~ Canton",Canton,11 Indian Woods Way,Unit 11,Zillow/Trulia/Other Website,55,Black or African American,Black or African American alone,No,Boston,MA,3,1, Single parent ,"70,000.00","15,800.00",Yes
970507,1/28/24,10:30:00,"15 Jasmine Drive, Unit 17 ~ West Boylston",West Boylston,15 Jasmine Drive,Unit 17,Real Estate Agent,36,Hispanic or Latino,Missing,No,Hudson,MA,4,2," Married/partners/couple, no dependents ","75,000.00","36,000.00",No
970638,2/19/25,10:09:39,9 Adams Court ~ Hingham,Hingham,9 Adams Court,,Real Estate Agent,52,White,White alone,No,Rockland,MA,3,0," Married/partners/couple, no dependents ","107,965.00","21,852.00",No
971031,7/22/24,19:37:05,24 Haywood Circle ~ Mendon,Mendon,24 Haywood Circle,,Zillow/Trulia/Other Website,29,White,White alone,No,Medway,MA,2,0," Married/partners/couple, no dependents ","100,000.00","30,000.00",No
971308,2/4/25,0:07:31,14 Autumn Lane ~ Northborough,Northborough,14 Autumn Lane,,Zillow/Trulia/Other Website,53,Middle Eastern or North African,White alone,No,Shrewsbury,MA,4,1," Married/partners/couple, no dependents ","81,972.00","52,000.00",Yes
972164,5/20/24,17:00:34,27 Meeting House Lane ~ Southborough,Southborough,27 Meeting House Lane,,Real Estate Agent,36,"Asian, Pacific Islander or Native Hawaiian",Asian; Native Hawaiian or Other Pacific Islander,No,Pawtucket,RI,3,2, Single parent ,"55,460.00","30,000.00",No
972164,5/28/24,13:23:45,"74 Riley Road, Unit 88  ~ Tyngsborough",Tyngsborough,74 Riley Road,Unit 88,MyMassHome,36,Asian,Asian alone,No,Pawtucket,MA,3,2, Single parent ,"38,000.00","30,000.00",No
973073,3/12/24,18:37:00,1205 Albion Road ~ Bedford,Bedford ,1205 Albion Road,,Zillow/Trulia/Other Website,26,White,White alone,No,Woburn,MA,1,0, Single person ,"78,500.00","71,000.00",No
973801,9/9/24,16:17:28,"513 Main St, Unit D ~ Groton",Groton,513 Main St,Unit D,MyMassHome,28,Asian,Asian alone,Yes,Clinton,MA,2,0, Single person ,"75,200.00","8,000.00",Yes
973801,9/17/24,16:49:19,178 Cortland Drive ~ North Andover,North Andover,178 Cortland Drive,,MyMassHome,28,Asian,Asian alone,Yes,Clinton,MA,2,0, Single person ,"75,000.00","12,000.00",Yes
974414,5/25/24,16:08:48,"14 Caspian Way, Unit 23 ~ Leominster",Leominster,14 Caspian Way,Unit 23,MyMassHome,64,White,White alone,No,Worcester,MA,1,0, Single person ,"25,985.76","462,964.00",No
975221,1/23/24,15:26:00,"15 Jasmine Drive, Unit 17 ~ West Boylston",West Boylston,15 Jasmine Drive,Unit 17,Zillow/Trulia/Other Website,26,Choose not to answer,Missing,No,Marlborough,MA,3,1," Married/partners/couple, no dependents ","44,342.66","5,000.00",Yes
975525,11/5/24,21:44:28,"7 Crescent Way, Unit 305 ~ Sturbridge (55+) (first come, first served)",Sturbridge,7 Crescent Way,Unit 305,Real Estate Agent,86,White,White alone,Yes,Oxford,MA,2,0," Married/partners/couple, no dependents ","67,300.00","255,000.00",No
978276,11/1/23,12:38:00,"Groton, 503 Main",Groton,503 Main St,,MyMassHome,34,Black or African American,Black or African American alone,No,Lowell,MA,1,0, Single person ,"59,000.00","21,589.17",Yes
979223,4/27/24,13:43:00,"1 Magnolia Way, Unit 6 ~ Edgartown",Edgartown,1 Magnolia Way,Unit 6,Friend/Word of Mouth,76,White,White alone,No,Edgartown,MA,1,0, Single person ,"56,222.00","71,805.00",Yes
979956,6/30/24,20:00:57,28 Longview Circle ~Ayer,Ayer,28 Longview Circle,,Zillow/Trulia/Other Website,24,Hispanic or Latino,Missing,No,Lynn,MA,1,0, Single person ,"63,000.00","20,000.00",No
980254,1/22/24,11:59:00,"15 Jasmine Drive, Unit 17 ~ West Boylston",West Boylston,15 Jasmine Drive,Unit 17,Real Estate Agent,51,Hispanic or Latino,Missing,Yes,Methuen,MA,3,1," Married/partners/couple, no dependents ","63,000.00","39,882.40",No
980322,6/13/24,10:37:44,"105 Metacomet Ave, ~ East Taunton",East Taunton,105 Metacomet Ave,,MyMassHome,38,Hispanic or Latino,Missing,No,Boston,MA,3,1," Married/partners/couple, no dependents ","95,300.00","7,815.81",Yes
980322,6/14/24,8:59:37,42 Pine Street ~ Newton,Newton,42 Pine Street,,MyMassHome,38,Hispanic or Latino,Missing,No,Boston,MA,3,1," Married/partners/couple, no dependents ","95,300.00","7,815.81",Yes
980475,8/2/24,18:24:06,24 Haywood Circle ~ Mendon,Mendon,24 Haywood Circle,,Friend/Word of Mouth,33,White,White alone,No,Bellingham,MA,3,1," Married/partners/couple, no dependents ","46,049.00","80,000.00",No
980658,7/25/24,10:29:43,24 Haywood Circle ~ Mendon,Mendon,24 Haywood Circle,,Zillow/Trulia/Other Website,28,White,White alone,No,Bellingham,MA,4,2," Married/partners/couple, no dependents ","93,576.00","4,878.00",Yes
982486,5/18/24,13:50:37,"74 Riley Road, Unit 88  ~ Tyngsborough",Tyngsborough,74 Riley Road,Unit 88,Zillow/Trulia/Other Website,29,White,White alone,No,Tewksbury,MA,2,1, Single parent ,"40,000.00","4,222.00",No
982486,11/22/24,12:13:37,9 Minuteman Lane ~ Westford,Westford,9 Minuteman Lane,,MyMassHome,30,White,White alone,No,Tewksbury,MA,2,1, Single person ,"34,000.00","19,297.00",No
984025,5/29/24,15:31:39,"14 Caspian Way, Unit 23 ~ Leominster",Leominster,14 Caspian Way,Unit 23,Zillow/Trulia/Other Website,31,White,White alone,No,Leominster,MA,3,1," Married/partners/couple, no dependents ","76,128.00","34,173.00",No
984278,3/3/24,0:00:00,39 Swifts Beach Road ~ Wareham,Warehem,39 Swifts Beach Road,,NA,63,Missing,Missing,,Lynn,MA,5,3," Married/partners/couple, no dependents ","73,000.00","32,000.00",
984278,5/21/24,17:02:38,27 Meeting House Lane ~ Southborough,Southborough,27 Meeting House Lane,,MyMassHome,63,Black or African American,Black or African American alone,No,Lynn,MA,5,3," Married/partners/couple, no dependents ","73,000.00","28,000.00",Yes
984278,5/27/24,5:38:20,"74 Riley Road, Unit 88  ~ Tyngsborough",Tyngsborough,74 Riley Road,Unit 88,MyMassHome,63,Black or African American,Black or African American alone,No,Lynn,MA,5,3," Married/partners/couple, no dependents ","73,000.00","26,000.00",Yes
985435,3/25/25,9:48:05,18A Longview Circle ~ Ayer,Ayer,18A Longview Circle,,Real Estate Agent,41,Hispanic or Latino,Missing,No,Lowell ,MA,2,0," Married/partners/couple, no dependents ",100.00,30.00,No
985439,1/23/24,12:34:00,"15 Jasmine Drive, Unit 17 ~ West Boylston",West Boylston,15 Jasmine Drive,Unit 17,Zillow/Trulia/Other Website,41,"Black or African American, White",Black or African American; White,No,Worcester,MA,3,2, Single parent ,"59,520.00","24,000.00",Yes
985439,5/15/24,8:57:50,27 Meeting House Lane ~ Southborough,Southborough,27 Meeting House Lane,,Zillow/Trulia/Other Website,41,"Black or African American, White",Black or African American; White,No,Worcester,MA,3,1, Single parent ,"60,681.00","36,000.00",Yes
985439,9/26/24,13:00:31,"1A Lindas Way, Unit 13 ~ Sterling",Sterling,1A Lindas Way,Unit 13,MyMassHome,41,"Black or African American, Hispanic or Latino",Black or African American,No,Worcester,MA,3,1, Single parent ,"60,681.00","32,000.00",Yes
985439,11/12/24,8:45:09,24 Water Wheel Circle ~ Templeton,Templeton,24 Water Wheel Circle,,MyMassHome,42,"Black or African American, Hispanic or Latino",Black or African American,No,Worcester,MA,31,1, Single parent ,"66,181.00","35,000.00",Yes
986430,2/13/25,18:46:19,9 Adams Court ~ Hingham,Hingham,9 Adams Court,,Real Estate Agent,39,Asian,Asian alone,No,Hingham,MA,3,1," Married/partners/couple, no dependents ","114,350.53","10,000.00",No
990191,2/5/25,16:08:11,14 Autumn Lane ~ Northborough,Northborough,14 Autumn Lane ,,Zillow/Trulia/Other Website,45,"Hispanic or Latino, White",White alone,No,Bristol,MA,3,1, Single person ,"88,000.00","1,000.00",No
990761,8/4/24,16:56:14,24 Haywood Circle ~ Mendon,Mendon,24 Haywood Circle,,Real Estate Agent,36,Hispanic or Latino,Missing,No,Milford,MA,4,2," Married/partners/couple, no dependents ","187,000.00","20,000.00",Yes
990761,8/4/24,17:05:29,8 Kayak Trail ~ Norton,Norton,8 Kayak Trail,,MyMassHome,36,Hispanic or Latino,Missing,No,Milford,MA,4,2," Married/partners/couple, no dependents ","187,000.00","94,000.00",Yes
990852,8/4/24,19:30:23,8 Kayak Trail ~ Norton,Norton,8 Kayak Trail,,Zillow/Trulia/Other Website,36,White,White alone,No,Haverhill,MA,3,1," Married/partners/couple, no dependents ","95,160.00","23,000.00",No
990852,8/4/24,19:31:53,24 Haywood Circle ~ Mendon,Mendon,24 Haywood Circle,,Zillow/Trulia/Other Website,36,White,White alone,No,Haverhill,MA,3,1," Married/partners/couple, no dependents ","95,160.00","23,000.00",No
990902,1/22/25,20:46:13,1 Harvest Drive Unit 110 ~ North Andover,North Andover,1 Harvest Drive, Unit 110,Real Estate Agent,30,Hispanic or Latino,Missing,No,Lawrence,MA,1,0, Single person ,"63,000.00","18,326.15",No
994029,4/28/25,17:31:08,27 Meetinghouse Road ~ Norfolk (age restricted),Norfolk,27 Meetinghouse Road,,Real Estate Agent,65,White,White alone,No,Biddeford,ME,1,0, Single person ,"60,000.00","101,461.35",No
994454,5/12/25,11:17:56,1 Lois Lane ~ Townsend,Townsend,1 Lois Lane,,MyMassHome,30,White,White alone,No,Fitchburg,MA,4,2," Married/partners/couple, no dependents ",150.00,"29,500.00",Yes
995013,4/22/24,16:05:00,"1 Magnolia Way, Unit 6 ~ Edgartown",Edgartown,1 Magnolia Way,Unit 6,NA,68,White,White alone,No,Vineyard Haven,MA,1,0, Single person ,"88,701.60","69,895.20",Yes
995246,5/19/24,0:39:39,27 Meeting House Lane ~ Southborough,Southborough,27 Meeting House Lane,,Friend/Word of Mouth,47,White,White alone,No,Framingham,MA,4,1," Married/partners/couple, no dependents ","66,146.91","66,146.91",No
997147,5/21/24,14:36:02,27 Meeting House Lane ~ Southborough,Southborough,27 Meeting House Lane,,MyMassHome,35,Choose not to answer,Missing,No,Marlborough,MA,2,0," Married/partners/couple, no dependents ","74,829.00","59,000.00",No
997147,6/21/24,19:48:29,42 Pine Street ~ Newton,Newton,42 Pine Street,,MyMassHome,35,Choose not to answer,Missing,No,Marlborugh,MA,2,0," Married/partners/couple, no dependents ","74,829.00","32,307.00",No
998386,5/28/24,9:44:55,"74 Riley Road, Unit 88  ~ Tyngsborough",Tyngsborough,74 Riley Road,Unit 88,Zillow/Trulia/Other Website,49,Hispanic or Latino,Missing,No,Lowell,MA,3,1," Married/partners/couple, no dependents ","75,000.00","8,550.00",No
998583,5/9/24,12:14:22,27 Meeting House Lane ~ Southborough,Southborough,27 Meeting House Lane ,,MyMassHome,25,"Black or African American, Hispanic or Latino",Black or African American,No,Bedford,MA,2,0," More than one related adults, no dependents ","66,444.20","15,673.18",No
998583,5/23/24,8:32:23,"74 Riley Road, Unit 88  ~ Tyngsborough",Tyngsborough,74 Riley Road,Unit 88,MyMassHome,25,"Black or African American, Hispanic or Latino",Black or African American,No,Bedford,MA,2,0," More than one related adults, no dependents ","66,444.20","15,842.12",Yes
998583,5/31/24,10:22:06,"14 Caspian Way, Unit 23 ~ Leominster",Leominster,14 Caspian Way,Unit 23,MyMassHome,25,"Black or African American, Hispanic or Latino",Black or African American,No,Bedford,MA,2,0," More than one related adults, no dependents ","66,444.20","15,842.12",Yes