,ID Number,Race/Ethnicity,race_norm_v1,race_norm_v2,race_norm_v3,race_norm_v4,race_norm_v5,race_norm_v6,race_norm_final
0,150733,white ,white,white,white,white,white,white,white
1,439181,hispanic,hispanic,hispanic,hispanic,hispanic,hispanic,hispanic,hispanic
2,697399,black/afr am,black/afr am,black_african_american,black_african_american,black_african_american,black_african_american,black_african_american,black_african_american
3,191565,white ,white,white,white,white,white,white,white
4,226436,white ,white,white,white,white,white,white,white
5,932459,white ,white,white,white,white,white,white,white
6,170029,White,white,white,white,white,white,white,white
7,725305,White,white,white,white,white,white,white,white
8,569863,Black,black,black_african_american,black_african_american,black_african_american,black_african_american,black_african_american,black_african_american
9,746052,Asian,asian,asian,asian,asian,asian_pacific_islander,asian,asian
10,143795,Asian,asian,asian,asian,asian,asian_pacific_islander,asian,asian
11,664234,Hispanic,hispanic,hispanic,hispanic,hispanic,hispanic,hispanic,hispanic
12,23563,"White, Black","white, black",white/black_african_american,white/black_african_american,white/black_african_american,white/black_african_american,white/black_african_american,white/black_african_american
13,749309,White,white,white,white,white,white,white,white
14,53438,White,white,white,white,white,white,white,white
15,688944,White,white,white,white,white,white,white,white
16,170029,White,white,white,white,white,white,white,white
17,474472,White,white,white,white,white,white,white,white
18,943977,White,white,white,white,white,white,white,white
19,746052,Asian,asian,asian,asian,asian,asian_pacific_islander,asian,asian
20,128034,White,white,white,white,white,white,white,white
21,632579,Black,black,black_african_american,black_african_american,black_african_american,black_african_american,black_african_american,black_african_american
22,244846,White,white,white,white,white,white,white,white
23,915281,White,white,white,white,white,white,white,white
24,853663,Asian,asian,asian,asian,asian,asian_pacific_islander,asian,asian
25,194478,Asian,asian,asian,asian,asian,asian_pacific_islander,asian,asian
26,728903,Hispanic,hispanic,hispanic,hispanic,hispanic,hispanic,hispanic,hispanic
27,155867,White,white,white,white,white,white,white,white
28,328954,White,white,white,white,white,white,white,white
29,158422,Asian,asian,asian,asian,asian,asian_pacific_islander,asian,asian
30,842812,White,white,white,white,white,white,white,white
31,635457,White,white,white,white,white,white,white,white
32,713078,White,white,white,white,white,white,white,white
33,200811,White,white,white,white,white,white,white,white
34,254275,White,white,white,white,white,white,white,white
35,21490,White,white,white,white,white,white,white,white
36,191565,White,white,white,white,white,white,white,white
37,439181,Hispanic,hispanic,hispanic,hispanic,hispanic,hispanic,hispanic,hispanic
38,420784,White ,white,white,white,white,white,white,white
39,337927,Asian,asian,asian,asian,asian,asian_pacific_islander,asian,asian
40,697399,Black/Af Am,black/af am,black_african_american,black_african_american,black_african_american,black_african_american,black_african_american,black_african_american
41,784278,Asian,asian,asian,asian,asian,asian_pacific_islander,asian,asian
42,632579,Black/Af Am,black/af am,black_african_american,black_african_american,black_african_american,black_african_american,black_african_american,black_african_american
43,583256,White,white,white,white,white,white,white,white
44,202403,Asian,asian,asian,asian,asian,asian_pacific_islander,asian,asian
45,226436,White,white,white,white,white,white,white,white
46,889368,White,white,white,white,white,white,white,white
47,98038,White,white,white,white,white,white,white,white
48,964251,White,white,white,white,white,white,white,white
49,863169,white ,white,white,white,white,white,white,white
50,759531,white ,white,white,white,white,white,white,white
51,879963,white-north african,white-north african,white-north african,white-north african,white-north african,white_MENA,white_MENA,white_MENA
52,478626,White,white,white,white,white,white,white,white
53,531092,White,white,white,white,white,white,white,white
54,998585,White,white,white,white,white,white,white,white
55,127628,Native American,native american,native american,native american,native_american_alaskan_native,native_american_alaskan_native,native_american_alaskan_native,native_american_alaskan_native
56,355976,Hispanic,hispanic,hispanic,hispanic,hispanic,hispanic,hispanic,hispanic
57,375108,White,white,white,white,white,white,white,white
58,260388,White,white,white,white,white,white,white,white
59,215974,White,white,white,white,white,white,white,white
60,791655,White,white,white,white,white,white,white,white
61,309108,White,white,white,white,white,white,white,white
62,330799,Asian,asian,asian,asian,asian,asian_pacific_islander,asian,asian
63,304300,Asian,asian,asian,asian,asian,asian_pacific_islander,asian,asian
64,488703,white,white,white,white,white,white,white,white
65,176324,White,white,white,white,white,white,white,white
66,313363,Asian,asian,asian,asian,asian,asian_pacific_islander,asian,asian
67,889367,White,white,white,white,white,white,white,white
68,675635,White,white,white,white,white,white,white,white
69,559246,White,white,white,white,white,white,white,white
70,746052,Asian,asian,asian,asian,asian,asian_pacific_islander,asian,asian
71,969361,Asian,asian,asian,asian,asian,asian_pacific_islander,asian,asian
72,633243,white,white,white,white,white,white,white,white
73,45679,White,white,white,white,white,white,white,white
74,429653,South Asian Pakistai,south asian pakistai,south asian pakistai,south asian pakistai,south asian pakistai,asian_pacific_islander,asian,asian
75,162357,Black,black,black_african_american,black_african_american,black_african_american,black_african_american,black_african_american,black_african_american
76,996669,Unknown,unknown,unknown,unknown,unknown,unknown,unknown,unknown
77,757499,Black,black,black_african_american,black_african_american,black_african_american,black_african_american,black_african_american,black_african_american
78,798539,White,white,white,white,white,white,white,white
79,906708,white,white,white,white,white,white,white,white
80,34855,Hispanic,hispanic,hispanic,hispanic,hispanic,hispanic,hispanic,hispanic
81,547336,White,white,white,white,white,white,white,white
82,284814,White,white,white,white,white,white,white,white
83,497651,White,white,white,white,white,white,white,white
84,559246,White,white,white,white,white,white,white,white
85,633243,white,white,white,white,white,white,white,white
86,975195,White,white,white,white,white,white,white,white
87,351263,White,white,white,white,white,white,white,white
88,793914,Hispanic,hispanic,hispanic,hispanic,hispanic,hispanic,hispanic,hispanic
89,402373,White,white,white,white,white,white,white,white
90,775391,Black/White,black/white,black_african_american/white,black_african_american/white,black_african_american/white,black_african_american/white,black_african_american/white,black_african_american/white
91,168623,White,white,white,white,white,white,white,white
92,956410,,,nan,nan,nan,unknown,unknown,unknown
93,286828,Hispanic/White,hispanic/white,hispanic/white,hispanic/white,hispanic/white,hispanic/white,hispanic/white,hispanic/white
94,232606,Black,black,black_african_american,black_african_american,black_african_american,black_african_american,black_african_american,black_african_american
95,975195,White,white,white,white,white,white,white,white
96,45679,White,white,white,white,white,white,white,white
97,633243,white,white,white,white,white,white,white,white
98,363016,White,white,white,white,white,white,white,white
99,559246,White,white,white,white,white,white,white,white
100,345125,Asian,asian,asian,asian,asian,asian_pacific_islander,asian,asian
101,20110,Other,other,unknown,unknown,unknown,unknown,unknown,unknown
102,769986,White,white,white,white,white,white,white,white
103,916557,White,white,white,white,white,white,white,white
104,631412,Asian,asian,asian,asian,asian,asian_pacific_islander,asian,asian
105,599285,White,white,white,white,white,white,white,white
106,170000,White,white,white,white,white,white,white,white
107,191565,White,white,white,white,white,white,white,white
108,107571,Asian,asian,asian,asian,asian,asian_pacific_islander,asian,asian
109,926545,,,nan,nan,nan,unknown,unknown,unknown
110,899093,White,white,white,white,white,white,white,white
111,983151,White,white,white,white,white,white,white,white
112,978205,Asian,asian,asian,asian,asian,asian_pacific_islander,asian,asian
113,723376,White,white,white,white,white,white,white,white
114,237388,Asian,asian,asian,asian,asian,asian_pacific_islander,asian,asian
115,955907,White,white,white,white,white,white,white,white
116,231028,Asian,asian,asian,asian,asian,asian_pacific_islander,asian,asian
117,813513,white,white,white,white,white,white,white,white
118,214527,Black,black,black_african_american,black_african_american,black_african_american,black_african_american,black_african_american,black_african_american
119,764740,Asian,asian,asian,asian,asian,asian_pacific_islander,asian,asian
120,647185,White,white,white,white,white,white,white,white
121,154157,,,nan,nan,nan,unknown,unknown,unknown
122,983151,White,white,white,white,white,white,white,white
123,744816,Asian,asian,asian,asian,asian,asian_pacific_islander,asian,asian
124,820907,Asian,asian,asian,asian,asian,asian_pacific_islander,asian,asian
125,184600,Hispanic,hispanic,hispanic,hispanic,hispanic,hispanic,hispanic,hispanic
126,894311,White,white,white,white,white,white,white,white
127,515852,White,white,white,white,white,white,white,white
128,384903,White,white,white,white,white,white,white,white
129,55732,White,white,white,white,white,white,white,white
130,926302,Black,black,black_african_american,black_african_american,black_african_american,black_african_american,black_african_american,black_african_american
131,718474,White,white,white,white,white,white,white,white
132,706337,Black,black,black_african_american,black_african_american,black_african_american,black_african_american,black_african_american,black_african_american
133,231028,Asian,asian,asian,asian,asian,asian_pacific_islander,asian,asian
134,261650,White,white,white,white,white,white,white,white
135,49587,White,white,white,white,white,white,white,white
136,684980,Asian,asian,asian,asian,asian,asian_pacific_islander,asian,asian
137,895035,White,white,white,white,white,white,white,white
138,380933,Black,black,black_african_american,black_african_american,black_african_american,black_african_american,black_african_american,black_african_american
139,660814,Black,black,black_african_american,black_african_american,black_african_american,black_african_american,black_african_american,black_african_american
140,657359,white/hispanic,white/hispanic,white/hispanic,whitehispanic,whitehispanic,white/hispanic,white/hispanic,white/hispanic
141,247829,Black,black,black_african_american,black_african_american,black_african_american,black_african_american,black_african_american,black_african_american
142,883554,Hispanic,hispanic,hispanic,hispanic,hispanic,hispanic,hispanic,hispanic
143,407402,Black,black,black_african_american,black_african_american,black_african_american,black_african_american,black_african_american,black_african_american
144,707324,Asian,asian,asian,asian,asian,asian_pacific_islander,asian,asian
145,702377,Black,black,black_african_american,black_african_american,black_african_american,black_african_american,black_african_american,black_african_american
146,789285,Asian,asian,asian,asian,asian,asian_pacific_islander,asian,asian
147,846234,Asian,asian,asian,asian,asian,asian_pacific_islander,asian,asian
148,647616,Black,black,black_african_american,black_african_american,black_african_american,black_african_american,black_african_american,black_african_american
149,159142,White,white,white,white,white,white,white,white
150,627348,White,white,white,white,white,white,white,white
151,209824,White,white,white,white,white,white,white,white
152,659911,Black,black,black_african_american,black_african_american,black_african_american,black_african_american,black_african_american,black_african_american
153,192059,Black,black,black_african_american,black_african_american,black_african_american,black_african_american,black_african_american,black_african_american
154,254841,Black,black,black_african_american,black_african_american,black_african_american,black_african_american,black_african_american,black_african_american
155,458786,Asian,asian,asian,asian,asian,asian_pacific_islander,asian,asian
156,682431,,,nan,nan,nan,unknown,unknown,unknown
157,206137,Asian,asian,asian,asian,asian,asian_pacific_islander,asian,asian
158,76111,Hispanic,hispanic,hispanic,hispanic,hispanic,hispanic,hispanic,hispanic
159,857693,White,white,white,white,white,white,white,white
160,869542,Asian,asian,asian,asian,asian,asian_pacific_islander,asian,asian
161,659729,white,white,white,white,white,white,white,white
162,420989,White,white,white,white,white,white,white,white
163,856467,White,white,white,white,white,white,white,white
164,768700,White,white,white,white,white,white,white,white
165,826755,Hispanic,hispanic,hispanic,hispanic,hispanic,hispanic,hispanic,hispanic
166,969361,Asian,asian,asian,asian,asian,asian_pacific_islander,asian,asian
167,924657,Hispanic,hispanic,hispanic,hispanic,hispanic,hispanic,hispanic,hispanic
168,442327,White,white,white,white,white,white,white,white
169,691590,White,white,white,white,white,white,white,white
170,684011,white,white,white,white,white,white,white,white
171,159142,White,white,white,white,white,white,white,white
172,523471,White,white,white,white,white,white,white,white
173,895035,White,white,white,white,white,white,white,white
174,323129,White,white,white,white,white,white,white,white
175,145057,White,white,white,white,white,white,white,white
176,718474,White,white,white,white,white,white,white,white
177,384903,White,white,white,white,white,white,white,white
178,187176,Black,black,black_african_american,black_african_american,black_african_american,black_african_american,black_african_american,black_african_american
179,768700,White,white,white,white,white,white,white,white
180,224995,Asian,asian,asian,asian,asian,asian_pacific_islander,asian,asian
181,608782,Hispanic,hispanic,hispanic,hispanic,hispanic,hispanic,hispanic,hispanic
182,761123,White,white,white,white,white,white,white,white
183,214527,Black,black,black_african_american,black_african_american,black_african_american,black_african_american,black_african_american,black_african_american
184,302069,white ,white,white,white,white,white,white,white
185,290011,native amer/alaskan,native amer/alaskan,native amer/alaskan,native amer/alaskan,native_american_alaskan_native,native_american_alaskan_native,native_american_alaskan_native,native_american_alaskan_native
186,187176,african/amer,african/amer,black_african_american,black_african_american,black_african_american,black_african_american,black_african_american,black_african_american
187,341435,,,nan,nan,nan,unknown,unknown,unknown
188,767759,white,white,white,white,white,white,white,white
189,11520,white,white,white,white,white,white,white,white
190,899061,white,white,white,white,white,white,white,white
191,735339,hispanic/latino,hispanic/latino,hispanic/latino,hispanic,hispanic,hispanic,hispanic,hispanic
192,76111,hispanic/latino,hispanic/latino,hispanic/latino,hispanic,hispanic,hispanic,hispanic,hispanic
193,680453,,,nan,nan,nan,unknown,unknown,unknown
194,921930,white ,white,white,white,white,white,white,white
195,783744,white ,white,white,white,white,white,white,white
196,957183,white ,white,white,white,white,white,white,white
197,727770,did not list,did not list,unknown,unknown,unknown,unknown,unknown,unknown
198,187176,,,nan,nan,nan,unknown,unknown,unknown
199,172262,white,white,white,white,white,white,white,white
200,709444,hispanic,hispanic,hispanic,hispanic,hispanic,hispanic,hispanic,hispanic
201,502046,white,white,white,white,white,white,white,white
202,812232,white ,white,white,white,white,white,white,white
203,187176,black/afr amer,black/afr amer,black_african_american,black_african_american,black_african_american,black_african_american,black_african_american,black_african_american
204,226436,white ,white,white,white,white,white,white,white
205,357502,Hispanic,hispanic,hispanic,hispanic,hispanic,hispanic,hispanic,hispanic
206,990527,white ,white,white,white,white,white,white,white
207,117950,hispanic,hispanic,hispanic,hispanic,hispanic,hispanic,hispanic,hispanic
208,902647,white ,white,white,white,white,white,white,white
209,657180,white ,white,white,white,white,white,white,white
210,280146,white ,white,white,white,white,white,white,white
211,60255,white ,white,white,white,white,white,white,white
212,182001,white ,white,white,white,white,white,white,white
213,144137,white ,white,white,white,white,white,white,white
214,187176,afr amer,afr amer,black_african_american,black_african_american,black_african_american,black_african_american,black_african_american,black_african_american
215,54346,white ,white,white,white,white,white,white,white
216,962345,white ,white,white,white,white,white,white,white
217,577737,cape vrd blck,cape vrd blck,black_african_american,black_african_american,black_african_american,black_african_american,black_african_american,black_african_american
218,662660,hispanic ,hispanic,hispanic,hispanic,hispanic,hispanic,hispanic,hispanic
219,254841,black,black,black_african_american,black_african_american,black_african_american,black_african_american,black_african_american,black_african_american
220,323129,white,white,white,white,white,white,white,white
221,761123,white,white,white,white,white,white,white,white
222,187176,african amer,african amer,black_african_american,black_african_american,black_african_american,black_african_american,black_african_american,black_african_american
223,551861,african amer,african amer,black_african_american,black_african_american,black_african_american,black_african_american,black_african_american,black_african_american
224,802628,white ,white,white,white,white,white,white,white
225,819698,white ,white,white,white,white,white,white,white
226,336274,white ,white,white,white,white,white,white,white
227,469149,white ,white,white,white,white,white,white,white
228,442638,white ,white,white,white,white,white,white,white
229,966147,hispanic,hispanic,hispanic,hispanic,hispanic,hispanic,hispanic,hispanic
230,420446,white ,white,white,white,white,white,white,white
231,546457,white ,white,white,white,white,white,white,white
232,527189,white ,white,white,white,white,white,white,white
233,551069,hispanic,hispanic,hispanic,hispanic,hispanic,hispanic,hispanic,hispanic
234,953401,white ,white,white,white,white,white,white,white
235,224807,hispanic,hispanic,hispanic,hispanic,hispanic,hispanic,hispanic,hispanic
236,65394,white ,white,white,white,white,white,white,white
237,48541,wihite,wihite,wihite,wihite,wihite,white,white,white
238,607258,hispanic,hispanic,hispanic,hispanic,hispanic,hispanic,hispanic,hispanic
239,363639,white ,white,white,white,white,white,white,white
240,643181,hispanic,hispanic,hispanic,hispanic,hispanic,hispanic,hispanic,hispanic
241,982752,,,nan,nan,nan,unknown,unknown,unknown
242,649824,White,white,white,white,white,white,white,white
243,413697,white,white,white,white,white,white,white,white
244,706304,hispanic,hispanic,hispanic,hispanic,hispanic,hispanic,hispanic,hispanic
245,795769,white,white,white,white,white,white,white,white
246,916126,white ,white,white,white,white,white,white,white
247,813816,african amer,african amer,black_african_american,black_african_american,black_african_american,black_african_american,black_african_american,black_african_american
248,856662,white,white,white,white,white,white,white,white
249,795769,white,white,white,white,white,white,white,white
250,898481,white,white,white,white,white,white,white,white
251,473296,white,white,white,white,white,white,white,white
252,5837,white,white,white,white,white,white,white,white
253,981295,,,nan,nan,nan,unknown,unknown,unknown
254,367717,white,white,white,white,white,white,white,white
255,846179,asian ,asian,asian,asian,asian,asian_pacific_islander,asian,asian
256,364074,white ,white,white,white,white,white,white,white
257,122102,north african,north african,north african,north african,north african,white_MENA,white_MENA,white_MENA
258,647185,white ,white,white,white,white,white,white,white
259,565155,white ,white,white,white,white,white,white,white
260,727770,NL,nl,nl,nl,nl,unknown,unknown,unknown
261,630145,Asian,asian,asian,asian,asian,asian_pacific_islander,asian,asian
262,619362,white ,white,white,white,white,white,white,white
263,179198,,,nan,nan,nan,unknown,unknown,unknown
264,382711,,,nan,nan,nan,unknown,unknown,unknown
265,271685,White,white,white,white,white,white,white,white
266,539506,Black,black,black_african_american,black_african_american,black_african_american,black_african_american,black_african_american,black_african_american
267,727770,White,white,white,white,white,white,white,white
268,427892,Black,black,black_african_american,black_african_american,black_african_american,black_african_american,black_african_american,black_african_american
269,120036,Hispanic,hispanic,hispanic,hispanic,hispanic,hispanic,hispanic,hispanic
270,895951,Hispanic,hispanic,hispanic,hispanic,hispanic,hispanic,hispanic,hispanic
271,54737,,,nan,nan,nan,unknown,unknown,unknown
272,777948,Hispanic,hispanic,hispanic,hispanic,hispanic,hispanic,hispanic,hispanic
273,102083,Cape Ver\dean,cape verdean,cape verdean,cape verdean,cape verdean,cape verdean,black_african_american/hispanic,black_african_american/hispanic
274,439146,Hispanic,hispanic,hispanic,hispanic,hispanic,hispanic,hispanic,hispanic
275,813946,Black,black,black_african_american,black_african_american,black_african_american,black_african_american,black_african_american,black_african_american
276,958358,White,white,white,white,white,white,white,white
277,121477,White,white,white,white,white,white,white,white
278,309020,Black,black,black_african_american,black_african_american,black_african_american,black_african_american,black_african_american,black_african_american
279,7260,White,white,white,white,white,white,white,white
280,648920,Black,black,black_african_american,black_african_american,black_african_american,black_african_american,black_african_american,black_african_american
281,536584,White,white,white,white,white,white,white,white
282,226747,White,white,white,white,white,white,white,white
283,88750,White,white,white,white,white,white,white,white
284,147194,White,white,white,white,white,white,white,white
285,463751,Asian,asian,asian,asian,asian,asian_pacific_islander,asian,asian
286,787807,White,white,white,white,white,white,white,white
287,30337,White,white,white,white,white,white,white,white
288,631392,White,white,white,white,white,white,white,white
289,509558,White/Hispanic,white/hispanic,white/hispanic,whitehispanic,whitehispanic,white/hispanic,white/hispanic,white/hispanic
290,178392,White,white,white,white,white,white,white,white
291,974013,Egyptian,egyptian,egyptian,egyptian,egyptian,white_MENA,white_MENA,white_MENA
292,907351,White,white,white,white,white,white,white,white
293,849175,White,white,white,white,white,white,white,white
294,592182,White,white,white,white,white,white,white,white
295,317568,Asian,asian,asian,asian,asian,asian_pacific_islander,asian,asian
296,119563,White,white,white,white,white,white,white,white
297,596544,White ,white,white,white,white,white,white,white
298,704130,Asian,asian,asian,asian,asian,asian_pacific_islander,asian,asian
299,732137,White ,white,white,white,white,white,white,white
300,644466,Black ,black,black_african_american,black_african_american,black_african_american,black_african_american,black_african_american,black_african_american
301,821695,Hispanic,hispanic,hispanic,hispanic,hispanic,hispanic,hispanic,hispanic
302,922238,Asian,asian,asian,asian,asian,asian_pacific_islander,asian,asian
303,31698,Hispanic,hispanic,hispanic,hispanic,hispanic,hispanic,hispanic,hispanic
304,957183,White ,white,white,white,white,white,white,white
305,989966,White,white,white,white,white,white,white,white
306,332063,White,white,white,white,white,white,white,white
307,306977,White,white,white,white,white,white,white,white
308,545653,White,white,white,white,white,white,white,white
309,488217,Hispanic,hispanic,hispanic,hispanic,hispanic,hispanic,hispanic,hispanic
310,244807,Black,black,black_african_american,black_african_american,black_african_american,black_african_american,black_african_american,black_african_american
311,921930,White,white,white,white,white,white,white,white
312,54776,White,white,white,white,white,white,white,white
313,360808,White,white,white,white,white,white,white,white
314,344596,White,white,white,white,white,white,white,white
315,973611,Asian,asian,asian,asian,asian,asian_pacific_islander,asian,asian
316,921383,White,white,white,white,white,white,white,white
317,582824,White,white,white,white,white,white,white,white
318,966958,White,white,white,white,white,white,white,white
319,335935,White,white,white,white,white,white,white,white
320,5941,,,nan,nan,nan,unknown,unknown,unknown
321,803378,White,white,white,white,white,white,white,white
322,627534,White,white,white,white,white,white,white,white
323,630145,Asian,asian,asian,asian,asian,asian_pacific_islander,asian,asian
324,174672,White,white,white,white,white,white,white,white
325,489464,White,white,white,white,white,white,white,white
326,142389,White,white,white,white,white,white,white,white
327,711269,White,white,white,white,white,white,white,white
328,723147,White,white,white,white,white,white,white,white
329,294813,White,white,white,white,white,white,white,white
330,135247,White,white,white,white,white,white,white,white
331,314837,,,nan,nan,nan,unknown,unknown,unknown
332,270941,White,white,white,white,white,white,white,white
333,839222,Hispanic,hispanic,hispanic,hispanic,hispanic,hispanic,hispanic,hispanic
334,648800,White,white,white,white,white,white,white,white
335,16572,,,nan,nan,nan,unknown,unknown,unknown
336,535430,Hispanic,hispanic,hispanic,hispanic,hispanic,hispanic,hispanic,hispanic
337,155259,Hispanic,hispanic,hispanic,hispanic,hispanic,hispanic,hispanic,hispanic
338,627641,Hispanic,hispanic,hispanic,hispanic,hispanic,hispanic,hispanic,hispanic
339,625006,Black,black,black_african_american,black_african_american,black_african_american,black_african_american,black_african_american,black_african_american
340,19054,White,white,white,white,white,white,white,white
341,471918,Black,black,black_african_american,black_african_american,black_african_american,black_african_american,black_african_american,black_african_american
342,943847,,,nan,nan,nan,unknown,unknown,unknown
343,19975,Hispanic,hispanic,hispanic,hispanic,hispanic,hispanic,hispanic,hispanic
344,354565,Black,black,black_african_american,black_african_american,black_african_american,black_african_american,black_african_american,black_african_american
345,779577,White,white,white,white,white,white,white,white
346,105248,White,white,white,white,white,white,white,white
347,314398,White,white,white,white,white,white,white,white
348,248400,,,nan,nan,nan,unknown,unknown,unknown
349,565311,,,nan,nan,nan,unknown,unknown,unknown
350,117597,White,white,white,white,white,white,white,white
351,65520,white ,white,white,white,white,white,white,white
352,19198,hispanic,hispanic,hispanic,hispanic,hispanic,hispanic,hispanic,hispanic
353,295405,hispanic,hispanic,hispanic,hispanic,hispanic,hispanic,hispanic,hispanic
354,540651,hispanic,hispanic,hispanic,hispanic,hispanic,hispanic,hispanic,hispanic
355,124528,,,nan,nan,nan,unknown,unknown,unknown
356,703836,,,nan,nan,nan,unknown,unknown,unknown
357,200651,hispanic,hispanic,hispanic,hispanic,hispanic,hispanic,hispanic,hispanic
358,317568,asian,asian,asian,asian,asian,asian_pacific_islander,asian,asian
359,760920,white,white,white,white,white,white,white,white
360,478823,asian,asian,asian,asian,asian,asian_pacific_islander,asian,asian
361,605977,white ,white,white,white,white,white,white,white
362,444362,white,white,white,white,white,white,white,white
363,174672,white ,white,white,white,white,white,white,white
364,529793,white ,white,white,white,white,white,white,white
365,427892,"""Other""",other,unknown,unknown,unknown,unknown,unknown,unknown
366,145177,Hispanic,hispanic,hispanic,hispanic,hispanic,hispanic,hispanic,hispanic
367,577737,black,black,black_african_american,black_african_american,black_african_american,black_african_american,black_african_american,black_african_american
368,656808,black,black,black_african_american,black_african_american,black_african_american,black_african_american,black_african_american,black_african_american
369,140189,black,black,black_african_american,black_african_american,black_african_american,black_african_american,black_african_american,black_african_american
370,630145,Asian,asian,asian,asian,asian,asian_pacific_islander,asian,asian
371,994350,Hispanic,hispanic,hispanic,hispanic,hispanic,hispanic,hispanic,hispanic
372,123282,Hispanic,hispanic,hispanic,hispanic,hispanic,hispanic,hispanic,hispanic
373,203891,White ,white,white,white,white,white,white,white
374,552365,white ,white,white,white,white,white,white,white
375,554174,Hispanic,hispanic,hispanic,hispanic,hispanic,hispanic,hispanic,hispanic
376,377124,Hispanic,hispanic,hispanic,hispanic,hispanic,hispanic,hispanic,hispanic
377,21605,white ,white,white,white,white,white,white,white
378,56860,white ,white,white,white,white,white,white,white
379,278288,black/white ,black/white,black_african_american/white,black_african_american/white,black_african_american/white,black_african_american/white,black_african_american/white,black_african_american/white
380,314921,Choose not to answer,choose not to answer,unknown,unknown,unknown,unknown,unknown,unknown
381,827042,White,white,white,white,white,white,white,white
382,152270,White,white,white,white,white,white,white,white
383,949729,White,white,white,white,white,white,white,white
384,814571,White,white,white,white,white,white,white,white
385,506157,Black or African American,black/african american,black_african_american,black_african_american,black_african_american,black_african_american,black_african_american,black_african_american
386,825529,Asian/Pacific Islander,asian/pacific islander,asian/pacific islander,asian/pacific islander,asian/pacific islander,asian_pacific_islander,asian,asian
387,524616,White,white,white,white,white,white,white,white
388,336451,White,white,white,white,white,white,white,white
389,978276,Black or African American,black/african american,black_african_american,black_african_american,black_african_american,black_african_american,black_african_american,black_african_american
390,785480,White,white,white,white,white,white,white,white
391,23798,Hispanic/Latino,hispanic/latino,hispanic/latino,hispanic,hispanic,hispanic,hispanic,hispanic
392,369937,White,white,white,white,white,white,white,white
393,262135,White,white,white,white,white,white,white,white
394,969393,White,white,white,white,white,white,white,white
395,510742,White,white,white,white,white,white,white,white
396,514660,White,white,white,white,white,white,white,white
397,514660,White,white,white,white,white,white,white,white
398,860042,Hispanic/Latino,hispanic/latino,hispanic/latino,hispanic,hispanic,hispanic,hispanic,hispanic
399,725953,White,white,white,white,white,white,white,white
400,112285,White,white,white,white,white,white,white,white
401,373276,White,white,white,white,white,white,white,white
402,296725,White,white,white,white,white,white,white,white
403,825529,Asian/Pacific Islander,asian/pacific islander,asian/pacific islander,asian/pacific islander,asian/pacific islander,asian_pacific_islander,asian,asian
404,355077,White,white,white,white,white,white,white,white
405,593980,White,white,white,white,white,white,white,white
406,598436,Hispanic/Latino,hispanic/latino,hispanic/latino,hispanic,hispanic,hispanic,hispanic,hispanic
407,930585,White,white,white,white,white,white,white,white
408,441853,White,white,white,white,white,white,white,white
409,834205,White,white,white,white,white,white,white,white
410,613331,White,white,white,white,white,white,white,white
411,116151,White,white,white,white,white,white,white,white
412,623420,Black or African American,black/african american,black_african_american,black_african_american,black_african_american,black_african_american,black_african_american,black_african_american
413,97166,White,white,white,white,white,white,white,white
414,531159,Black or African American,black/african american,black_african_american,black_african_american,black_african_american,black_african_american,black_african_american,black_african_american
415,167627,Asian/Pacific Islander,asian/pacific islander,asian/pacific islander,asian/pacific islander,asian/pacific islander,asian_pacific_islander,asian,asian
416,274638,White,white,white,white,white,white,white,white
417,221871,Black or African American,black/african american,black_african_american,black_african_american,black_african_american,black_african_american,black_african_american,black_african_american
418,512819,White,white,white,white,white,white,white,white
419,89860,Black or African American,black/african american,black_african_american,black_african_american,black_african_american,black_african_american,black_african_american,black_african_american
420,347073,Black or African American,black/african american,black_african_american,black_african_american,black_african_american,black_african_american,black_african_american,black_african_american
421,647840,Hispanic/Latino,hispanic/latino,hispanic/latino,hispanic,hispanic,hispanic,hispanic,hispanic
422,287868,White,white,white,white,white,white,white,white
423,845893,Black or African American,black/african american,black_african_american,black_african_american,black_african_american,black_african_american,black_african_american,black_african_american
424,720695,Choose not to answer,choose not to answer,unknown,unknown,unknown,unknown,unknown,unknown
425,904833,Asian/Pacific Islander,asian/pacific islander,asian/pacific islander,asian/pacific islander,asian/pacific islander,asian_pacific_islander,asian,asian
426,443617,White,white,white,white,white,white,white,white
427,75888,Black or African American,black/african american,black_african_american,black_african_american,black_african_american,black_african_american,black_african_american,black_african_american
428,673625,Black or African American,black/african american,black_african_american,black_african_american,black_african_american,black_african_american,black_african_american,black_african_american
429,97210,,,nan,nan,nan,unknown,unknown,unknown
430,473272,Black or African American,black/african american,black_african_american,black_african_american,black_african_american,black_african_american,black_african_american,black_african_american
431,447880,White,white,white,white,white,white,white,white
432,835195,White,white,white,white,white,white,white,white
433,97166,White,white,white,white,white,white,white,white
434,416257,Black or African American Hispanic/Latino,black/african american hispanic/latino,black_african_american hispanic/latino,black_african_american hispanic,black_african_american hispanic,black_african_american hispanic,black_african_american/hispanic,black_african_american/hispanic
435,416257,Black or African American Hispanic/Latino,black/african american hispanic/latino,black_african_american hispanic/latino,black_african_american hispanic,black_african_american hispanic,black_african_american hispanic,black_african_american/hispanic,black_african_american/hispanic
436,416257,Black or African American Hispanic/Latino,black/african american hispanic/latino,black_african_american hispanic/latino,black_african_american hispanic,black_african_american hispanic,black_african_american hispanic,black_african_american/hispanic,black_african_american/hispanic
437,287868,White,white,white,white,white,white,white,white
438,512819,Choose not to answer,choose not to answer,unknown,unknown,unknown,unknown,unknown,unknown
439,347073,Black or African American,black/african american,black_african_american,black_african_american,black_african_american,black_african_american,black_african_american,black_african_american
440,194867,White,white,white,white,white,white,white,white
441,473583,White,white,white,white,white,white,white,white
442,88457,Hispanic Hispanic/Latino,hispanic hispanic/latino,hispanic hispanic/latino,hispanic,hispanic,hispanic,hispanic,hispanic
443,854862,"Asian/Pacific Islander, Black or African American, White","asian/pacific islander, black/african american, white",asian/pacific islander/black_african_american/white,asian/pacific islander/black_african_american/white,asian/pacific islander/black_african_american/white,asian_pacific_islander/black_african_american/white,asian/black_african_american/white,asian/black_african_american/white
444,531159,Black or African American,black/african american,black_african_american,black_african_american,black_african_american,black_african_american,black_african_american,black_african_american
445,531159,Black or African American,black/african american,black_african_american,black_african_american,black_african_american,black_african_american,black_african_american,black_african_american
446,105277,Asian/Pacific Islander,asian/pacific islander,asian/pacific islander,asian/pacific islander,asian/pacific islander,asian_pacific_islander,asian,asian
447,632587,Choose not to answer,choose not to answer,unknown,unknown,unknown,unknown,unknown,unknown
448,232411,North African,north african,north african,north african,north african,white_MENA,white_MENA,white_MENA
449,776394,White,white,white,white,white,white,white,white
450,283185,White,white,white,white,white,white,white,white
451,212500,Choose not to answer,choose not to answer,unknown,unknown,unknown,unknown,unknown,unknown
452,530298,White,white,white,white,white,white,white,white
453,208639,Black or African American,black/african american,black_african_american,black_african_american,black_african_american,black_african_american,black_african_american,black_african_american
454,172183,"Asian/Pacific Islander, White","asian/pacific islander, white",asian/pacific islander/white,asian/pacific islander/white,asian/pacific islander/white,asian_pacific_islander/white,asian/white,asian/white
455,914091,White,white,white,white,white,white,white,white
456,296517,Black or African American,black/african american,black_african_american,black_african_american,black_african_american,black_african_american,black_african_american,black_african_american
457,891863,White,white,white,white,white,white,white,white
458,74574,White,white,white,white,white,white,white,white
459,874334,White,white,white,white,white,white,white,white
460,271229,White,white,white,white,white,white,white,white
461,802609,White,white,white,white,white,white,white,white
462,666185,Black or African American,black/african american,black_african_american,black_african_american,black_african_american,black_african_american,black_african_american,black_african_american
463,402320,White,white,white,white,white,white,white,white
464,402320,White,white,white,white,white,white,white,white
465,705052,Black,black,black_african_american,black_african_american,black_african_american,black_african_american,black_african_american,black_african_american
466,183684,White,white,white,white,white,white,white,white
467,845893,Black or African American,black/african american,black_african_american,black_african_american,black_african_american,black_african_american,black_african_american,black_african_american
468,980254,Hispanic/Latino Hispanic/Latino,hispanic/latino hispanic/latino,hispanic/latino hispanic/latino,hispanic,hispanic,hispanic,hispanic,hispanic
469,821846,Brazilian,brazilian,brazilian,brazilian,brazilian,brazilian,hispanic,hispanic
470,296517,Black or African American,black/african american,black_african_american,black_african_american,black_african_american,black_african_american,black_african_american,black_african_american
471,364237,White,white,white,white,white,white,white,white
472,781575,White,white,white,white,white,white,white,white
473,310791,White Hispanic/Latino,white hispanic/latino,white hispanic/latino,white hispanic,white hispanic,white/hispanic,white/hispanic,white/hispanic
474,539589,White Hispanic/Latino,white hispanic/latino,white hispanic/latino,white hispanic,white hispanic,white/hispanic,white/hispanic,white/hispanic
475,416257,Black or African American Hispanic/Latino,black/african american hispanic/latino,black_african_american hispanic/latino,black_african_american hispanic,black_african_american hispanic,black_african_american hispanic,black_african_american/hispanic,black_african_american/hispanic
476,19186,Choose not to answer Hispanic/Latino,choose not to answer hispanic/latino,choose not to answer hispanic/latino,choose not to answer hispanic,choose not to answer hispanic,choose not to answer hispanic,choose_not_to_answer/hispanic,choose_not_to_answer/hispanic
477,985439,"Black or African American, White","black/african american, white",black_african_american/white,black_african_american/white,black_african_american/white,black_african_american/white,black_african_american/white,black_african_american/white
478,155943,Middle eastern,middle eastern,middle eastern,middle eastern,middle eastern,white_MENA,white_MENA,white_MENA
479,975221,Choose not to answer,choose not to answer,unknown,unknown,unknown,unknown,unknown,unknown
480,847026,Asian/Pacific Islander,asian/pacific islander,asian/pacific islander,asian/pacific islander,asian/pacific islander,asian_pacific_islander,asian,asian
481,767502,"White, Lebanese/syrian","white, lebanese/syrian",white/lebanese/syrian,white/lebanese/syrian,white/lebanese/syrian,white_MENA,white_MENA,white_MENA
482,156677,"White, Latino Hispanic/Latino","white, latino hispanic/latino",white/latino hispanic/latino,white/hispanic,white/hispanic,white/hispanic,white/hispanic,white/hispanic
483,19186,Choose not to answer Hispanic/Latino,choose not to answer hispanic/latino,choose not to answer hispanic/latino,choose not to answer hispanic,choose not to answer hispanic,choose not to answer hispanic,choose_not_to_answer/hispanic,choose_not_to_answer/hispanic
484,310296,White,white,white,white,white,white,white,white
485,435720,Choose not to answer Hispanic/Latino,choose not to answer hispanic/latino,choose not to answer hispanic/latino,choose not to answer hispanic,choose not to answer hispanic,choose not to answer hispanic,choose_not_to_answer/hispanic,choose_not_to_answer/hispanic
486,238891,White,white,white,white,white,white,white,white
487,750684,Black or African American,black/african american,black_african_american,black_african_american,black_african_american,black_african_american,black_african_american,black_african_american
488,595848,White,white,white,white,white,white,white,white
489,814696,White,white,white,white,white,white,white,white
490,779544,Black or African American,black/african american,black_african_american,black_african_american,black_african_american,black_african_american,black_african_american,black_african_american
491,586853,Hispanic Latino Hispanic/Latino,hispanic latino hispanic/latino,hispanic latino hispanic/latino,hispanic,hispanic,hispanic,hispanic,hispanic
492,351702,White Hispanic/Latino,white hispanic/latino,white hispanic/latino,white hispanic,white hispanic,white/hispanic,white/hispanic,white/hispanic
493,680637,Asian/Pacific Islander,asian/pacific islander,asian/pacific islander,asian/pacific islander,asian/pacific islander,asian_pacific_islander,asian,asian
494,935578,Black or African American,black/african american,black_african_american,black_african_american,black_african_american,black_african_american,black_african_american,black_african_american
495,117527,White,white,white,white,white,white,white,white
496,916487,White,white,white,white,white,white,white,white
497,944391,Asian/Pacific Islander,asian/pacific islander,asian/pacific islander,asian/pacific islander,asian/pacific islander,asian_pacific_islander,asian,asian
498,576447,Black or African American,black/african american,black_african_american,black_african_american,black_african_american,black_african_american,black_african_american,black_african_american
499,413072,Black or African American,black/african american,black_african_american,black_african_american,black_african_american,black_african_american,black_african_american,black_african_american
500,970507,Brazilian Hispanic/Latino,brazilian hispanic/latino,brazilian hispanic/latino,hispanic,hispanic,hispanic,hispanic,hispanic
501,743078,Black or African American,black/african american,black_african_american,black_african_american,black_african_american,black_african_american,black_african_american,black_african_american
502,419936,White,white,white,white,white,white,white,white
503,3901,White,white,white,white,white,white,white,white
504,720695,Black or African American,black/african american,black_african_american,black_african_american,black_african_american,black_african_american,black_african_american,black_african_american
505,447880,White,white,white,white,white,white,white,white
506,466678,White,white,white,white,white,white,white,white
507,290047,Iraqi-American,iraqi-american,iraqi-american,iraqi-american,iraqi-american,white_MENA,white_MENA,white_MENA
508,764437,White,white,white,white,white,white,white,white
509,406624,White,white,white,white,white,white,white,white
510,140362,White,white,white,white,white,white,white,white
511,167627,Asian/Pacific Islander,asian/pacific islander,asian/pacific islander,asian/pacific islander,asian/pacific islander,asian_pacific_islander,asian,asian
512,630445,Asian/Pacific Islander,asian/pacific islander,asian/pacific islander,asian/pacific islander,asian/pacific islander,asian_pacific_islander,asian,asian
513,590531,Black or African American,black/african american,black_african_american,black_african_american,black_african_american,black_african_american,black_african_american,black_african_american
514,89860,Black or African American,black/african american,black_african_american,black_african_american,black_african_american,black_african_american,black_african_american,black_african_american
515,36186,White,white,white,white,white,white,white,white
516,314319,White,white,white,white,white,white,white,white
517,398166,White Hispanic/Latino,white hispanic/latino,white hispanic/latino,white hispanic,white hispanic,white/hispanic,white/hispanic,white/hispanic
518,441853,White,white,white,white,white,white,white,white
519,680688,"Choose not to answer, Hispanic/Latino","choose not to answer, hispanic/latino",choose not to answer/hispanic/latino,choose not to answerhispanic/latino,choose not to answerhispanic/latino,choose not to answer/hispanic,choose_not_to_answer/hispanic,choose_not_to_answer/hispanic
520,203682,Asian/Pacific Islander,asian/pacific islander,asian/pacific islander,asian/pacific islander,asian/pacific islander,asian_pacific_islander,asian,asian
521,860323,Black or African American,black/african american,black_african_american,black_african_american,black_african_american,black_african_american,black_african_american,black_african_american
522,212500,White,white,white,white,white,white,white,white
523,794551,Black or African American,black/african american,black_african_american,black_african_american,black_african_american,black_african_american,black_african_american,black_african_american
524,411734,White,white,white,white,white,white,white,white
525,434528,Black or African American,black/african american,black_african_american,black_african_american,black_african_american,black_african_american,black_african_american,black_african_american
526,67581,White,white,white,white,white,white,white,white
527,312932,Black or African American,black/african american,black_african_american,black_african_american,black_african_american,black_african_american,black_african_american,black_african_american
528,116377,Black or African American Hispanic/Latino,black/african american hispanic/latino,black_african_american hispanic/latino,black_african_american hispanic,black_african_american hispanic,black_african_american hispanic,black_african_american/hispanic,black_african_american/hispanic
529,100881,White,white,white,white,white,white,white,white
530,756629,Black or African American,black/african american,black_african_american,black_african_american,black_african_american,black_african_american,black_african_american,black_african_american
531,779544,Black or African American,black/african american,black_african_american,black_african_american,black_african_american,black_african_american,black_african_american,black_african_american
532,306548,Black or African American,black/african american,black_african_american,black_african_american,black_african_american,black_african_american,black_african_american,black_african_american
533,970420,Black or African American,black/african american,black_african_american,black_african_american,black_african_american,black_african_american,black_african_american,black_african_american
534,151993,White,white,white,white,white,white,white,white
535,319525,,,nan,nan,nan,unknown,unknown,unknown
536,542449,Black or African American Hispanic/Latino,black/african american hispanic/latino,black_african_american hispanic/latino,black_african_american hispanic,black_african_american hispanic,black_african_american hispanic,black_african_american/hispanic,black_african_american/hispanic
537,792408,Italian,italian,italian,italian,italian,italian,white,white
538,98652,White,white,white,white,white,white,white,white
539,55163,Asian/Pacific Islander,asian/pacific islander,asian/pacific islander,asian/pacific islander,asian/pacific islander,asian_pacific_islander,asian,asian
540,839723,White,white,white,white,white,white,white,white
541,422005,White,white,white,white,white,white,white,white
542,309113,White,white,white,white,white,white,white,white
543,688088,White Hispanic/Latino,white hispanic/latino,white hispanic/latino,white hispanic,white hispanic,white/hispanic,white/hispanic,white/hispanic
544,892074,Black or African American,black/african american,black_african_american,black_african_american,black_african_american,black_african_american,black_african_american,black_african_american
545,447389,White,white,white,white,white,white,white,white
546,209534,White,white,white,white,white,white,white,white
547,392442,Asian/Pacific Islander,asian/pacific islander,asian/pacific islander,asian/pacific islander,asian/pacific islander,asian_pacific_islander,asian,asian
548,683025,Black or African American,black/african american,black_african_american,black_african_american,black_african_american,black_african_american,black_african_american,black_african_american
549,871729,White,white,white,white,white,white,white,white
550,598118,Black or African American,black/african american,black_african_american,black_african_american,black_african_american,black_african_american,black_african_american,black_african_american
551,57222,Choose not to answer Hispanic/Latino,choose not to answer hispanic/latino,choose not to answer hispanic/latino,choose not to answer hispanic,choose not to answer hispanic,choose not to answer hispanic,choose_not_to_answer/hispanic,choose_not_to_answer/hispanic
552,465266,Black or African American,black/african american,black_african_american,black_african_american,black_african_american,black_african_american,black_african_american,black_african_american
553,235620,White,white,white,white,white,white,white,white
554,1595,Black or African American,black/african american,black_african_american,black_african_american,black_african_american,black_african_american,black_african_american,black_african_american
555,428610,Choose not to answer,choose not to answer,unknown,unknown,unknown,unknown,unknown,unknown
556,521091,Black or African American,black/african american,black_african_american,black_african_american,black_african_american,black_african_american,black_african_american,black_african_american
557,556415,Black or African American,black/african american,black_african_american,black_african_american,black_african_american,black_african_american,black_african_american,black_african_american
558,98652,White,white,white,white,white,white,white,white
559,293917,White,white,white,white,white,white,white,white
560,452219,White Hispanic/Latino,white hispanic/latino,white hispanic/latino,white hispanic,white hispanic,white/hispanic,white/hispanic,white/hispanic
561,235620,White,white,white,white,white,white,white,white
562,161876,Asian/Pacific Islander,asian/pacific islander,asian/pacific islander,asian/pacific islander,asian/pacific islander,asian_pacific_islander,asian,asian
563,57222,Choose not to answer Hispanic/Latino,choose not to answer hispanic/latino,choose not to answer hispanic/latino,choose not to answer hispanic,choose not to answer hispanic,choose not to answer hispanic,choose_not_to_answer/hispanic,choose_not_to_answer/hispanic
564,932597,Asian/Pacific Islander,asian/pacific islander,asian/pacific islander,asian/pacific islander,asian/pacific islander,asian_pacific_islander,asian,asian
565,832958,Black or African American,black/african american,black_african_american,black_african_american,black_african_american,black_african_american,black_african_american,black_african_american
566,235620,White,white,white,white,white,white,white,white
567,235620,White,white,white,white,white,white,white,white
568,595848,Choose not to answer,choose not to answer,unknown,unknown,unknown,unknown,unknown,unknown
569,595848,Choose not to answer,choose not to answer,unknown,unknown,unknown,unknown,unknown,unknown
570,839723,White,white,white,white,white,white,white,white
571,839723,White,white,white,white,white,white,white,white
572,534001,Asian/Pacific Islander,asian/pacific islander,asian/pacific islander,asian/pacific islander,asian/pacific islander,asian_pacific_islander,asian,asian
573,534001,Asian/Pacific Islander,asian/pacific islander,asian/pacific islander,asian/pacific islander,asian/pacific islander,asian_pacific_islander,asian,asian
574,478186,White,white,white,white,white,white,white,white
575,478186,White,white,white,white,white,white,white,white
576,92812,Asian/Pacific Islander,asian/pacific islander,asian/pacific islander,asian/pacific islander,asian/pacific islander,asian_pacific_islander,asian,asian
577,92812,Asian/Pacific Islander,asian/pacific islander,asian/pacific islander,asian/pacific islander,asian/pacific islander,asian_pacific_islander,asian,asian
578,116377,Black or African American Hispanic/Latino,black/african american hispanic/latino,black_african_american hispanic/latino,black_african_american hispanic,black_african_american hispanic,black_african_american hispanic,black_african_american/hispanic,black_african_american/hispanic
579,116377,Black or African American Hispanic/Latino,black/african american hispanic/latino,black_african_american hispanic/latino,black_african_american hispanic,black_african_american hispanic,black_african_american hispanic,black_african_american/hispanic,black_african_american/hispanic
580,574556,"Asian/Pacific Islander, White","asian/pacific islander, white",asian/pacific islander/white,asian/pacific islander/white,asian/pacific islander/white,asian_pacific_islander/white,asian/white,asian/white
581,574556,"Asian/Pacific Islander, White","asian/pacific islander, white",asian/pacific islander/white,asian/pacific islander/white,asian/pacific islander/white,asian_pacific_islander/white,asian/white,asian/white
582,197561,Asian/Pacific Islander,asian/pacific islander,asian/pacific islander,asian/pacific islander,asian/pacific islander,asian_pacific_islander,asian,asian
583,197561,Asian/Pacific Islander,asian/pacific islander,asian/pacific islander,asian/pacific islander,asian/pacific islander,asian_pacific_islander,asian,asian
584,8760,White,white,white,white,white,white,white,white
585,20339,Greek,greek,greek,greek,greek,greek,white,white
586,331609,Black or African American,black/african american,black_african_american,black_african_american,black_african_american,black_african_american,black_african_american,black_african_american
587,331609,Black or African American,black/african american,black_african_american,black_african_american,black_african_american,black_african_american,black_african_american,black_african_american
588,331609,Black or African American,black/african american,black_african_american,black_african_american,black_african_american,black_african_american,black_african_american,black_african_american
589,524503,Middle Eastern,middle eastern,middle eastern,middle eastern,middle eastern,white_MENA,white_MENA,white_MENA
590,524503,Middle Eastern,middle eastern,middle eastern,middle eastern,middle eastern,white_MENA,white_MENA,white_MENA
591,524503,Middle Eastern,middle eastern,middle eastern,middle eastern,middle eastern,white_MENA,white_MENA,white_MENA
592,16549,White,white,white,white,white,white,white,white
593,16549,White,white,white,white,white,white,white,white
594,16549,White,white,white,white,white,white,white,white
595,832958,Black or African American,black/african american,black_african_american,black_african_american,black_african_american,black_african_american,black_african_american,black_african_american
596,832958,Black or African American,black/african american,black_african_american,black_african_american,black_african_american,black_african_american,black_african_american,black_african_american
597,832958,Black or African American,black/african american,black_african_american,black_african_american,black_african_american,black_african_american,black_african_american,black_african_american
598,252456,Asian/Pacific Islander,asian/pacific islander,asian/pacific islander,asian/pacific islander,asian/pacific islander,asian_pacific_islander,asian,asian
599,252456,Asian/Pacific Islander,asian/pacific islander,asian/pacific islander,asian/pacific islander,asian/pacific islander,asian_pacific_islander,asian,asian
600,252456,Asian/Pacific Islander,asian/pacific islander,asian/pacific islander,asian/pacific islander,asian/pacific islander,asian_pacific_islander,asian,asian
601,372544,White,white,white,white,white,white,white,white
602,372544,White,white,white,white,white,white,white,white
603,372544,White,white,white,white,white,white,white,white
604,538336,Black or African American,black/african american,black_african_american,black_african_american,black_african_american,black_african_american,black_african_american,black_african_american
605,805909,Asian/Pacific Islander,asian/pacific islander,asian/pacific islander,asian/pacific islander,asian/pacific islander,asian_pacific_islander,asian,asian
606,805909,Asian/Pacific Islander,asian/pacific islander,asian/pacific islander,asian/pacific islander,asian/pacific islander,asian_pacific_islander,asian,asian
607,805909,Asian/Pacific Islander,asian/pacific islander,asian/pacific islander,asian/pacific islander,asian/pacific islander,asian_pacific_islander,asian,asian
608,818528,Asian/Pacific Islander,asian/pacific islander,asian/pacific islander,asian/pacific islander,asian/pacific islander,asian_pacific_islander,asian,asian
609,818528,Asian/Pacific Islander,asian/pacific islander,asian/pacific islander,asian/pacific islander,asian/pacific islander,asian_pacific_islander,asian,asian
610,818528,Asian/Pacific Islander,asian/pacific islander,asian/pacific islander,asian/pacific islander,asian/pacific islander,asian_pacific_islander,asian,asian
611,683662,White,white,white,white,white,white,white,white
612,455226,Spanish Hispanic/Latino,spanish hispanic/latino,spanish hispanic/latino,hispanic,hispanic,hispanic,hispanic,hispanic
613,818443,Black or African American,black/african american,black_african_american,black_african_american,black_african_american,black_african_american,black_african_american,black_african_american
614,984278,,,nan,nan,nan,unknown,unknown,unknown
615,571228,Asian/Pacific Islander,asian/pacific islander,asian/pacific islander,asian/pacific islander,asian/pacific islander,asian_pacific_islander,asian,asian
616,20339,Choose not to answer,choose not to answer,unknown,unknown,unknown,unknown,unknown,unknown
617,638503,Asian/Pacific Islander,asian/pacific islander,asian/pacific islander,asian/pacific islander,asian/pacific islander,asian_pacific_islander,asian,asian
618,638503,Asian/Pacific Islander,asian/pacific islander,asian/pacific islander,asian/pacific islander,asian/pacific islander,asian_pacific_islander,asian,asian
619,617949,White,white,white,white,white,white,white,white
620,514966,White Hispanic/Latino,white hispanic/latino,white hispanic/latino,white hispanic,white hispanic,white/hispanic,white/hispanic,white/hispanic
621,514966,White Hispanic/Latino,white hispanic/latino,white hispanic/latino,white hispanic,white hispanic,white/hispanic,white/hispanic,white/hispanic
622,96297,Asian/Pacific Islander,asian/pacific islander,asian/pacific islander,asian/pacific islander,asian/pacific islander,asian_pacific_islander,asian,asian
623,96297,Asian/Pacific Islander,asian/pacific islander,asian/pacific islander,asian/pacific islander,asian/pacific islander,asian_pacific_islander,asian,asian
624,139680,Black or African American,black/african american,black_african_american,black_african_american,black_african_american,black_african_american,black_african_american,black_african_american
625,139680,Black or African American,black/african american,black_african_american,black_african_american,black_african_american,black_african_american,black_african_american,black_african_american
626,139680,Black or African American,black/african american,black_african_american,black_african_american,black_african_american,black_african_american,black_african_american,black_african_american
627,960676,Asian/Pacific Islander,asian/pacific islander,asian/pacific islander,asian/pacific islander,asian/pacific islander,asian_pacific_islander,asian,asian
628,960676,Asian/Pacific Islander,asian/pacific islander,asian/pacific islander,asian/pacific islander,asian/pacific islander,asian_pacific_islander,asian,asian
629,441853,White,white,white,white,white,white,white,white
630,441853,White,white,white,white,white,white,white,white
631,761925,White,white,white,white,white,white,white,white
632,761925,White,white,white,white,white,white,white,white
633,214450,White,white,white,white,white,white,white,white
634,214450,White,white,white,white,white,white,white,white
635,506763,"Black or African American, White","black/african american, white",black_african_american/white,black_african_american/white,black_african_american/white,black_african_american/white,black_african_american/white,black_african_american/white
636,506763,"Black or African American, White","black/african american, white",black_african_american/white,black_african_american/white,black_african_american/white,black_african_american/white,black_african_american/white,black_african_american/white
637,798926,Black or African American Hispanic/Latino,black/african american hispanic/latino,black_african_american hispanic/latino,black_african_american hispanic,black_african_american hispanic,black_african_american hispanic,black_african_american/hispanic,black_african_american/hispanic
638,798926,Black or African American Hispanic/Latino,black/african american hispanic/latino,black_african_american hispanic/latino,black_african_american hispanic,black_african_american hispanic,black_african_american hispanic,black_african_american/hispanic,black_african_american/hispanic
639,131995,"Black or African American, Native American/Alaskan Native, White","black/african american, native american/alaskan native, white",black_african_american/native american/alaskan native/white,black_african_american/native american/alaskan native/white,black_african_american/native_american_alaskan_native/white,black_african_american/native_american_alaskan_native/white,black_african_american/native_american_alaskan_native/white,black_african_american/native_american_alaskan_native/white
640,136270,White,white,white,white,white,white,white,white
641,352214,Spanish Hispanic/Latino,spanish hispanic/latino,spanish hispanic/latino,hispanic,hispanic,hispanic,hispanic,hispanic
642,847026,Asian/Pacific Islander,asian/pacific islander,asian/pacific islander,asian/pacific islander,asian/pacific islander,asian_pacific_islander,asian,asian
643,805909,Asian/Pacific Islander,asian/pacific islander,asian/pacific islander,asian/pacific islander,asian/pacific islander,asian_pacific_islander,asian,asian
644,349498,Black or African American Hispanic/Latino,black/african american hispanic/latino,black_african_american hispanic/latino,black_african_american hispanic,black_african_american hispanic,black_african_american hispanic,black_african_american/hispanic,black_african_american/hispanic
645,74357,Black or African American,black/african american,black_african_american,black_african_american,black_african_american,black_african_american,black_african_american,black_african_american
646,552996,"Black or African American, White","black/african american, white",black_african_american/white,black_african_american/white,black_african_american/white,black_african_american/white,black_african_american/white,black_african_american/white
647,129241,White,white,white,white,white,white,white,white
648,322889,Black or African American,black/african american,black_african_american,black_african_american,black_african_american,black_african_american,black_african_american,black_african_american
649,322889,Black or African American,black/african american,black_african_american,black_african_american,black_african_american,black_african_american,black_african_american,black_african_american
650,243787,White,white,white,white,white,white,white,white
651,550313,Guatemalan Hispanic/Latino,guatemalan hispanic/latino,guatemalan hispanic/latino,hispanic,hispanic,hispanic,hispanic,hispanic
652,597537,White,white,white,white,white,white,white,white
653,323959,"Choose not to answer,","choose not to answer, ",unknown,unknown,unknown,unknown,unknown,unknown
654,243771,Asian/Pacific Islander,asian/pacific islander,asian/pacific islander,asian/pacific islander,asian/pacific islander,asian_pacific_islander,asian,asian
655,973073,White,white,white,white,white,white,white,white
656,556172,White,white,white,white,white,white,white,white
657,521641,"Asian/Pacific Islander, White","asian/pacific islander, white",asian/pacific islander/white,asian/pacific islander/white,asian/pacific islander/white,asian_pacific_islander/white,asian/white,asian/white
658,697413,Middle Eastern,middle eastern,middle eastern,middle eastern,middle eastern,white_MENA,white_MENA,white_MENA
659,126948,White,white,white,white,white,white,white,white
660,611835,White,white,white,white,white,white,white,white
661,709769,White,white,white,white,white,white,white,white
662,441853,White,white,white,white,white,white,white,white
663,709769,White,white,white,white,white,white,white,white
664,478186,White,white,white,white,white,white,white,white
665,509311,Afghan,afghan,afghan,afghan,afghan,white_MENA,white_MENA,white_MENA
666,509311,AFGHAN,afghan,afghan,afghan,afghan,white_MENA,white_MENA,white_MENA
667,129557,White,white,white,white,white,white,white,white
668,460711,White,white,white,white,white,white,white,white
669,571228,Asian/Pacific Islander,asian/pacific islander,asian/pacific islander,asian/pacific islander,asian/pacific islander,asian_pacific_islander,asian,asian
670,194867,White,white,white,white,white,white,white,white
671,226830,Black or African American,black/african american,black_african_american,black_african_american,black_african_american,black_african_american,black_african_american,black_african_american
672,868800,White,white,white,white,white,white,white,white
673,51257,White,white,white,white,white,white,white,white
674,100899,White,white,white,white,white,white,white,white
675,628135,Black or African American,black/african american,black_african_american,black_african_american,black_african_american,black_african_american,black_african_american,black_african_american
676,535080,Latin American Hispanic/Latino,latin american hispanic/latino,latin american hispanic/latino,hispanic,hispanic,hispanic,hispanic,hispanic
677,209217,White,white,white,white,white,white,white,white
678,371888,White,white,white,white,white,white,white,white
679,125246,White,white,white,white,white,white,white,white
680,466553,White,white,white,white,white,white,white,white
681,493376,White,white,white,white,white,white,white,white
682,406132,Choose not to answer,choose not to answer,unknown,unknown,unknown,unknown,unknown,unknown
683,548098,White Hispanic/Latino,white hispanic/latino,white hispanic/latino,white hispanic,white hispanic,white/hispanic,white/hispanic,white/hispanic
684,537226,Black or African American,black/african american,black_african_american,black_african_american,black_african_american,black_african_american,black_african_american,black_african_american
685,163985,White,white,white,white,white,white,white,white
686,756043,White,white,white,white,white,white,white,white
687,843876,White,white,white,white,white,white,white,white
688,350276,"Black or African American, Cherokee Native American","black/african american, cherokee native american",black_african_american/cherokee native american,black_african_american/cherokee native american,black_african_american/native_american_alaskan_native,black_african_american/native_american_alaskan_native,black_african_american/native_american_alaskan_native,black_african_american/native_american_alaskan_native
689,964180,White,white,white,white,white,white,white,white
690,572863,Latino Hispanic/Latino,latino hispanic/latino,latino hispanic/latino,hispanic,hispanic,hispanic,hispanic,hispanic
691,139680,Black or African American,black/african american,black_african_american,black_african_american,black_african_american,black_african_american,black_african_american,black_african_american
692,389283,Asian/Pacific Islander,asian/pacific islander,asian/pacific islander,asian/pacific islander,asian/pacific islander,asian_pacific_islander,asian,asian
693,540161,White,white,white,white,white,white,white,white
694,911542,Asian/Pacific Islander,asian/pacific islander,asian/pacific islander,asian/pacific islander,asian/pacific islander,asian_pacific_islander,asian,asian
695,252864,White,white,white,white,white,white,white,white
696,121104,White,white,white,white,white,white,white,white
697,364237,White,white,white,white,white,white,white,white
698,764996,White,white,white,white,white,white,white,white
699,412771,"White,","white, ",white/,white/,white/,white,white,white
700,72086,White,white,white,white,white,white,white,white
701,995013,White,white,white,white,white,white,white,white
702,69098,White,white,white,white,white,white,white,white
703,804105,White,white,white,white,white,white,white,white
704,567973,White,white,white,white,white,white,white,white
705,901469,Part South American Indian (Guarani Tribe) Hispanic/Latino,part south american indian guarani tribe hispanic/latino,part south american indian guarani tribe hispanic/latino,hispanic,hispanic,hispanic,hispanic,hispanic
706,399829,White,white,white,white,white,white,white,white
707,86644,White,white,white,white,white,white,white,white
708,90905,White,white,white,white,white,white,white,white
709,979223,White,white,white,white,white,white,white,white
710,4998,White,white,white,white,white,white,white,white
711,401716,White,white,white,white,white,white,white,white
712,506440,White,white,white,white,white,white,white,white
713,554756,White,white,white,white,white,white,white,white
714,499727,"Black or African American, White","black/african american, white",black_african_american/white,black_african_american/white,black_african_american/white,black_african_american/white,black_african_american/white,black_african_american/white
715,74974,Black or African American,black/african american,black_african_american,black_african_american,black_african_american,black_african_american,black_african_american,black_african_american
716,632587,Choose not to answer,choose not to answer,unknown,unknown,unknown,unknown,unknown,unknown
717,998583,"Black or African American
Hispanic or Latino",black/african american hispanic/latino,black_african_american hispanic/latino,black_african_american hispanic,black_african_american hispanic,black_african_american hispanic,black_african_american/hispanic,black_african_american/hispanic
718,293250,Hispanic or Latino,hispanic/latino,hispanic/latino,hispanic,hispanic,hispanic,hispanic,hispanic
719,763483,White,white,white,white,white,white,white,white
720,150824,White,white,white,white,white,white,white,white
721,954465,White,white,white,white,white,white,white,white
722,118773,"Asian
Black or African American
Middle Eastern or North African
White",asian black/african american middle eastern/north african white,asian black_african_american middle eastern/north african white,asian black_african_american middle eastern/north african white,asian black_african_american middle eastern/north african white,asian_pacific_islander black_african_american white_MENA,asian/black_african_american/white_MENA,asian/black_african_american/white_MENA
723,105277,Asian,asian,asian,asian,asian,asian_pacific_islander,asian,asian
724,954465,White,white,white,white,white,white,white,white
725,401708,Asian,asian,asian,asian,asian,asian_pacific_islander,asian,asian
726,705521,White,white,white,white,white,white,white,white
727,81319,Choose not to answer,choose not to answer,unknown,unknown,unknown,unknown,unknown,unknown
728,647258,Asian,asian,asian,asian,asian,asian_pacific_islander,asian,asian
729,706110,Hispanic or Latino,hispanic/latino,hispanic/latino,hispanic,hispanic,hispanic,hispanic,hispanic
730,399577,White,white,white,white,white,white,white,white
731,100035,Black or African American,black/african american,black_african_american,black_african_american,black_african_american,black_african_american,black_african_american,black_african_american
732,399577,White,white,white,white,white,white,white,white
733,698838,White,white,white,white,white,white,white,white
734,618962,Black or African American,black/african american,black_african_american,black_african_american,black_african_american,black_african_american,black_african_american,black_african_american
735,33704,White,white,white,white,white,white,white,white
736,317090,Asian,asian,asian,asian,asian,asian_pacific_islander,asian,asian
737,825529,Asian,asian,asian,asian,asian,asian_pacific_islander,asian,asian
738,723309,Asian,asian,asian,asian,asian,asian_pacific_islander,asian,asian
739,721950,"Middle Eastern or North African
White",middle eastern/north african white,middle eastern/north african white,middle eastern/north african white,middle eastern/north african white,white_MENA,white_MENA,white_MENA
740,680351,Middle Eastern or North African,middle eastern/north african,middle eastern/north african,middle eastern/north african,middle eastern/north african,white_MENA,white_MENA,white_MENA
741,23677,White,white,white,white,white,white,white,white
742,599537,Asian,asian,asian,asian,asian,asian_pacific_islander,asian,asian
743,215545,White,white,white,white,white,white,white,white
744,767203,Black or African American,black/african american,black_african_american,black_african_american,black_african_american,black_african_american,black_african_american,black_african_american
745,72068,Asian,asian,asian,asian,asian,asian_pacific_islander,asian,asian
746,126183,Choose not to answer,choose not to answer,unknown,unknown,unknown,unknown,unknown,unknown
747,985439,"Black or African American
White",black/african american white,black_african_american white,black_african_american white,black_african_american white,black_african_american white,black_african_american/white,black_african_american/white
748,552119,Black or African American,black/african american,black_african_american,black_african_american,black_african_american,black_african_american,black_african_american,black_african_american
749,100035,Black or African American,black/african american,black_african_american,black_african_american,black_african_american,black_african_american,black_african_american,black_african_american
750,587614,White,white,white,white,white,white,white,white
751,380499,Brazilian,brazilian,brazilian,brazilian,brazilian,brazilian,hispanic,hispanic
752,587614,White,white,white,white,white,white,white,white
753,410038,White,white,white,white,white,white,white,white
754,380499,Brazilian,brazilian,brazilian,brazilian,brazilian,brazilian,hispanic,hispanic
755,380499,Brazilian,brazilian,brazilian,brazilian,brazilian,brazilian,hispanic,hispanic
756,890778,Brazilian,brazilian,brazilian,brazilian,brazilian,brazilian,hispanic,hispanic
757,22132,Hispanic or Latino,hispanic/latino,hispanic/latino,hispanic,hispanic,hispanic,hispanic,hispanic
758,552119,Black or African American,black/african american,black_african_american,black_african_american,black_african_american,black_african_american,black_african_american,black_african_american
759,53058,Black or African American,black/african american,black_african_american,black_african_american,black_african_american,black_african_american,black_african_american,black_african_american
760,740585,Asian,asian,asian,asian,asian,asian_pacific_islander,asian,asian
761,834335,Choose not to answer,choose not to answer,unknown,unknown,unknown,unknown,unknown,unknown
762,537471,White,white,white,white,white,white,white,white
763,537471,White,white,white,white,white,white,white,white
764,188125,"Asian
White",asian white,asian white,asian white,asian white,asian_pacific_islander white,asian white,asian/white
765,752712,"Hispanic or Latino
White",hispanic/latino white,hispanic/latino white,hispanic white,hispanic white,hispanic white,hispanic white,hispanic/white
766,494491,Black or African American,black/african american,black_african_american,black_african_american,black_african_american,black_african_american,black_african_american,black_african_american
767,740720,Asian,asian,asian,asian,asian,asian_pacific_islander,asian,asian
768,207266,Asian,asian,asian,asian,asian,asian_pacific_islander,asian,asian
769,689589,Black or African American,black/african american,black_african_american,black_african_american,black_african_american,black_african_american,black_african_american,black_african_american
770,227670,White,white,white,white,white,white,white,white
771,691515,Hispanic or Latino,hispanic/latino,hispanic/latino,hispanic,hispanic,hispanic,hispanic,hispanic
772,935913,Hispanic or Latino,hispanic/latino,hispanic/latino,hispanic,hispanic,hispanic,hispanic,hispanic
773,380499,Brazilian,brazilian,brazilian,brazilian,brazilian,brazilian,hispanic,hispanic
774,376948,White,white,white,white,white,white,white,white
775,536088,Choose not to answer,choose not to answer,unknown,unknown,unknown,unknown,unknown,unknown
776,14347,Middle Eastern or North African,middle eastern/north african,middle eastern/north african,middle eastern/north african,middle eastern/north african,white_MENA,white_MENA,white_MENA
777,463660,Black or African American,black/african american,black_african_american,black_african_american,black_african_american,black_african_american,black_african_american,black_african_american
778,463660,Black or African American,black/african american,black_african_american,black_african_american,black_african_american,black_african_american,black_african_american,black_african_american
779,982486,White,white,white,white,white,white,white,white
780,647028,Asian,asian,asian,asian,asian,asian_pacific_islander,asian,asian
781,633939,Hispanic or Latino,hispanic/latino,hispanic/latino,hispanic,hispanic,hispanic,hispanic,hispanic
782,937165,White,white,white,white,white,white,white,white
783,995246,White,white,white,white,white,white,white,white
784,723718,White,white,white,white,white,white,white,white
785,699839,Asian,asian,asian,asian,asian,asian_pacific_islander,asian,asian
786,699839,Asian,asian,asian,asian,asian,asian_pacific_islander,asian,asian
787,109119,Choose not to answer,choose not to answer,unknown,unknown,unknown,unknown,unknown,unknown
788,253600,Asian,asian,asian,asian,asian,asian_pacific_islander,asian,asian
789,629546,White,white,white,white,white,white,white,white
790,643774,White,white,white,white,white,white,white,white
791,333090,Asian,asian,asian,asian,asian,asian_pacific_islander,asian,asian
792,555456,White,white,white,white,white,white,white,white
793,215545,White,white,white,white,white,white,white,white
794,727219,White,white,white,white,white,white,white,white
795,375962,White,white,white,white,white,white,white,white
796,530839,Asian,asian,asian,asian,asian,asian_pacific_islander,asian,asian
797,527071,Asian,asian,asian,asian,asian,asian_pacific_islander,asian,asian
798,963324,White,white,white,white,white,white,white,white
799,879806,White,white,white,white,white,white,white,white
800,698838,White,white,white,white,white,white,white,white
801,251857,Black or African American,black/african american,black_african_american,black_african_american,black_african_american,black_african_american,black_african_american,black_african_american
802,972164,"Asian
Pacific Islander or Native Hawaiian",asian pacific islander/native hawaiian,asian pacific islander/native hawaiian,asian pacific islander/native hawaiian,asian pacific islander/native hawaiian,asian_pacific_islander,asian,asian
803,677674,White,white,white,white,white,white,white,white
804,241153,White,white,white,white,white,white,white,white
805,179782,Asian,asian,asian,asian,asian,asian_pacific_islander,asian,asian
806,614040,Black or African American,black/african american,black_african_american,black_african_american,black_african_american,black_african_american,black_african_american,black_african_american
807,937708,Brazilian,brazilian,brazilian,brazilian,brazilian,brazilian,hispanic,hispanic
808,89860,Black or African American,black/african american,black_african_american,black_african_american,black_african_american,black_african_american,black_african_american,black_african_american
809,163836,Asian,asian,asian,asian,asian,asian_pacific_islander,asian,asian
810,946609,White,white,white,white,white,white,white,white
811,942974,Black or African American,black/african american,black_african_american,black_african_american,black_african_american,black_african_american,black_african_american,black_african_american
812,753912,Black or African American,black/african american,black_african_american,black_african_american,black_african_american,black_african_american,black_african_american,black_african_american
813,20056,Hispanic or Latino,hispanic/latino,hispanic/latino,hispanic,hispanic,hispanic,hispanic,hispanic
814,997147,Choose not to answer,choose not to answer,unknown,unknown,unknown,unknown,unknown,unknown
815,14615,White,white,white,white,white,white,white,white
816,470225,Hispanic or Latino,hispanic/latino,hispanic/latino,hispanic,hispanic,hispanic,hispanic,hispanic
817,933811,Hispanic or Latino,hispanic/latino,hispanic/latino,hispanic,hispanic,hispanic,hispanic,hispanic
818,134351,Hispanic or Latino,hispanic/latino,hispanic/latino,hispanic,hispanic,hispanic,hispanic,hispanic
819,360081,White,white,white,white,white,white,white,white
820,515738,White,white,white,white,white,white,white,white
821,984278,Black or African American,black/african american,black_african_american,black_african_american,black_african_american,black_african_american,black_african_american,black_african_american
822,587614,White,white,white,white,white,white,white,white
823,360081,White,white,white,white,white,white,white,white
824,964714,Hispanic or Latino,hispanic/latino,hispanic/latino,hispanic,hispanic,hispanic,hispanic,hispanic
825,394997,Hispanic or Latino,hispanic/latino,hispanic/latino,hispanic,hispanic,hispanic,hispanic,hispanic
826,463660,Black or African American,black/african american,black_african_american,black_african_american,black_african_american,black_african_american,black_african_american,black_african_american
827,263003,Asian,asian,asian,asian,asian,asian_pacific_islander,asian,asian
828,100035,Black or African American,black/african american,black_african_american,black_african_american,black_african_american,black_african_american,black_african_american,black_african_american
829,959213,Asian,asian,asian,asian,asian,asian_pacific_islander,asian,asian
830,284519,Middle Eastern or North African,middle eastern/north african,middle eastern/north african,middle eastern/north african,middle eastern/north african,white_MENA,white_MENA,white_MENA
831,639124,White,white,white,white,white,white,white,white
832,639124,White,white,white,white,white,white,white,white
833,698838,White,white,white,white,white,white,white,white
834,671324,Hispanic or Latino,hispanic/latino,hispanic/latino,hispanic,hispanic,hispanic,hispanic,hispanic
835,767502,Asian,asian,asian,asian,asian,asian_pacific_islander,asian,asian
836,410038,White,white,white,white,white,white,white,white
837,998583,"Black or African American
Hispanic or Latino",black/african american hispanic/latino,black_african_american hispanic/latino,black_african_american hispanic,black_african_american hispanic,black_african_american hispanic,black_african_american/hispanic,black_african_american/hispanic
838,394997,Hispanic or Latino,hispanic/latino,hispanic/latino,hispanic,hispanic,hispanic,hispanic,hispanic
839,103168,White,white,white,white,white,white,white,white
840,347780,"Hispanic or Latino
White",hispanic/latino white,hispanic/latino white,hispanic white,hispanic white,hispanic white,hispanic white,hispanic/white
841,527071,Asian,asian,asian,asian,asian,asian_pacific_islander,asian,asian
842,462978,Black or African American,black/african american,black_african_american,black_african_american,black_african_american,black_african_american,black_african_american,black_african_american
843,174666,White,white,white,white,white,white,white,white
844,494956,Hispanic or Latino,hispanic/latino,hispanic/latino,hispanic,hispanic,hispanic,hispanic,hispanic
845,799057,Hispanic or Latino,hispanic/latino,hispanic/latino,hispanic,hispanic,hispanic,hispanic,hispanic
846,82905,Asian,asian,asian,asian,asian,asian_pacific_islander,asian,asian
847,658386,White,white,white,white,white,white,white,white
848,865519,"Hispanic or Latino
White",hispanic/latino white,hispanic/latino white,hispanic white,hispanic white,hispanic white,hispanic white,hispanic/white
849,194527,White,white,white,white,white,white,white,white
850,803520,Hispanic or Latino,hispanic/latino,hispanic/latino,hispanic,hispanic,hispanic,hispanic,hispanic
851,689305,Choose not to answer,choose not to answer,unknown,unknown,unknown,unknown,unknown,unknown
852,974414,White,white,white,white,white,white,white,white
853,317927,Hispanic or Latino,hispanic/latino,hispanic/latino,hispanic,hispanic,hispanic,hispanic,hispanic
854,518558,White,white,white,white,white,white,white,white
855,209217,White,white,white,white,white,white,white,white
856,901533,"Hispanic or Latino
White",hispanic/latino white,hispanic/latino white,hispanic white,hispanic white,hispanic white,hispanic white,hispanic/white
857,818824,White,white,white,white,white,white,white,white
858,637003,Asian,asian,asian,asian,asian,asian_pacific_islander,asian,asian
859,966547,Hispanic or Latino,hispanic/latino,hispanic/latino,hispanic,hispanic,hispanic,hispanic,hispanic
860,966547,Hispanic or Latino,hispanic/latino,hispanic/latino,hispanic,hispanic,hispanic,hispanic,hispanic
861,579766,Asian,asian,asian,asian,asian,asian_pacific_islander,asian,asian
862,237953,White,white,white,white,white,white,white,white
863,984278,Black or African American,black/african american,black_african_american,black_african_american,black_african_american,black_african_american,black_african_american,black_african_american
864,424238,Hispanic or Latino,hispanic/latino,hispanic/latino,hispanic,hispanic,hispanic,hispanic,hispanic
865,817780,Black or African American,black/african american,black_african_american,black_african_american,black_african_american,black_african_american,black_african_american,black_african_american
866,658445,Asian,asian,asian,asian,asian,asian_pacific_islander,asian,asian
867,723237,White,white,white,white,white,white,white,white
868,301202,Asian,asian,asian,asian,asian,asian_pacific_islander,asian,asian
869,998386,Hispanic or Latino,hispanic/latino,hispanic/latino,hispanic,hispanic,hispanic,hispanic,hispanic
870,677674,White,white,white,white,white,white,white,white
871,440452,White,white,white,white,white,white,white,white
872,285602,White,white,white,white,white,white,white,white
873,262430,Hispanic or Latino,hispanic/latino,hispanic/latino,hispanic,hispanic,hispanic,hispanic,hispanic
874,81723,White,white,white,white,white,white,white,white
875,972164,Asian,asian,asian,asian,asian,asian_pacific_islander,asian,asian
876,101,White,white,white,white,white,white,white,white
877,515979,Hispanic or Latino,hispanic/latino,hispanic/latino,hispanic,hispanic,hispanic,hispanic,hispanic
878,942181,White,white,white,white,white,white,white,white
879,301292,Black or African American,black/african american,black_african_american,black_african_american,black_african_american,black_african_american,black_african_american,black_african_american
880,666832,"Hispanic or Latino
White",hispanic/latino white,hispanic/latino white,hispanic white,hispanic white,hispanic white,hispanic white,hispanic/white
881,885642,White,white,white,white,white,white,white,white
882,34070,Black or African American,black/african american,black_african_american,black_african_american,black_african_american,black_african_american,black_african_american,black_african_american
883,803579,White,white,white,white,white,white,white,white
884,402547,Black or African American,black/african american,black_african_american,black_african_american,black_african_american,black_african_american,black_african_american,black_african_american
885,23099,Black or African American,black/african american,black_african_american,black_african_american,black_african_american,black_african_american,black_african_american,black_african_american
886,9851,White,white,white,white,white,white,white,white
887,167285,White,white,white,white,white,white,white,white
888,402547,Black or African American,black/african american,black_african_american,black_african_american,black_african_american,black_african_american,black_african_american,black_african_american
889,292972,Black or African American,black/african american,black_african_american,black_african_american,black_african_american,black_african_american,black_african_american,black_african_american
890,329998,Hispanic or Latino,hispanic/latino,hispanic/latino,hispanic,hispanic,hispanic,hispanic,hispanic
891,984025,White,white,white,white,white,white,white,white
892,618962,Black or African American,black/african american,black_african_american,black_african_american,black_african_american,black_african_american,black_african_american,black_african_american
893,394997,Hispanic or Latino,hispanic/latino,hispanic/latino,hispanic,hispanic,hispanic,hispanic,hispanic
894,791157,White,white,white,white,white,white,white,white
895,119740,Black or African American,black/african american,black_african_american,black_african_american,black_african_american,black_african_american,black_african_american,black_african_american
896,83776,White,white,white,white,white,white,white,white
897,630323,Asian,asian,asian,asian,asian,asian_pacific_islander,asian,asian
898,244087,White,white,white,white,white,white,white,white
899,861750,Hispanic or Latino,hispanic/latino,hispanic/latino,hispanic,hispanic,hispanic,hispanic,hispanic
900,894048,Hispanic or Latino,hispanic/latino,hispanic/latino,hispanic,hispanic,hispanic,hispanic,hispanic
901,998583,"Black or African American
Hispanic or Latino",black/african american hispanic/latino,black_african_american hispanic/latino,black_african_american hispanic,black_african_american hispanic,black_african_american hispanic,black_african_american/hispanic,black_african_american/hispanic
902,468240,White,white,white,white,white,white,white,white
903,542528,White,white,white,white,white,white,white,white
904,159233,Black or African American,black/african american,black_african_american,black_african_american,black_african_american,black_african_american,black_african_american,black_african_american
905,342865,White,white,white,white,white,white,white,white
906,750614,"Hispanic or Latino
White",hispanic/latino white,hispanic/latino white,hispanic white,hispanic white,hispanic white,hispanic white,hispanic/white
907,105982,White,white,white,white,white,white,white,white
908,325099,"Black or African American
White",black/african american white,black_african_american white,black_african_american white,black_african_american white,black_african_american white,black_african_american/white,black_african_american/white
909,241263,White,white,white,white,white,white,white,white
910,393223,White,white,white,white,white,white,white,white
911,532416,Hispanic or Latino,hispanic/latino,hispanic/latino,hispanic,hispanic,hispanic,hispanic,hispanic
912,73463,"Black or African American
Hispanic or Latino",black/african american hispanic/latino,black_african_american hispanic/latino,black_african_american hispanic,black_african_american hispanic,black_african_american hispanic,black_african_american/hispanic,black_african_american/hispanic
913,782927,Choose not to answer,choose not to answer,unknown,unknown,unknown,unknown,unknown,unknown
914,81723,White,white,white,white,white,white,white,white
915,548380,White,white,white,white,white,white,white,white
916,677674,White,white,white,white,white,white,white,white
917,328174,Asian,asian,asian,asian,asian,asian_pacific_islander,asian,asian
918,203991,White,white,white,white,white,white,white,white
919,614040,Black or African American,black/african american,black_african_american,black_african_american,black_african_american,black_african_american,black_african_american,black_african_american
920,100035,Black or African American,black/african american,black_african_american,black_african_american,black_african_american,black_african_american,black_african_american,black_african_american
921,105588,Asian,asian,asian,asian,asian,asian_pacific_islander,asian,asian
922,606058,Hispanic or Latino,hispanic/latino,hispanic/latino,hispanic,hispanic,hispanic,hispanic,hispanic
923,470225,Hispanic or Latino,hispanic/latino,hispanic/latino,hispanic,hispanic,hispanic,hispanic,hispanic
924,822786,White,white,white,white,white,white,white,white
925,179782,Asian,asian,asian,asian,asian,asian_pacific_islander,asian,asian
926,470225,Hispanic or Latino,hispanic/latino,hispanic/latino,hispanic,hispanic,hispanic,hispanic,hispanic
927,808423,White,white,white,white,white,white,white,white
928,761275,White,white,white,white,white,white,white,white
929,352542,Black or African American,black/african american,black_african_american,black_african_american,black_african_american,black_african_american,black_african_american,black_african_american
930,352542,Black or African American,black/african american,black_african_american,black_african_american,black_african_american,black_african_american,black_african_american,black_african_american
931,875817,Black or African American,black/african american,black_african_american,black_african_american,black_african_american,black_african_american,black_african_american,black_african_american
932,677674,White,white,white,white,white,white,white,white
933,463660,Black or African American,black/african american,black_african_american,black_african_american,black_african_american,black_african_american,black_african_american,black_african_american
934,136270,White,white,white,white,white,white,white,white
935,767203,Black or African American,black/african american,black_african_american,black_african_american,black_african_american,black_african_american,black_african_american,black_african_american
936,394997,Hispanic or Latino,hispanic/latino,hispanic/latino,hispanic,hispanic,hispanic,hispanic,hispanic
937,251858,White,white,white,white,white,white,white,white
938,599804,"Black or African American
Hispanic or Latino",black/african american hispanic/latino,black_african_american hispanic/latino,black_african_american hispanic,black_african_american hispanic,black_african_american hispanic,black_african_american/hispanic,black_african_american/hispanic
939,744018,Black or African American,black/african american,black_african_american,black_african_american,black_african_american,black_african_american,black_african_american,black_african_american
940,821004,White,white,white,white,white,white,white,white
941,251858,White,white,white,white,white,white,white,white
942,143473,South Asia - Pakistan,south asia - pakistan,south asia - pakistan,south asia - pakistan,south asia - pakistan,south asia - pakistan,asian,asian
943,67136,White,white,white,white,white,white,white,white
944,871906,Black or African American,black/african american,black_african_american,black_african_american,black_african_american,black_african_american,black_african_american,black_african_american
945,945154,Asian,asian,asian,asian,asian,asian_pacific_islander,asian,asian
946,226830,Black or African American,black/african american,black_african_american,black_african_american,black_african_american,black_african_american,black_african_american,black_african_american
947,825529,Asian,asian,asian,asian,asian,asian_pacific_islander,asian,asian
948,624585,Black or African American,black/african american,black_african_american,black_african_american,black_african_american,black_african_american,black_african_american,black_african_american
949,146444,Middle Eastern or North African,middle eastern/north african,middle eastern/north african,middle eastern/north african,middle eastern/north african,white_MENA,white_MENA,white_MENA
950,72068,Asian,asian,asian,asian,asian,asian_pacific_islander,asian,asian
951,527071,Asian,asian,asian,asian,asian,asian_pacific_islander,asian,asian
952,922065,White,white,white,white,white,white,white,white
953,980322,Hispanic or Latino,hispanic/latino,hispanic/latino,hispanic,hispanic,hispanic,hispanic,hispanic
954,547306,Black or African American,black/african american,black_african_american,black_african_american,black_african_american,black_african_american,black_african_american,black_african_american
955,458383,White,white,white,white,white,white,white,white
956,834335,Asian,asian,asian,asian,asian,asian_pacific_islander,asian,asian
957,980322,Hispanic or Latino,hispanic/latino,hispanic/latino,hispanic,hispanic,hispanic,hispanic,hispanic
958,886431,Native American or Alaskan Native,native american/alaskan native,native american/alaskan native,native american/alaskan native,native_american_alaskan_native,native_american_alaskan_native,native_american_alaskan_native,native_american_alaskan_native
959,458383,White,white,white,white,white,white,white,white
960,95361,White,white,white,white,white,white,white,white
961,438952,cape Verde Portuguese,cape verde portuguese,cape verde portuguese,cape verde portuguese,cape verde portuguese,cape verde portuguese,hispanic,hispanic
962,388714,European/African,european/african,european/african,european/african,european/african,european/african,white/black_african_american,white/black_african_american
963,705521,White,white,white,white,white,white,white,white
964,374925,White,white,white,white,white,white,white,white
965,629379,White,white,white,white,white,white,white,white
966,639093,White,white,white,white,white,white,white,white
967,596192,Black or African American,black/african american,black_african_american,black_african_american,black_african_american,black_african_american,black_african_american,black_african_american
968,662596,White,white,white,white,white,white,white,white
969,188403,Black or African American,black/african american,black_african_american,black_african_american,black_african_american,black_african_american,black_african_american,black_african_american
970,188403,Black or African American,black/african american,black_african_american,black_african_american,black_african_american,black_african_american,black_african_american,black_african_american
971,520448,Black or African American,black/african american,black_african_american,black_african_american,black_african_american,black_african_american,black_african_american,black_african_american
972,520448,Black or African American,black/african american,black_african_american,black_african_american,black_african_american,black_african_american,black_african_american,black_african_american
973,19507,Asian,asian,asian,asian,asian,asian_pacific_islander,asian,asian
974,19507,Asian,asian,asian,asian,asian,asian_pacific_islander,asian,asian
975,458383,Middle Eastern or North African,middle eastern/north african,middle eastern/north african,middle eastern/north african,middle eastern/north african,white_MENA,white_MENA,white_MENA
976,264658,White,white,white,white,white,white,white,white
977,969583,Asian,asian,asian,asian,asian,asian_pacific_islander,asian,asian
978,179782,Asian,asian,asian,asian,asian,asian_pacific_islander,asian,asian
979,618962,Black or African American,black/african american,black_african_american,black_african_american,black_african_american,black_african_american,black_african_american,black_african_american
980,423841,Black or African American,black/african american,black_african_american,black_african_american,black_african_american,black_african_american,black_african_american,black_african_american
981,487515,White,white,white,white,white,white,white,white
982,853419,Hispanic or Latino,hispanic/latino,hispanic/latino,hispanic,hispanic,hispanic,hispanic,hispanic
983,634825,White,white,white,white,white,white,white,white
984,361180,White,white,white,white,white,white,white,white
985,511609,White,white,white,white,white,white,white,white
986,647258,Asian,asian,asian,asian,asian,asian_pacific_islander,asian,asian
987,666832,"Hispanic or Latino
White",hispanic/latino white,hispanic/latino white,hispanic white,hispanic white,hispanic white,hispanic white,hispanic/white
988,263793,White,white,white,white,white,white,white,white
989,848976,Black or African American,black/african american,black_african_american,black_african_american,black_african_american,black_african_american,black_african_american,black_african_american
990,997147,Choose not to answer,choose not to answer,unknown,unknown,unknown,unknown,unknown,unknown
991,899194,Middle Eastern or North African,middle eastern/north african,middle eastern/north african,middle eastern/north african,middle eastern/north african,white_MENA,white_MENA,white_MENA
992,874473,Choose not to answer,choose not to answer,unknown,unknown,unknown,unknown,unknown,unknown
993,515258,Black or African American,black/african american,black_african_american,black_african_american,black_african_american,black_african_american,black_african_american,black_african_american
994,955189,White,white,white,white,white,white,white,white
995,95361,White,white,white,white,white,white,white,white
996,874473,Choose not to answer,choose not to answer,unknown,unknown,unknown,unknown,unknown,unknown
997,860454,"Asian
White",asian white,asian white,asian white,asian white,asian_pacific_islander white,asian white,asian/white
998,457683,White,white,white,white,white,white,white,white
999,308975,White,white,white,white,white,white,white,white
1000,369259,Hispanic or Latino,hispanic/latino,hispanic/latino,hispanic,hispanic,hispanic,hispanic,hispanic
1001,561665,Middle Eastern or North African,middle eastern/north african,middle eastern/north african,middle eastern/north african,middle eastern/north african,white_MENA,white_MENA,white_MENA
1002,262692,"Black or African American
Hispanic or Latino",black/african american hispanic/latino,black_african_american hispanic/latino,black_african_american hispanic,black_african_american hispanic,black_african_american hispanic,black_african_american/hispanic,black_african_american/hispanic
1003,828884,White,white,white,white,white,white,white,white
1004,306219,White,white,white,white,white,white,white,white
1005,288855,White,white,white,white,white,white,white,white
1006,614040,Black or African American,black/african american,black_african_american,black_african_american,black_african_american,black_african_american,black_african_american,black_african_american
1007,46408,Middle Eastern or North African,middle eastern/north african,middle eastern/north african,middle eastern/north african,middle eastern/north african,white_MENA,white_MENA,white_MENA
1008,697413,White,white,white,white,white,white,white,white
1009,644846,White,white,white,white,white,white,white,white
1010,660731,White,white,white,white,white,white,white,white
1011,269110,"Hispanic or Latino
White",hispanic/latino white,hispanic/latino white,hispanic white,hispanic white,hispanic white,hispanic white,hispanic/white
1012,594300,"Asian
White",asian white,asian white,asian white,asian white,asian_pacific_islander white,asian white,asian/white
1013,447647,White,white,white,white,white,white,white,white
1014,60116,Hispanic or Latino,hispanic/latino,hispanic/latino,hispanic,hispanic,hispanic,hispanic,hispanic
1015,27043,Black or African American,black/african american,black_african_american,black_african_american,black_african_american,black_african_american,black_african_american,black_african_american
1016,748130,White,white,white,white,white,white,white,white
1017,905717,White,white,white,white,white,white,white,white
1018,660731,White,white,white,white,white,white,white,white
1019,57178,Black or African American,black/african american,black_african_american,black_african_american,black_african_american,black_african_american,black_african_american,black_african_american
1020,721950,Middle Eastern or North African,middle eastern/north african,middle eastern/north african,middle eastern/north african,middle eastern/north african,white_MENA,white_MENA,white_MENA
1021,267357,Black or African American,black/african american,black_african_american,black_african_american,black_african_american,black_african_american,black_african_american,black_african_american
1022,78544,White,white,white,white,white,white,white,white
1023,764373,White,white,white,white,white,white,white,white
1024,459184,Hispanic or Latino,hispanic/latino,hispanic/latino,hispanic,hispanic,hispanic,hispanic,hispanic
1025,740585,Asian,asian,asian,asian,asian,asian_pacific_islander,asian,asian
1026,955189,White,white,white,white,white,white,white,white
1027,733548,Black or African American,black/african american,black_african_american,black_african_american,black_african_american,black_african_american,black_african_american,black_african_american
1028,411460,White,white,white,white,white,white,white,white
1029,612431,Choose not to answer,choose not to answer,unknown,unknown,unknown,unknown,unknown,unknown
1030,282175,Black or African American,black/african american,black_african_american,black_african_american,black_african_american,black_african_american,black_african_american,black_african_american
1031,860451,Black or African American,black/african american,black_african_american,black_african_american,black_african_american,black_african_american,black_african_american,black_african_american
1032,819137,Asian,asian,asian,asian,asian,asian_pacific_islander,asian,asian
1033,959912,Uyghur,uyghur,uyghur,uyghur,uyghur,uyghur,asian,asian
1034,227728,Hispanic or Latino,hispanic/latino,hispanic/latino,hispanic,hispanic,hispanic,hispanic,hispanic
1035,227728,Hispanic or Latino,hispanic/latino,hispanic/latino,hispanic,hispanic,hispanic,hispanic,hispanic
1036,227728,Hispanic or Latino,hispanic/latino,hispanic/latino,hispanic,hispanic,hispanic,hispanic,hispanic
1037,642464,Middle Eastern or North African,middle eastern/north african,middle eastern/north african,middle eastern/north african,middle eastern/north african,white_MENA,white_MENA,white_MENA
1038,741440,White,white,white,white,white,white,white,white
1039,462978,Black or African American,black/african american,black_african_american,black_african_american,black_african_american,black_african_american,black_african_american,black_african_american
1040,631126,Black or African American,black/african american,black_african_american,black_african_american,black_african_american,black_african_american,black_african_american,black_african_american
1041,808707,"Black or African American
White",black/african american white,black_african_american white,black_african_american white,black_african_american white,black_african_american white,black_african_american/white,black_african_american/white
1042,891031,White,white,white,white,white,white,white,white
1043,461400,White,white,white,white,white,white,white,white
1044,767373,Asian,asian,asian,asian,asian,asian_pacific_islander,asian,asian
1045,524601,Hispanic or Latino,hispanic/latino,hispanic/latino,hispanic,hispanic,hispanic,hispanic,hispanic
1046,979956,Hispanic or Latino,hispanic/latino,hispanic/latino,hispanic,hispanic,hispanic,hispanic,hispanic
1047,707435,Hispanic or Latino,hispanic/latino,hispanic/latino,hispanic,hispanic,hispanic,hispanic,hispanic
1048,495316,White,white,white,white,white,white,white,white
1049,542424,White,white,white,white,white,white,white,white
1050,232411,Middle Eastern or North African,middle eastern/north african,middle eastern/north african,middle eastern/north african,middle eastern/north african,white_MENA,white_MENA,white_MENA
1051,227728,Hispanic or Latino,hispanic/latino,hispanic/latino,hispanic,hispanic,hispanic,hispanic,hispanic
1052,461400,White,white,white,white,white,white,white,white
1053,849827,White,white,white,white,white,white,white,white
1054,119595,Black or African American,black/african american,black_african_american,black_african_american,black_african_american,black_african_american,black_african_american,black_african_american
1055,251857,Black or African American,black/african american,black_african_american,black_african_american,black_african_american,black_african_american,black_african_american,black_african_american
1056,828208,"Middle Eastern or North African
White",middle eastern/north african white,middle eastern/north african white,middle eastern/north african white,middle eastern/north african white,white_MENA,white_MENA,white_MENA
1057,491659,White,white,white,white,white,white,white,white
1058,655968,Black or African American,black/african american,black_african_american,black_african_american,black_african_american,black_african_american,black_african_american,black_african_american
1059,954616,White,white,white,white,white,white,white,white
1060,684406,White,white,white,white,white,white,white,white
1061,905358,White,white,white,white,white,white,white,white
1062,466553,White,white,white,white,white,white,white,white
1063,466553,White,white,white,white,white,white,white,white
1064,561665,White,white,white,white,white,white,white,white
1065,424994,White,white,white,white,white,white,white,white
1066,658445,Asian,asian,asian,asian,asian,asian_pacific_islander,asian,asian
1067,671640,White,white,white,white,white,white,white,white
1068,895819,White,white,white,white,white,white,white,white
1069,587614,White,white,white,white,white,white,white,white
1070,394990,White,white,white,white,white,white,white,white
1071,268960,White,white,white,white,white,white,white,white
1072,893543,White,white,white,white,white,white,white,white
1073,670611,White,white,white,white,white,white,white,white
1074,713219,White,white,white,white,white,white,white,white
1075,101,White,white,white,white,white,white,white,white
1076,262692,"Black or African American
Hispanic or Latino",black/african american hispanic/latino,black_african_american hispanic/latino,black_african_american hispanic,black_african_american hispanic,black_african_american hispanic,black_african_american/hispanic,black_african_american/hispanic
1077,736900,Hispanic or Latino,hispanic/latino,hispanic/latino,hispanic,hispanic,hispanic,hispanic,hispanic
1078,37946,White,white,white,white,white,white,white,white
1079,171217,Hispanic or Latino,hispanic/latino,hispanic/latino,hispanic,hispanic,hispanic,hispanic,hispanic
1080,41300,White,white,white,white,white,white,white,white
1081,680351,Middle Eastern or North African,middle eastern/north african,middle eastern/north african,middle eastern/north african,middle eastern/north african,white_MENA,white_MENA,white_MENA
1082,379627,Hispanic or Latino,hispanic/latino,hispanic/latino,hispanic,hispanic,hispanic,hispanic,hispanic
1083,971031,White,white,white,white,white,white,white,white
1084,932088,White,white,white,white,white,white,white,white
1085,2159,Black or African American,black/african american,black_african_american,black_african_american,black_african_american,black_african_american,black_african_american,black_african_american
1086,172672,Choose not to answer,choose not to answer,unknown,unknown,unknown,unknown,unknown,unknown
1087,783241,Hispanic or Latino,hispanic/latino,hispanic/latino,hispanic,hispanic,hispanic,hispanic,hispanic
1088,476871,White,white,white,white,white,white,white,white
1089,150824,White,white,white,white,white,white,white,white
1090,511885,White,white,white,white,white,white,white,white
1091,106210,White,white,white,white,white,white,white,white
1092,156621,"Black or African American
Hispanic or Latino",black/african american hispanic/latino,black_african_american hispanic/latino,black_african_american hispanic,black_african_american hispanic,black_african_american hispanic,black_african_american/hispanic,black_african_american/hispanic
1093,286565,other,other,unknown,unknown,unknown,unknown,unknown,unknown
1094,144402,White,white,white,white,white,white,white,white
1095,631126,Black or African American,black/african american,black_african_american,black_african_american,black_african_american,black_african_american,black_african_american,black_african_american
1096,843569,Black or African American,black/african american,black_african_american,black_african_american,black_african_american,black_african_american,black_african_american,black_african_american
1097,193665,Hispanic or Latino,hispanic/latino,hispanic/latino,hispanic,hispanic,hispanic,hispanic,hispanic
1098,394997,Hispanic or Latino,hispanic/latino,hispanic/latino,hispanic,hispanic,hispanic,hispanic,hispanic
1099,980658,White,white,white,white,white,white,white,white
1100,14615,White,white,white,white,white,white,white,white
1101,209789,Choose not to answer,choose not to answer,unknown,unknown,unknown,unknown,unknown,unknown
1102,953464,White,white,white,white,white,white,white,white
1103,80519,Cape Verdean,cape verdean,cape verdean,cape verdean,cape verdean,cape verdean,black_african_american/hispanic,black_african_american/hispanic
1104,939229,Hispanic or Latino,hispanic/latino,hispanic/latino,hispanic,hispanic,hispanic,hispanic,hispanic
1105,333718,White,white,white,white,white,white,white,white
1106,931863,White,white,white,white,white,white,white,white
1107,281020,White,white,white,white,white,white,white,white
1108,259188,Hispanic or Latino,hispanic/latino,hispanic/latino,hispanic,hispanic,hispanic,hispanic,hispanic
1109,508442,White,white,white,white,white,white,white,white
1110,63124,Hispanic or Latino,hispanic/latino,hispanic/latino,hispanic,hispanic,hispanic,hispanic,hispanic
1111,728778,White,white,white,white,white,white,white,white
1112,103168,White,white,white,white,white,white,white,white
1113,688513,White,white,white,white,white,white,white,white
1114,666656,White,white,white,white,white,white,white,white
1115,545392,Pakistani & Ukrainian,pakistani & ukrainian,pakistani/ukrainian,pakistani/ukrainian,pakistani/ukrainian,pakistani/ukrainian,asian/white,asian/white
1116,16294,Hispanic or Latino,hispanic/latino,hispanic/latino,hispanic,hispanic,hispanic,hispanic,hispanic
1117,16294,Hispanic or Latino,hispanic/latino,hispanic/latino,hispanic,hispanic,hispanic,hispanic,hispanic
1118,184411,White,white,white,white,white,white,white,white
1119,128956,White,white,white,white,white,white,white,white
1120,732606,White,white,white,white,white,white,white,white
1121,330554,"Hispanic or Latino
Native American or Alaskan Native",hispanic/latino native american/alaskan native,hispanic/latino native american/alaskan native,hispanic native american/alaskan native,hispanic native_american_alaskan_native,hispanic native_american_alaskan_native,hispanic native_american_alaskan_native,hispanic/native_american_alaskan_native
1122,83439,White,white,white,white,white,white,white,white
1123,790480,"Hispanic or Latino
White",hispanic/latino white,hispanic/latino white,hispanic white,hispanic white,hispanic white,hispanic white,hispanic/white
1124,578302,Choose not to answer,choose not to answer,unknown,unknown,unknown,unknown,unknown,unknown
1125,277531,Black or African American,black/african american,black_african_american,black_african_american,black_african_american,black_african_american,black_african_american,black_african_american
1126,277531,Black or African American,black/african american,black_african_american,black_african_american,black_african_american,black_african_american,black_african_american,black_african_american
1127,75035,Choose not to answer,choose not to answer,unknown,unknown,unknown,unknown,unknown,unknown
1128,286501,White,white,white,white,white,white,white,white
1129,841100,Hispanic or Latino,hispanic/latino,hispanic/latino,hispanic,hispanic,hispanic,hispanic,hispanic
1130,698729,Asian,asian,asian,asian,asian,asian_pacific_islander,asian,asian
1131,930199,White,white,white,white,white,white,white,white
1132,662596,White,white,white,white,white,white,white,white
1133,383181,Black or African American,black/african american,black_african_american,black_african_american,black_african_american,black_african_american,black_african_american,black_african_american
1134,736900,Hispanic or Latino,hispanic/latino,hispanic/latino,hispanic,hispanic,hispanic,hispanic,hispanic
1135,268586,White,white,white,white,white,white,white,white
1136,846460,Hispanic or Latino,hispanic/latino,hispanic/latino,hispanic,hispanic,hispanic,hispanic,hispanic
1137,224270,White,white,white,white,white,white,white,white
1138,839334,Hispanic or Latino,hispanic/latino,hispanic/latino,hispanic,hispanic,hispanic,hispanic,hispanic
1139,273639,White,white,white,white,white,white,white,white
1140,965050,White,white,white,white,white,white,white,white
1141,965050,White,white,white,white,white,white,white,white
1142,942147,White,white,white,white,white,white,white,white
1143,262443,White,white,white,white,white,white,white,white
1144,199588,Black or African American,black/african american,black_african_american,black_african_american,black_african_american,black_african_american,black_african_american,black_african_american
1145,394997,Hispanic or Latino,hispanic/latino,hispanic/latino,hispanic,hispanic,hispanic,hispanic,hispanic
1146,886431,Native American or Alaskan Native,native american/alaskan native,native american/alaskan native,native american/alaskan native,native_american_alaskan_native,native_american_alaskan_native,native_american_alaskan_native,native_american_alaskan_native
1147,886431,Native American or Alaskan Native,native american/alaskan native,native american/alaskan native,native american/alaskan native,native_american_alaskan_native,native_american_alaskan_native,native_american_alaskan_native,native_american_alaskan_native
1148,755068,Black or African American,black/african american,black_african_american,black_african_american,black_african_american,black_african_american,black_african_american,black_african_american
1149,409409,White,white,white,white,white,white,white,white
1150,323022,White,white,white,white,white,white,white,white
1151,210210,White,white,white,white,white,white,white,white
1152,961283,White,white,white,white,white,white,white,white
1153,295530,Black or African American,black/african american,black_african_american,black_african_american,black_african_american,black_african_american,black_african_american,black_african_american
1154,895477,White,white,white,white,white,white,white,white
1155,866897,White,white,white,white,white,white,white,white
1156,866897,White,white,white,white,white,white,white,white
1157,843569,Black or African American,black/african american,black_african_american,black_african_american,black_african_american,black_african_american,black_african_american,black_african_american
1158,848976,Choose not to answer,choose not to answer,unknown,unknown,unknown,unknown,unknown,unknown
1159,729044,Choose not to answer,choose not to answer,unknown,unknown,unknown,unknown,unknown,unknown
1160,443029,Black or African American,black/african american,black_african_american,black_african_american,black_african_american,black_african_american,black_african_american,black_african_american
1161,559487,White,white,white,white,white,white,white,white
1162,221486,White,white,white,white,white,white,white,white
1163,550650,Black or African American,black/african american,black_african_american,black_african_american,black_african_american,black_african_american,black_african_american,black_african_american
1164,692496,Asian,asian,asian,asian,asian,asian_pacific_islander,asian,asian
1165,424164,Black or African American,black/african american,black_african_american,black_african_american,black_african_american,black_african_american,black_african_american,black_african_american
1166,980475,White,white,white,white,white,white,white,white
1167,729044,White,white,white,white,white,white,white,white
1168,875817,Black or African American,black/african american,black_african_american,black_african_american,black_african_american,black_african_american,black_african_american,black_african_american
1169,848976,Black or African American,black/african american,black_african_american,black_african_american,black_african_american,black_african_american,black_african_american,black_african_american
1170,413811,"Hispanic or Latino
White",hispanic/latino white,hispanic/latino white,hispanic white,hispanic white,hispanic white,hispanic white,hispanic/white
1171,817323,White,white,white,white,white,white,white,white
1172,424164,Black or African American,black/african american,black_african_american,black_african_american,black_african_american,black_african_american,black_african_american,black_african_american
1173,277531,Black or African American,black/african american,black_african_american,black_african_american,black_african_american,black_african_american,black_african_american,black_african_american
1174,853419,Hispanic or Latino,hispanic/latino,hispanic/latino,hispanic,hispanic,hispanic,hispanic,hispanic
1175,695333,Asian,asian,asian,asian,asian,asian_pacific_islander,asian,asian
1176,581996,White,white,white,white,white,white,white,white
1177,990761,Hispanic or Latino,hispanic/latino,hispanic/latino,hispanic,hispanic,hispanic,hispanic,hispanic
1178,990761,Hispanic or Latino,hispanic/latino,hispanic/latino,hispanic,hispanic,hispanic,hispanic,hispanic
1179,204301,Black or African American,black/african american,black_african_american,black_african_american,black_african_american,black_african_american,black_african_american,black_african_american
1180,644920,White,white,white,white,white,white,white,white
1181,990852,White,white,white,white,white,white,white,white
1182,990852,White,white,white,white,white,white,white,white
1183,634043,White,white,white,white,white,white,white,white
1184,286565,Hispanic or Latino,hispanic/latino,hispanic/latino,hispanic,hispanic,hispanic,hispanic,hispanic
1185,205696,White,white,white,white,white,white,white,white
1186,550650,Black or African American,black/african american,black_african_american,black_african_american,black_african_american,black_african_american,black_african_american,black_african_american
1187,630071,White,white,white,white,white,white,white,white
1188,349842,"Black or African American
Hispanic or Latino",black/african american hispanic/latino,black_african_american hispanic/latino,black_african_american hispanic,black_african_american hispanic,black_african_american hispanic,black_african_american/hispanic,black_african_american/hispanic
1189,466553,White,white,white,white,white,white,white,white
1190,577864,White,white,white,white,white,white,white,white
1191,247669,White,white,white,white,white,white,white,white
1192,247669,White,white,white,white,white,white,white,white
1193,550650,Black or African American,black/african american,black_african_american,black_african_american,black_african_american,black_african_american,black_african_american,black_african_american
1194,33801,Hispanic or Latino,hispanic/latino,hispanic/latino,hispanic,hispanic,hispanic,hispanic,hispanic
1195,834207,White,white,white,white,white,white,white,white
1196,554264,White,white,white,white,white,white,white,white
1197,146497,White,white,white,white,white,white,white,white
1198,467102,White,white,white,white,white,white,white,white
1199,549584,Hispanic or Latino,hispanic/latino,hispanic/latino,hispanic,hispanic,hispanic,hispanic,hispanic
1200,172207,Choose not to answer,choose not to answer,unknown,unknown,unknown,unknown,unknown,unknown
1201,348350,Black or African American,black/african american,black_african_american,black_african_american,black_african_american,black_african_american,black_african_american,black_african_american
1202,344605,Hispanic or Latino,hispanic/latino,hispanic/latino,hispanic,hispanic,hispanic,hispanic,hispanic
1203,240777,Black or African American,black/african american,black_african_american,black_african_american,black_african_american,black_african_american,black_african_american,black_african_american
1204,281020,White,white,white,white,white,white,white,white
1205,842422,White,white,white,white,white,white,white,white
1206,416648,Choose not to answer,choose not to answer,unknown,unknown,unknown,unknown,unknown,unknown
1207,478470,White,white,white,white,white,white,white,white
1208,845893,Black or African American,black/african american,black_african_american,black_african_american,black_african_american,black_african_american,black_african_american,black_african_american
1209,510381,White,white,white,white,white,white,white,white
1210,224270,White,white,white,white,white,white,white,white
1211,845516,Choose not to answer,choose not to answer,unknown,unknown,unknown,unknown,unknown,unknown
1212,250592,White,white,white,white,white,white,white,white
1213,221486,White,white,white,white,white,white,white,white
1214,709769,White,white,white,white,white,white,white,white
1215,449422,White,white,white,white,white,white,white,white
1216,542505,Hispanic or Latino,hispanic/latino,hispanic/latino,hispanic,hispanic,hispanic,hispanic,hispanic
1217,371888,White,white,white,white,white,white,white,white
1218,621790,Asian,asian,asian,asian,asian,asian_pacific_islander,asian,asian
1219,621790,Asian,asian,asian,asian,asian,asian_pacific_islander,asian,asian
1220,593495,Asian,asian,asian,asian,asian,asian_pacific_islander,asian,asian
1221,261209,Hispanic or Latino,hispanic/latino,hispanic/latino,hispanic,hispanic,hispanic,hispanic,hispanic
1222,427691,White,white,white,white,white,white,white,white
1223,326843,White,white,white,white,white,white,white,white
1224,246430,White,white,white,white,white,white,white,white
1225,938500,White,white,white,white,white,white,white,white
1226,736900,Hispanic or Latino,hispanic/latino,hispanic/latino,hispanic,hispanic,hispanic,hispanic,hispanic
1227,117747,White,white,white,white,white,white,white,white
1228,871906,Black or African American,black/african american,black_african_american,black_african_american,black_african_american,black_african_american,black_african_american,black_african_american
1229,871906,Black or African American,black/african american,black_african_american,black_african_american,black_african_american,black_african_american,black_african_american,black_african_american
1230,221486,Choose not to answer,choose not to answer,unknown,unknown,unknown,unknown,unknown,unknown
1231,472632,Black or African American,black/african american,black_african_american,black_african_american,black_african_american,black_african_american,black_african_american,black_african_american
1232,146497,White,white,white,white,white,white,white,white
1233,146497,White,white,white,white,white,white,white,white
1234,853228,White,white,white,white,white,white,white,white
1235,961283,White,white,white,white,white,white,white,white
1236,225869,Choose not to answer,choose not to answer,unknown,unknown,unknown,unknown,unknown,unknown
1237,129636,White,white,white,white,white,white,white,white
1238,414864,White,white,white,white,white,white,white,white
1239,383181,Black or African American,black/african american,black_african_american,black_african_american,black_african_american,black_african_american,black_african_american,black_african_american
1240,226830,Black or African American,black/african american,black_african_american,black_african_american,black_african_american,black_african_american,black_african_american,black_african_american
1241,370874,Black or African American,black/african american,black_african_american,black_african_american,black_african_american,black_african_american,black_african_american,black_african_american
1242,95353,White,white,white,white,white,white,white,white
1243,614040,Black or African American,black/african american,black_african_american,black_african_american,black_african_american,black_african_american,black_african_american,black_african_american
1244,770290,White,white,white,white,white,white,white,white
1245,821465,White,white,white,white,white,white,white,white
1246,905337,White,white,white,white,white,white,white,white
1247,362707,Choose not to answer,choose not to answer,unknown,unknown,unknown,unknown,unknown,unknown
1248,200895,Hispanic or Latino,hispanic/latino,hispanic/latino,hispanic,hispanic,hispanic,hispanic,hispanic
1249,517819,White,white,white,white,white,white,white,white
1250,196221,"Asian
Kazakh",asian kazakh,asian kazakh,asian kazakh,asian kazakh,asian_pacific_islander,asian,asian
1251,685042,White,white,white,white,white,white,white,white
1252,196221,"Asian
Kazakh",asian kazakh,asian kazakh,asian kazakh,asian kazakh,asian_pacific_islander,asian,asian
1253,251857,Black or African American,black/african american,black_african_american,black_african_american,black_african_american,black_african_american,black_african_american,black_african_american
1254,933765,White,white,white,white,white,white,white,white
1255,685042,White,white,white,white,white,white,white,white
1256,684277,White,white,white,white,white,white,white,white
1257,575564,White,white,white,white,white,white,white,white
1258,287577,White,white,white,white,white,white,white,white
1259,893543,White,white,white,white,white,white,white,white
1260,534913,Hispanic or Latino,hispanic/latino,hispanic/latino,hispanic,hispanic,hispanic,hispanic,hispanic
1261,653600,White,white,white,white,white,white,white,white
1262,955839,White,white,white,white,white,white,white,white
1263,478509,"Native American or Alaskan Native
White",native american/alaskan native white,native american/alaskan native white,native american/alaskan native white,native_american_alaskan_native white,native_american_alaskan_native white,native_american_alaskan_native white,native_american_alaskan_native/white
1264,196221,"Asian
Kazakh",asian kazakh,asian kazakh,asian kazakh,asian kazakh,asian_pacific_islander,asian,asian
1265,132785,Hispanic or Latino,hispanic/latino,hispanic/latino,hispanic,hispanic,hispanic,hispanic,hispanic
1266,466553,White,white,white,white,white,white,white,white
1267,2685,White,white,white,white,white,white,white,white
1268,611965,Asian,asian,asian,asian,asian,asian_pacific_islander,asian,asian
1269,611965,Asian,asian,asian,asian,asian,asian_pacific_islander,asian,asian
1270,221989,White,white,white,white,white,white,white,white
1271,935957,Hispanic or Latino,hispanic/latino,hispanic/latino,hispanic,hispanic,hispanic,hispanic,hispanic
1272,848849,Choose not to answer,choose not to answer,unknown,unknown,unknown,unknown,unknown,unknown
1273,697163,White,white,white,white,white,white,white,white
1274,105588,Asian,asian,asian,asian,asian,asian_pacific_islander,asian,asian
1275,733981,White,white,white,white,white,white,white,white
1276,491130,Hispanic or Latino,hispanic/latino,hispanic/latino,hispanic,hispanic,hispanic,hispanic,hispanic
1277,528057,White,white,white,white,white,white,white,white
1278,257868,White,white,white,white,white,white,white,white
1279,449054,White,white,white,white,white,white,white,white
1280,970167,White,white,white,white,white,white,white,white
1281,158662,Choose not to answer,choose not to answer,unknown,unknown,unknown,unknown,unknown,unknown
1282,528057,White,white,white,white,white,white,white,white
1283,491130,Hispanic or Latino,hispanic/latino,hispanic/latino,hispanic,hispanic,hispanic,hispanic,hispanic
1284,797133,Hispanic or Latino,hispanic/latino,hispanic/latino,hispanic,hispanic,hispanic,hispanic,hispanic
1285,575564,White,white,white,white,white,white,white,white
1286,355052,White,white,white,white,white,white,white,white
1287,881956,Hispanic or Latino,hispanic/latino,hispanic/latino,hispanic,hispanic,hispanic,hispanic,hispanic
1288,578877,White,white,white,white,white,white,white,white
1289,581091,Middle Eastern or North African,middle eastern/north african,middle eastern/north african,middle eastern/north african,middle eastern/north african,white_MENA,white_MENA,white_MENA
1290,685042,White,white,white,white,white,white,white,white
1291,92947,White,white,white,white,white,white,white,white
1292,647166,Hispanic or Latino,hispanic/latino,hispanic/latino,hispanic,hispanic,hispanic,hispanic,hispanic
1293,220498,Hispanic or Latino,hispanic/latino,hispanic/latino,hispanic,hispanic,hispanic,hispanic,hispanic
1294,220081,White,white,white,white,white,white,white,white
1295,653600,White,white,white,white,white,white,white,white
1296,955839,White,white,white,white,white,white,white,white
1297,485004,Hispanic or Latino,hispanic/latino,hispanic/latino,hispanic,hispanic,hispanic,hispanic,hispanic
1298,893543,White,white,white,white,white,white,white,white
1299,638778,"Middle Eastern or North African
White",middle eastern/north african white,middle eastern/north african white,middle eastern/north african white,middle eastern/north african white,white_MENA,white_MENA,white_MENA
1300,656503,White,white,white,white,white,white,white,white
1301,478509,"Native American or Alaskan Native
White",native american/alaskan native white,native american/alaskan native white,native american/alaskan native white,native_american_alaskan_native white,native_american_alaskan_native white,native_american_alaskan_native white,native_american_alaskan_native/white
1302,106210,White,white,white,white,white,white,white,white
1303,575564,White,white,white,white,white,white,white,white
1304,908428,White,white,white,white,white,white,white,white
1305,658386,White,white,white,white,white,white,white,white
1306,973801,Asian,asian,asian,asian,asian,asian_pacific_islander,asian,asian
1307,8268,White,white,white,white,white,white,white,white
1308,243767,White,white,white,white,white,white,white,white
1309,404993,White,white,white,white,white,white,white,white
1310,928299,Asian,asian,asian,asian,asian,asian_pacific_islander,asian,asian
1311,9656,Middle Eastern or North African,middle eastern/north african,middle eastern/north african,middle eastern/north african,middle eastern/north african,white_MENA,white_MENA,white_MENA
1312,445280,Asian,asian,asian,asian,asian,asian_pacific_islander,asian,asian
1313,810396,White,white,white,white,white,white,white,white
1314,677756,White,white,white,white,white,white,white,white
1315,158662,Choose not to answer,choose not to answer,unknown,unknown,unknown,unknown,unknown,unknown
1316,548641,Asian,asian,asian,asian,asian,asian_pacific_islander,asian,asian
1317,735920,White,white,white,white,white,white,white,white
1318,201763,White,white,white,white,white,white,white,white
1319,714458,White,white,white,white,white,white,white,white
1320,680334,White,white,white,white,white,white,white,white
1321,492673,White,white,white,white,white,white,white,white
1322,428705,Asian,asian,asian,asian,asian,asian_pacific_islander,asian,asian
1323,915277,White,white,white,white,white,white,white,white
1324,230209,Asian,asian,asian,asian,asian,asian_pacific_islander,asian,asian
1325,580020,White,white,white,white,white,white,white,white
1326,104341,White,white,white,white,white,white,white,white
1327,593406,White,white,white,white,white,white,white,white
1328,455151,Hispanic or Latino,hispanic/latino,hispanic/latino,hispanic,hispanic,hispanic,hispanic,hispanic
1329,967508,"Asian
Middle Eastern or North African
White",asian middle eastern/north african white,asian middle eastern/north african white,asian middle eastern/north african white,asian middle eastern/north african white,asian_pacific_islander white_MENA,asian white_MENA,asian/white_MENA
1330,723340,White,white,white,white,white,white,white,white
1331,221989,White,white,white,white,white,white,white,white
1332,908399,White,white,white,white,white,white,white,white
1333,578877,White,white,white,white,white,white,white,white
1334,262536,White,white,white,white,white,white,white,white
1335,537091,White,white,white,white,white,white,white,white
1336,381744,Asian,asian,asian,asian,asian,asian_pacific_islander,asian,asian
1337,262536,White,white,white,white,white,white,white,white
1338,566937,White,white,white,white,white,white,white,white
1339,895588,Middle Eastern or North African,middle eastern/north african,middle eastern/north african,middle eastern/north african,middle eastern/north african,white_MENA,white_MENA,white_MENA
1340,729141,White,white,white,white,white,white,white,white
1341,973801,Asian,asian,asian,asian,asian,asian_pacific_islander,asian,asian
1342,152451,Asian,asian,asian,asian,asian,asian_pacific_islander,asian,asian
1343,487817,White,white,white,white,white,white,white,white
1344,764169,White,white,white,white,white,white,white,white
1345,187846,Black or African American,black/african american,black_african_american,black_african_american,black_african_american,black_african_american,black_african_american,black_african_american
1346,6732,Native American or Alaskan Native,native american/alaskan native,native american/alaskan native,native american/alaskan native,native_american_alaskan_native,native_american_alaskan_native,native_american_alaskan_native,native_american_alaskan_native
1347,182109,White,white,white,white,white,white,white,white
1348,134565,White,white,white,white,white,white,white,white
1349,849391,White,white,white,white,white,white,white,white
1350,647166,Hispanic or Latino,hispanic/latino,hispanic/latino,hispanic,hispanic,hispanic,hispanic,hispanic
1351,720335,White,white,white,white,white,white,white,white
1352,231469,White,white,white,white,white,white,white,white
1353,835041,Black or African American,black/african american,black_african_american,black_african_american,black_african_american,black_african_american,black_african_american,black_african_american
1354,90449,Choose not to answer,choose not to answer,unknown,unknown,unknown,unknown,unknown,unknown
1355,706110,Hispanic or Latino,hispanic/latino,hispanic/latino,hispanic,hispanic,hispanic,hispanic,hispanic
1356,587614,White,white,white,white,white,white,white,white
1357,105277,Asian,asian,asian,asian,asian,asian_pacific_islander,asian,asian
1358,187259,White,white,white,white,white,white,white,white
1359,411734,White,white,white,white,white,white,white,white
1360,695624,White,white,white,white,white,white,white,white
1361,237815,White,white,white,white,white,white,white,white
1362,537471,White,white,white,white,white,white,white,white
1363,754821,Hispanic or Latino,hispanic/latino,hispanic/latino,hispanic,hispanic,hispanic,hispanic,hispanic
1364,893543,White,white,white,white,white,white,white,white
1365,985439,"Black or African American
Hispanic or Latino",black/african american hispanic/latino,black_african_american hispanic/latino,black_african_american hispanic,black_african_american hispanic,black_african_american hispanic,black_african_american/hispanic,black_african_american/hispanic
1366,204344,Choose not to answer,choose not to answer,unknown,unknown,unknown,unknown,unknown,unknown
1367,275090,White,white,white,white,white,white,white,white
1368,893939,Choose not to answer,choose not to answer,unknown,unknown,unknown,unknown,unknown,unknown
1369,503964,Asian,asian,asian,asian,asian,asian_pacific_islander,asian,asian
1370,220498,Hispanic or Latino,hispanic/latino,hispanic/latino,hispanic,hispanic,hispanic,hispanic,hispanic
1371,308794,Asian,asian,asian,asian,asian,asian_pacific_islander,asian,asian
1372,444057,Black or African American,black/african american,black_african_american,black_african_american,black_african_american,black_african_american,black_african_american,black_african_american
1373,290265,White,white,white,white,white,white,white,white
1374,159233,Black or African American,black/african american,black_african_american,black_african_american,black_african_american,black_african_american,black_african_american,black_african_american
1375,533347,White,white,white,white,white,white,white,white
1376,614735,White,white,white,white,white,white,white,white
1377,105277,Asian,asian,asian,asian,asian,asian_pacific_islander,asian,asian
1378,781791,White,white,white,white,white,white,white,white
1379,373220,Hispanic or Latino,hispanic/latino,hispanic/latino,hispanic,hispanic,hispanic,hispanic,hispanic
1380,169404,White,white,white,white,white,white,white,white
1381,169404,White,white,white,white,white,white,white,white
1382,42982,"Asian
White",asian white,asian white,asian white,asian white,asian_pacific_islander white,asian white,asian/white
1383,383181,Black or African American,black/african american,black_african_american,black_african_american,black_african_american,black_african_american,black_african_american,black_african_american
1384,658386,White,white,white,white,white,white,white,white
1385,169404,White,white,white,white,white,white,white,white
1386,370810,"Black or African American
Hispanic or Latino",black/african american hispanic/latino,black_african_american hispanic/latino,black_african_american hispanic,black_african_american hispanic,black_african_american hispanic,black_african_american/hispanic,black_african_american/hispanic
1387,888937,White,white,white,white,white,white,white,white
1388,64749,White,white,white,white,white,white,white,white
1389,714419,Black or African American,black/african american,black_african_american,black_african_american,black_african_american,black_african_american,black_african_american,black_african_american
1390,6631,White,white,white,white,white,white,white,white
1391,797133,Hispanic or Latino,hispanic/latino,hispanic/latino,hispanic,hispanic,hispanic,hispanic,hispanic
1392,720335,White,white,white,white,white,white,white,white
1393,731600,White,white,white,white,white,white,white,white
1394,458143,Choose not to answer,choose not to answer,unknown,unknown,unknown,unknown,unknown,unknown
1395,250592,White,white,white,white,white,white,white,white
1396,835041,Black or African American,black/african american,black_african_american,black_african_american,black_african_american,black_african_american,black_african_american,black_african_american
1397,833958,Asian,asian,asian,asian,asian,asian_pacific_islander,asian,asian
1398,132121,White,white,white,white,white,white,white,white
1399,975525,White,white,white,white,white,white,white,white
1400,154553,White,white,white,white,white,white,white,white
1401,424598,White,white,white,white,white,white,white,white
1402,234850,White,white,white,white,white,white,white,white
1403,899631,Asian,asian,asian,asian,asian,asian_pacific_islander,asian,asian
1404,31929,Hispanic or Latino,hispanic/latino,hispanic/latino,hispanic,hispanic,hispanic,hispanic,hispanic
1405,745387,White,white,white,white,white,white,white,white
1406,401499,White,white,white,white,white,white,white,white
1407,720185,White,white,white,white,white,white,white,white
1408,630747,Middle Eastern or North African,middle eastern/north african,middle eastern/north african,middle eastern/north african,middle eastern/north african,white_MENA,white_MENA,white_MENA
1409,31929,Hispanic or Latino,hispanic/latino,hispanic/latino,hispanic,hispanic,hispanic,hispanic,hispanic
1410,781791,White,white,white,white,white,white,white,white
1411,985439,"Black or African American
Hispanic or Latino",black/african american hispanic/latino,black_african_american hispanic/latino,black_african_american hispanic,black_african_american hispanic,black_african_american hispanic,black_african_american/hispanic,black_african_american/hispanic
1412,11801,White,white,white,white,white,white,white,white
1413,298341,Hispanic or Latino,hispanic/latino,hispanic/latino,hispanic,hispanic,hispanic,hispanic,hispanic
1414,424994,White,white,white,white,white,white,white,white
1415,210797,Middle Eastern or North African,middle eastern/north african,middle eastern/north african,middle eastern/north african,middle eastern/north african,white_MENA,white_MENA,white_MENA
1416,595275,Choose not to answer,choose not to answer,unknown,unknown,unknown,unknown,unknown,unknown
1417,629877,Black or African American,black/african american,black_african_american,black_african_american,black_african_american,black_african_american,black_african_american,black_african_american
1418,629877,Black or African American,black/african american,black_african_american,black_african_american,black_african_american,black_african_american,black_african_american,black_african_american
1419,885642,White,white,white,white,white,white,white,white
1420,128068,Middle Eastern or North African,middle eastern/north african,middle eastern/north african,middle eastern/north african,middle eastern/north african,white_MENA,white_MENA,white_MENA
1421,630747,Middle Eastern or North African,middle eastern/north african,middle eastern/north african,middle eastern/north african,middle eastern/north african,white_MENA,white_MENA,white_MENA
1422,174815,Hispanic or Latino,hispanic/latino,hispanic/latino,hispanic,hispanic,hispanic,hispanic,hispanic
1423,692254,White,white,white,white,white,white,white,white
1424,923876,"Hispanic or Latino
White",hispanic/latino white,hispanic/latino white,hispanic white,hispanic white,hispanic white,hispanic white,hispanic/white
1425,899631,Asian,asian,asian,asian,asian,asian_pacific_islander,asian,asian
1426,726687,White,white,white,white,white,white,white,white
1427,885642,White,white,white,white,white,white,white,white
1428,100735,Black or African American,black/african american,black_african_american,black_african_american,black_african_american,black_african_american,black_african_american,black_african_american
1429,864556,White,white,white,white,white,white,white,white
1430,968627,White,white,white,white,white,white,white,white
1431,658386,White,white,white,white,white,white,white,white
1432,658386,White,white,white,white,white,white,white,white
1433,537471,White,white,white,white,white,white,white,white
1434,982486,White,white,white,white,white,white,white,white
1435,231143,White,white,white,white,white,white,white,white
1436,291430,Black or African American,black/african american,black_african_american,black_african_american,black_african_american,black_african_american,black_african_american,black_african_american
1437,291430,Black or African American,black/african american,black_african_american,black_african_american,black_african_american,black_african_american,black_african_american,black_african_american
1438,862998,White,white,white,white,white,white,white,white
1439,691633,White,white,white,white,white,white,white,white
1440,157152,White,white,white,white,white,white,white,white
1441,298341,Hispanic or Latino,hispanic/latino,hispanic/latino,hispanic,hispanic,hispanic,hispanic,hispanic
1442,781791,White,white,white,white,white,white,white,white
1443,428711,White,white,white,white,white,white,white,white
1444,508442,White,white,white,white,white,white,white,white
1445,508442,White,white,white,white,white,white,white,white
1446,579046,White,white,white,white,white,white,white,white
1447,250592,White,white,white,white,white,white,white,white
1448,899631,Asian,asian,asian,asian,asian,asian_pacific_islander,asian,asian
1449,899631,Asian,asian,asian,asian,asian,asian_pacific_islander,asian,asian
1450,691598,White,white,white,white,white,white,white,white
1451,458150,Hispanic or Latino,hispanic/latino,hispanic/latino,hispanic,hispanic,hispanic,hispanic,hispanic
1452,115199,White,white,white,white,white,white,white,white
1453,171303,Hispanic or Latino,hispanic/latino,hispanic/latino,hispanic,hispanic,hispanic,hispanic,hispanic
1454,200895,Hispanic or Latino,hispanic/latino,hispanic/latino,hispanic,hispanic,hispanic,hispanic,hispanic
1455,675078,White,white,white,white,white,white,white,white
1456,205330,Hispanic or Latino,hispanic/latino,hispanic/latino,hispanic,hispanic,hispanic,hispanic,hispanic
1457,632218,White,white,white,white,white,white,white,white
1458,218300,White,white,white,white,white,white,white,white
1459,218300,White,white,white,white,white,white,white,white
1460,954465,White,white,white,white,white,white,white,white
1461,575544,White,white,white,white,white,white,white,white
1462,583613,Middle Eastern or North African,middle eastern/north african,middle eastern/north african,middle eastern/north african,middle eastern/north african,white_MENA,white_MENA,white_MENA
1463,534958,White,white,white,white,white,white,white,white
1464,680351,Middle Eastern or North African,middle eastern/north african,middle eastern/north african,middle eastern/north african,middle eastern/north african,white_MENA,white_MENA,white_MENA
1465,204988,Asian,asian,asian,asian,asian,asian_pacific_islander,asian,asian
1466,586013,White,white,white,white,white,white,white,white
1467,144479,White,white,white,white,white,white,white,white
1468,322891,White,white,white,white,white,white,white,white
1469,777831,White,white,white,white,white,white,white,white
1470,769892,White,white,white,white,white,white,white,white
1471,994454,White,white,white,white,white,white,white,white
1472,25616,White,white,white,white,white,white,white,white
1473,831124,White,white,white,white,white,white,white,white
1474,962744,White,white,white,white,white,white,white,white
1475,126948,White,white,white,white,white,white,white,white
1476,605404,White,white,white,white,white,white,white,white
1477,777831,White,white,white,white,white,white,white,white
1478,736900,Hispanic or Latino,hispanic/latino,hispanic/latino,hispanic,hispanic,hispanic,hispanic,hispanic
1479,607434,White,white,white,white,white,white,white,white
1480,421731,Choose not to answer,choose not to answer,unknown,unknown,unknown,unknown,unknown,unknown
1481,212349,Black or African American,black/african american,black_african_american,black_african_american,black_african_american,black_african_american,black_african_american,black_african_american
1482,212349,Black or African American,black/african american,black_african_american,black_african_american,black_african_american,black_african_american,black_african_american,black_african_american
1483,472632,Black or African American,black/african american,black_african_american,black_african_american,black_african_american,black_african_american,black_african_american,black_african_american
1484,529170,Asian,asian,asian,asian,asian,asian_pacific_islander,asian,asian
1485,936735,White,white,white,white,white,white,white,white
1486,911140,White,white,white,white,white,white,white,white
1487,670096,White,white,white,white,white,white,white,white
1488,529170,Asian,asian,asian,asian,asian,asian_pacific_islander,asian,asian
1489,994029,White,white,white,white,white,white,white,white
1490,269434,White,white,white,white,white,white,white,white
1491,640684,White,white,white,white,white,white,white,white
1492,419848,Black or African American,black/african american,black_african_american,black_african_american,black_african_american,black_african_american,black_african_american,black_african_american
1493,368290,White,white,white,white,white,white,white,white
1494,601953,White,white,white,white,white,white,white,white
1495,348923,Black or African American,black/african american,black_african_american,black_african_american,black_african_american,black_african_american,black_african_american,black_african_american
1496,33253,White,white,white,white,white,white,white,white
1497,633448,White,white,white,white,white,white,white,white
1498,841464,White,white,white,white,white,white,white,white
1499,267184,Hispanic or Latino,hispanic/latino,hispanic/latino,hispanic,hispanic,hispanic,hispanic,hispanic
1500,862086,White,white,white,white,white,white,white,white
1501,355052,Choose not to answer,choose not to answer,unknown,unknown,unknown,unknown,unknown,unknown
1502,212349,Black or African American,black/african american,black_african_american,black_african_american,black_african_american,black_african_american,black_african_american,black_african_american
1503,319813,Asian,asian,asian,asian,asian,asian_pacific_islander,asian,asian
1504,985435,Hispanic or Latino,hispanic/latino,hispanic/latino,hispanic,hispanic,hispanic,hispanic,hispanic
1505,808414,Asian,asian,asian,asian,asian,asian_pacific_islander,asian,asian
1506,476111,Hispanic or Latino,hispanic/latino,hispanic/latino,hispanic,hispanic,hispanic,hispanic,hispanic
1507,864670,White,white,white,white,white,white,white,white
1508,968627,White,white,white,white,white,white,white,white
1509,193780,Hispanic or Latino,hispanic/latino,hispanic/latino,hispanic,hispanic,hispanic,hispanic,hispanic
1510,842229,White,white,white,white,white,white,white,white
1511,806638,Asian,asian,asian,asian,asian,asian_pacific_islander,asian,asian
1512,806638,Asian,asian,asian,asian,asian,asian_pacific_islander,asian,asian
1513,119740,Black or African American,black/african american,black_african_american,black_african_american,black_african_american,black_african_american,black_african_american,black_african_american
1514,231469,White,white,white,white,white,white,white,white
1515,308794,Asian,asian,asian,asian,asian,asian_pacific_islander,asian,asian
1516,891031,Asian,asian,asian,asian,asian,asian_pacific_islander,asian,asian
1517,547931,Black or African American,black/african american,black_african_american,black_african_american,black_african_american,black_african_american,black_african_american,black_african_american
1518,429158,White,white,white,white,white,white,white,white
1519,327325,White,white,white,white,white,white,white,white
1520,965588,Asian,asian,asian,asian,asian,asian_pacific_islander,asian,asian
1521,965588,Asian,asian,asian,asian,asian,asian_pacific_islander,asian,asian
1522,965588,Asian,asian,asian,asian,asian,asian_pacific_islander,asian,asian
1523,253565,White,white,white,white,white,white,white,white
1524,634744,White,white,white,white,white,white,white,white
1525,593734,White,white,white,white,white,white,white,white
1526,683067,Hispanic or Latino,hispanic/latino,hispanic/latino,hispanic,hispanic,hispanic,hispanic,hispanic
1527,160257,Black or African American,black/african american,black_african_american,black_african_american,black_african_american,black_african_american,black_african_american,black_african_american
1528,726420,White,white,white,white,white,white,white,white
1529,323009,"Asian
White",asian white,asian white,asian white,asian white,asian_pacific_islander white,asian white,asian/white
1530,780222,Asian,asian,asian,asian,asian,asian_pacific_islander,asian,asian
1531,215479,White,white,white,white,white,white,white,white
1532,541806,White,white,white,white,white,white,white,white
1533,263063,White,white,white,white,white,white,white,white
1534,576834,White,white,white,white,white,white,white,white
1535,576834,White,white,white,white,white,white,white,white
1536,780222,Asian,asian,asian,asian,asian,asian_pacific_islander,asian,asian
1537,780222,Asian,asian,asian,asian,asian,asian_pacific_islander,asian,asian
1538,941892,White,white,white,white,white,white,white,white
1539,683067,Hispanic or Latino,hispanic/latino,hispanic/latino,hispanic,hispanic,hispanic,hispanic,hispanic
1540,683067,Hispanic or Latino,hispanic/latino,hispanic/latino,hispanic,hispanic,hispanic,hispanic,hispanic
1541,74843,White,white,white,white,white,white,white,white
1542,448176,White,white,white,white,white,white,white,white
1543,224458,White,white,white,white,white,white,white,white
1544,126531,"Middle Eastern or North African
White",middle eastern/north african white,middle eastern/north african white,middle eastern/north african white,middle eastern/north african white,white_MENA,white_MENA,white_MENA
1545,904522,White,white,white,white,white,white,white,white
1546,795243,White,white,white,white,white,white,white,white
1547,398610,White,white,white,white,white,white,white,white
1548,435360,White,white,white,white,white,white,white,white
1549,893543,White,white,white,white,white,white,white,white
1550,720335,White,white,white,white,white,white,white,white
1551,40209,White,white,white,white,white,white,white,white
1552,660445,"Black or African American
Hispanic or Latino",black/african american hispanic/latino,black_african_american hispanic/latino,black_african_american hispanic,black_african_american hispanic,black_african_american hispanic,black_african_american/hispanic,black_african_american/hispanic
1553,507379,Hispanic or Latino,hispanic/latino,hispanic/latino,hispanic,hispanic,hispanic,hispanic,hispanic
1554,622534,White,white,white,white,white,white,white,white
1555,839660,White,white,white,white,white,white,white,white
1556,50766,White,white,white,white,white,white,white,white
1557,596040,Black or African American,black/african american,black_african_american,black_african_american,black_african_american,black_african_american,black_african_american,black_african_american
1558,558178,Asian,asian,asian,asian,asian,asian_pacific_islander,asian,asian
1559,659916,White,white,white,white,white,white,white,white
1560,897769,White,white,white,white,white,white,white,white
1561,513214,Choose not to answer,choose not to answer,unknown,unknown,unknown,unknown,unknown,unknown
1562,106483,Asian,asian,asian,asian,asian,asian_pacific_islander,asian,asian
1563,192388,White,white,white,white,white,white,white,white
1564,29177,White,white,white,white,white,white,white,white
1565,833546,Black or African American,black/african american,black_african_american,black_african_american,black_african_american,black_african_american,black_african_american,black_african_american
1566,744693,Hispanic or Latino,hispanic/latino,hispanic/latino,hispanic,hispanic,hispanic,hispanic,hispanic
1567,681358,Hispanic or Latino,hispanic/latino,hispanic/latino,hispanic,hispanic,hispanic,hispanic,hispanic
1568,156642,White,white,white,white,white,white,white,white
1569,819341,White,white,white,white,white,white,white,white
1570,660769,White,white,white,white,white,white,white,white
1571,827138,Asian,asian,asian,asian,asian,asian_pacific_islander,asian,asian
1572,664624,Hispanic or Latino,hispanic/latino,hispanic/latino,hispanic,hispanic,hispanic,hispanic,hispanic
1573,611041,Asian,asian,asian,asian,asian,asian_pacific_islander,asian,asian
1574,619245,White,white,white,white,white,white,white,white
1575,686131,Black or African American,black/african american,black_african_american,black_african_american,black_african_american,black_african_american,black_african_american,black_african_american
1576,14380,Asian,asian,asian,asian,asian,asian_pacific_islander,asian,asian
1577,209029,Asian,asian,asian,asian,asian,asian_pacific_islander,asian,asian
1578,550104,White,white,white,white,white,white,white,white
1579,231038,White,white,white,white,white,white,white,white
1580,970638,White,white,white,white,white,white,white,white
1581,460085,Asian,asian,asian,asian,asian,asian_pacific_islander,asian,asian
1582,850434,White,white,white,white,white,white,white,white
1583,231143,White,white,white,white,white,white,white,white
1584,519559,White,white,white,white,white,white,white,white
1585,607434,White,white,white,white,white,white,white,white
1586,231143,White,white,white,white,white,white,white,white
1587,941892,White,white,white,white,white,white,white,white
1588,534958,White,white,white,white,white,white,white,white
1589,558178,Asian,asian,asian,asian,asian,asian_pacific_islander,asian,asian
1590,733431,Hispanic or Latino,hispanic/latino,hispanic/latino,hispanic,hispanic,hispanic,hispanic,hispanic
1591,550104,White,white,white,white,white,white,white,white
1592,133753,"Hispanic or Latino
White",hispanic/latino white,hispanic/latino white,hispanic white,hispanic white,hispanic white,hispanic white,hispanic/white
1593,223822,"Black or African American
Hispanic or Latino",black/african american hispanic/latino,black_african_american hispanic/latino,black_african_american hispanic,black_african_american hispanic,black_african_american hispanic,black_african_american/hispanic,black_african_american/hispanic
1594,821436,Hispanic or Latino,hispanic/latino,hispanic/latino,hispanic,hispanic,hispanic,hispanic,hispanic
1595,932364,Hispanic or Latino,hispanic/latino,hispanic/latino,hispanic,hispanic,hispanic,hispanic,hispanic
1596,269434,White,white,white,white,white,white,white,white
1597,465554,"Asian
Middle Eastern or North African",asian middle eastern/north african,asian middle eastern/north african,asian middle eastern/north african,asian middle eastern/north african,asian_pacific_islander white_MENA,asian white_MENA,asian/white_MENA
1598,481153,White,white,white,white,white,white,white,white
1599,136879,"Middle Eastern or North African
White",middle eastern/north african white,middle eastern/north african white,middle eastern/north african white,middle eastern/north african white,white_MENA,white_MENA,white_MENA
1600,136879,"Middle Eastern or North African
White",middle eastern/north african white,middle eastern/north african white,middle eastern/north african white,middle eastern/north african white,white_MENA,white_MENA,white_MENA
1601,136879,"Middle Eastern or North African
White",middle eastern/north african white,middle eastern/north african white,middle eastern/north african white,middle eastern/north african white,white_MENA,white_MENA,white_MENA
1602,739741,White,white,white,white,white,white,white,white
1603,81987,White,white,white,white,white,white,white,white
1604,575544,White,white,white,white,white,white,white,white
1605,534001,Asian,asian,asian,asian,asian,asian_pacific_islander,asian,asian
1606,529658,White,white,white,white,white,white,white,white
1607,576359,Afghan,afghan,afghan,afghan,afghan,white_MENA,white_MENA,white_MENA
1608,811726,White,white,white,white,white,white,white,white
1609,308794,Asian,asian,asian,asian,asian,asian_pacific_islander,asian,asian
1610,986430,Asian,asian,asian,asian,asian,asian_pacific_islander,asian,asian
1611,515738,White,white,white,white,white,white,white,white
1612,81987,White,white,white,white,white,white,white,white
1613,948493,White,white,white,white,white,white,white,white
1614,574988,White,white,white,white,white,white,white,white
1615,204988,Asian,asian,asian,asian,asian,asian_pacific_islander,asian,asian
1616,419088,White,white,white,white,white,white,white,white
1617,625236,Middle Eastern or North African,middle eastern/north african,middle eastern/north african,middle eastern/north african,middle eastern/north african,white_MENA,white_MENA,white_MENA
1618,763483,White,white,white,white,white,white,white,white
1619,575544,White,white,white,white,white,white,white,white
1620,201094,Hispanic or Latino,hispanic/latino,hispanic/latino,hispanic,hispanic,hispanic,hispanic,hispanic
1621,968066,White,white,white,white,white,white,white,white
1622,659267,Asian,asian,asian,asian,asian,asian_pacific_islander,asian,asian
1623,38074,Asian,asian,asian,asian,asian,asian_pacific_islander,asian,asian
1624,592585,Asian,asian,asian,asian,asian,asian_pacific_islander,asian,asian
1625,424994,White,white,white,white,white,white,white,white
1626,806638,Asian,asian,asian,asian,asian,asian_pacific_islander,asian,asian
1627,545818,Hispanic or Latino,hispanic/latino,hispanic/latino,hispanic,hispanic,hispanic,hispanic,hispanic
1628,264658,White,white,white,white,white,white,white,white
1629,234850,White,white,white,white,white,white,white,white
1630,40514,Asian,asian,asian,asian,asian,asian_pacific_islander,asian,asian
1631,40514,Asian,asian,asian,asian,asian,asian_pacific_islander,asian,asian
1632,233935,White,white,white,white,white,white,white,white
1633,744130,"Black or African American
Hispanic or Latino
White",black/african american hispanic/latino white,black_african_american hispanic/latino white,black_african_american hispanic white,black_african_american hispanic white,black_african_american hispanic white,black_african_american/hispanic white,black_african_american/hispanic/white
1634,356504,Hispanic or Latino,hispanic/latino,hispanic/latino,hispanic,hispanic,hispanic,hispanic,hispanic
1635,862086,White,white,white,white,white,white,white,white
1636,645350,White,white,white,white,white,white,white,white
1637,71678,Middle Eastern or North African,middle eastern/north african,middle eastern/north african,middle eastern/north african,middle eastern/north african,white_MENA,white_MENA,white_MENA
1638,948493,White,white,white,white,white,white,white,white
1639,968627,White,white,white,white,white,white,white,white
1640,990191,"Hispanic or Latino
White",hispanic/latino white,hispanic/latino white,hispanic white,hispanic white,hispanic white,hispanic white,hispanic/white
1641,365418,White,white,white,white,white,white,white,white
1642,744130,"Black or African American
Hispanic or Latino
White",black/african american hispanic/latino white,black_african_american hispanic/latino white,black_african_american hispanic white,black_african_american hispanic white,black_african_american hispanic white,black_african_american/hispanic white,black_african_american/hispanic/white
1643,744130,"Black or African American
Hispanic or Latino
White",black/african american hispanic/latino white,black_african_american hispanic/latino white,black_african_american hispanic white,black_african_american hispanic white,black_african_american hispanic white,black_african_american/hispanic white,black_african_american/hispanic/white
1644,821782,White,white,white,white,white,white,white,white
1645,694813,Black or African American,black/african american,black_african_american,black_african_american,black_african_american,black_african_american,black_african_american,black_african_american
1646,622534,White,white,white,white,white,white,white,white
1647,238500,Hispanic or Latino,hispanic/latino,hispanic/latino,hispanic,hispanic,hispanic,hispanic,hispanic
1648,904833,Pacific Islander or Native Hawaiian,pacific islander/native hawaiian,pacific islander/native hawaiian,pacific islander/native hawaiian,pacific islander/native hawaiian,pacific islander/native hawaiian,asian,asian
1649,212349,Black or African American,black/african american,black_african_american,black_african_american,black_african_american,black_african_american,black_african_american,black_african_american
1650,426120,White,white,white,white,white,white,white,white
1651,277209,Hispanic or Latino,hispanic/latino,hispanic/latino,hispanic,hispanic,hispanic,hispanic,hispanic
1652,647056,White,white,white,white,white,white,white,white
1653,727219,White,white,white,white,white,white,white,white
1654,175182,Asian,asian,asian,asian,asian,asian_pacific_islander,asian,asian
1655,416277,White,white,white,white,white,white,white,white
1656,971308,Middle Eastern or North African,middle eastern/north african,middle eastern/north african,middle eastern/north african,middle eastern/north african,white_MENA,white_MENA,white_MENA
1657,932364,Hispanic or Latino,hispanic/latino,hispanic/latino,hispanic,hispanic,hispanic,hispanic,hispanic
1658,806638,Asian,asian,asian,asian,asian,asian_pacific_islander,asian,asian
1659,397189,White,white,white,white,white,white,white,white
1660,302963,White,white,white,white,white,white,white,white
1661,302963,White,white,white,white,white,white,white,white
1662,487596,White,white,white,white,white,white,white,white
1663,481153,White,white,white,white,white,white,white,white
1664,963312,White,white,white,white,white,white,white,white
1665,105982,White,white,white,white,white,white,white,white
1666,811726,White,white,white,white,white,white,white,white
1667,695624,White,white,white,white,white,white,white,white
1668,658519,White,white,white,white,white,white,white,white
1669,537151,White,white,white,white,white,white,white,white
1670,713341,White,white,white,white,white,white,white,white
1671,264658,White,white,white,white,white,white,white,white
1672,530839,Asian,asian,asian,asian,asian,asian_pacific_islander,asian,asian
1673,530839,Asian,asian,asian,asian,asian,asian_pacific_islander,asian,asian
1674,81987,White,white,white,white,white,white,white,white
1675,600838,White,white,white,white,white,white,white,white
1676,968627,White,white,white,white,white,white,white,white
1677,144479,White,white,white,white,white,white,white,white
1678,368862,White,white,white,white,white,white,white,white
1679,868801,White,white,white,white,white,white,white,white
1680,365418,White,white,white,white,white,white,white,white
1681,308794,Asian,asian,asian,asian,asian,asian_pacific_islander,asian,asian
1682,969842,Asian,asian,asian,asian,asian,asian_pacific_islander,asian,asian
1683,948493,White,white,white,white,white,white,white,white
1684,234850,Choose not to answer,choose not to answer,unknown,unknown,unknown,unknown,unknown,unknown
1685,234850,White,white,white,white,white,white,white,white
1686,893543,White,white,white,white,white,white,white,white
1687,220081,White,white,white,white,white,white,white,white
1688,231143,White,white,white,white,white,white,white,white
1689,487596,White,white,white,white,white,white,white,white
1690,173764,Choose not to answer,choose not to answer,unknown,unknown,unknown,unknown,unknown,unknown
1691,308794,Asian,asian,asian,asian,asian,asian_pacific_islander,asian,asian
1692,139267,White,white,white,white,white,white,white,white
1693,150824,Egyptian,egyptian,egyptian,egyptian,egyptian,white_MENA,white_MENA,white_MENA
1694,764169,White,white,white,white,white,white,white,white
1695,481153,White,white,white,white,white,white,white,white
1696,537471,White,white,white,white,white,white,white,white
1697,838218,White,white,white,white,white,white,white,white
1698,424994,White,white,white,white,white,white,white,white
1699,675187,Asian,asian,asian,asian,asian,asian_pacific_islander,asian,asian
1700,954465,White,white,white,white,white,white,white,white
1701,968627,White,white,white,white,white,white,white,white
1702,223822,Hispanic or Latino,hispanic/latino,hispanic/latino,hispanic,hispanic,hispanic,hispanic,hispanic
1703,204988,Asian,asian,asian,asian,asian,asian_pacific_islander,asian,asian
1704,575544,White,white,white,white,white,white,white,white
1705,648948,Asian,asian,asian,asian,asian,asian_pacific_islander,asian,asian
1706,639231,Asian,asian,asian,asian,asian,asian_pacific_islander,asian,asian
1707,823198,White,white,white,white,white,white,white,white
1708,889135,White,white,white,white,white,white,white,white
1709,990902,Hispanic or Latino,hispanic/latino,hispanic/latino,hispanic,hispanic,hispanic,hispanic,hispanic
1710,968627,White,white,white,white,white,white,white,white
1711,89403,White,white,white,white,white,white,white,white
1712,428237,White,white,white,white,white,white,white,white
1713,744130,"Black or African American
White",black/african american white,black_african_american white,black_african_american white,black_african_american white,black_african_american white,black_african_american/white,black_african_american/white
1714,262069,White,white,white,white,white,white,white,white
1715,365418,White,white,white,white,white,white,white,white
1716,703670,Asian,asian,asian,asian,asian,asian_pacific_islander,asian,asian
1717,630747,White,white,white,white,white,white,white,white
1718,264658,White,white,white,white,white,white,white,white
1719,968627,White,white,white,white,white,white,white,white
1720,630747,White,white,white,white,white,white,white,white
1721,93382,White,white,white,white,white,white,white,white
1722,105982,White,white,white,white,white,white,white,white
1723,744130,"Black or African American
White",black/african american white,black_african_american white,black_african_american white,black_african_american white,black_african_american white,black_african_american/white,black_african_american/white
1724,223822,"Black or African American
Hispanic or Latino",black/african american hispanic/latino,black_african_american hispanic/latino,black_african_american hispanic,black_african_american hispanic,black_african_american hispanic,black_african_american/hispanic,black_african_american/hispanic
1725,874050,Choose not to answer,choose not to answer,unknown,unknown,unknown,unknown,unknown,unknown
1726,347669,Asian,asian,asian,asian,asian,asian_pacific_islander,asian,asian
1727,658519,White,white,white,white,white,white,white,white
1728,857330,White,white,white,white,white,white,white,white
1729,200528,White,white,white,white,white,white,white,white
1730,144479,White,white,white,white,white,white,white,white
1731,586013,White,white,white,white,white,white,white,white
1732,204988,Asian,asian,asian,asian,asian,asian_pacific_islander,asian,asian
1733,680351,Middle Eastern or North African,middle eastern/north african,middle eastern/north african,middle eastern/north african,middle eastern/north african,white_MENA,white_MENA,white_MENA
1734,534958,White,white,white,white,white,white,white,white
1735,583613,Middle Eastern or North African,middle eastern/north african,middle eastern/north african,middle eastern/north african,middle eastern/north african,white_MENA,white_MENA,white_MENA
1736,575544,White,white,white,white,white,white,white,white
1737,954465,White,white,white,white,white,white,white,white
1738,218300,White,white,white,white,white,white,white,white
1739,218300,White,white,white,white,white,white,white,white
