,ID Number,Submission Date,Application Property,Source,Age,Race/Ethnicity,Disability,Current Residence,HH Size,Dependents,HH Type,HH Income,HH Assets,FTHB Class?
0,150733,2022-02-08 00:00:00.000,8 Ciderpress Way,,65,white ,,somerville,1,,,37934,,
1,439181,2022-02-08 00:00:00.000,8 Ciderpress Way,,59,hispanic,,westford ,2,,,61000,,
2,697399,2022-02-08 00:00:00.000,8 Ciderpress Way,,,black/afr am,,malden,2,,,31275,346000,
3,191565,2022-02-08 00:00:00.000,8 Ciderpress Way,,,white ,,haverhill,1,,,20299,,
4,226436,2022-02-08 00:00:00.000,8 Ciderpress Way,,60,white ,,"Nashua,NH",1,,,41000,,
5,932459,2022-02-08 00:00:00.000,8 Ciderpress Way,,,white ,,east boston,3,,,68500,,
6,170029,2021-06-15 00:00:00.000,1301 Albion Road,,35,White,,Waltham,2,,,43000,14000,
7,725305,2021-06-15 00:00:00.000,1301 Albion Road,,,White,,Woburn,1,,,50000,26000,
8,569863,2021-06-15 00:00:00.000,1301 Albion Road,,38,Black,,Woburn,3,,,68400,62000,
9,746052,2021-06-15 00:00:00.000,1301 Albion Road,,63,Asian,,Burlington,2,,,72000,12000,
10,143795,2021-06-15 00:00:00.000,1301 Albion Road,,63,Asian,,Chelmsford,2,,,40000,38000,
11,664234,2021-07-26 00:00:00.000,65 Metacomet Ave.,,,Hispanic,,Mansfield,5,,,61000,37000,
12,23563,2021-07-26 00:00:00.000,65 Metacomet Ave.,,,"White, Black",,Taunton,4,,,58000,15000,
13,749309,2021-07-26 00:00:00.000,65 Metacomet Ave.,,29,White,,Taunton,1,,,45000,24000,
14,53438,2021-08-09 00:00:00.000,"41 Boston Road, Unit 233",,28,White,,Burlington,1,,,37400,44000,
15,688944,2021-08-09 00:00:00.000,"41 Boston Road, Unit 233",,26,White,,Woburn,1,,,53000,38000,
16,170029,2021-08-09 00:00:00.000,"41 Boston Road, Unit 233",,35,White,,Waltham,2,,,43000,14000,
17,474472,2021-08-09 00:00:00.000,"41 Boston Road, Unit 233",,28,White,,Beverly,1,,,46500,24000,
18,943977,2021-08-09 00:00:00.000,"41 Boston Road, Unit 233",,,White,,Billerica,1,,,51000,5000,
19,746052,2021-08-09 00:00:00.000,"41 Boston Road, Unit 233",,63,Asian,,Burlington,2,,,61000,12300,
20,128034,2021-08-09 00:00:00.000,"41 Boston Road, Unit 233",,,White,,Woburn,2,,,62500,22000,
21,632579,2021-08-09 00:00:00.000,"41 Boston Road, Unit 233",,67,Black,,Lawrence,1,,,49000,27000,
22,244846,2021-08-09 00:00:00.000,"41 Boston Road, Unit 233",,28,White,,Woburn,1,,,42500,42000,
23,915281,2021-08-09 00:00:00.000,"41 Boston Road, Unit 233",,,White,,Reading,2,,,38000,5000,
24,853663,2021-08-09 00:00:00.000,"41 Boston Road, Unit 233",,29,Asian,,Reading,1,,,53500,73000,
25,194478,2021-08-09 00:00:00.000,"41 Boston Road, Unit 233",,68,Asian,,Tyngsboro,3,,,38400,29000,
26,728903,2021-08-09 00:00:00.000,"41 Boston Road, Unit 233",,,Hispanic,,Bedford,3,,,52000,15500,
27,155867,2021-08-09 00:00:00.000,"41 Boston Road, Unit 233",,26,White,,Bedford,1,,,49313,48000,
28,328954,2021-08-09 00:00:00.000,"41 Boston Road, Unit 233",,30,White,,Billerica,1,,,54000,67000,
29,158422,2021-08-09 00:00:00.000,"41 Boston Road, Unit 233",,44,Asian,,Lawrence,1,,,47000,70000,
30,842812,2021-10-26 00:00:00.000,"6 Safford Street, 3",,40,White,,Ipswich,3,1.0,,76000,75000,
31,635457,2021-10-26 00:00:00.000,"6 Safford Street, 3",,,White,,Ipswich,1,,,53000,45000,
32,713078,2021-10-26 00:00:00.000,"6 Safford Street, 3",,52,White,,Ipswich,2,,,70000,21000,
33,200811,2021-11-16 00:00:00.000,30 Ciderpress Way,,59,White,,Middleboro,1,,,49000,76000,
34,254275,2021-11-16 00:00:00.000,30 Ciderpress Way,,62,White,,Stoneham,1,,,52000,37000,
35,21490,2021-11-16 00:00:00.000,30 Ciderpress Way,,64,White,,Somerville,1,,,38000,85000,
36,191565,2021-11-16 00:00:00.000,30 Ciderpress Way,,,White,,Haverhill,1,,,33000,275000,
37,439181,2021-11-16 00:00:00.000,30 Ciderpress Way,,59,Hispanic,,Saugus,1,,,48000,10000,
38,420784,2021-11-16 00:00:00.000,30 Ciderpress Way,,,White ,,Saugus ,1,,,52000,325611,
39,337927,2021-11-16 00:00:00.000,30 Ciderpress Way,,55,Asian,,North Andover,2,,,43000,127000,
40,697399,2021-11-16 00:00:00.000,30 Ciderpress Way,,77,Black/Af Am,,Malden,2,,,45000,26000,
41,784278,2021-11-16 00:00:00.000,30 Ciderpress Way,,56,Asian,,Dracut,2,,,44000,250000,
42,632579,2021-11-16 00:00:00.000,30 Ciderpress Way,,67,Black/Af Am,,Lawrence,2,,,47200,,
43,583256,2021-11-16 00:00:00.000,30 Ciderpress Way,,57,White,,Dracut,1,,,22000,190000,
44,202403,2021-11-16 00:00:00.000,30 Ciderpress Way,,,Asian,,Andover,2,,,11000,197000,
45,226436,2021-11-16 00:00:00.000,30 Ciderpress Way,,55,White,,"Nashua, NH",1,,,40300,142000,
46,889368,2021-11-16 00:00:00.000,30 Ciderpress Way,,73,White,,"Cape Coral, FL",1,,,47000,235000,
47,98038,2021-11-16 00:00:00.000,30 Ciderpress Way,,56,White,,Topsfield,1,,,39000,102000,
48,964251,2021-11-16 00:00:00.000,30 Ciderpress Way,,69,White,,"Chester, NH",1,,,51000,270000,
49,863169,2021-12-20 00:00:00.000,1305 basswood circle,,35,white ,,"North Reading, MA",1,,,37814,8964,
50,759531,2021-12-20 00:00:00.000,1305 basswood circle,,35,white ,,Andover,3,,,62500,47000,
51,879963,2021-12-20 00:00:00.000,1305 basswood circle,,40,white-north african,,Revere,4,,,49763,17000,
52,478626,2022-02-22 00:00:00.000,"4 Kingson Lane, Unit 5",CHAPA - Zillow,42,White,,Bellingham,3,,,74000,23000,
53,531092,2022-02-22 00:00:00.000,"4 Kingson Lane, Unit 5",CHAPA - Zillow,65,White,Disabled,N. Attleboro,2,,,30780,29000,
54,998585,2022-02-22 00:00:00.000,"4 Kingson Lane, Unit 5",CHAPA's list,53,White,Disabled,Plainville,1,,,40000,61000,
55,127628,2022-02-22 00:00:00.000,"4 Kingson Lane, Unit 5",Medway mailing list,39,Native American,,Medway,3,,,72000,69000,
56,355976,2022-02-22 00:00:00.000,"4 Kingson Lane, Unit 5",email list ,36,Hispanic,,Medway,3,,,83000,25000,
57,375108,2022-02-22 00:00:00.000,"4 Kingson Lane, Unit 5",CHAPA - Zillow,71,White,,Uxbridge,2,,,70000,68000,
58,260388,2022-02-22 00:00:00.000,"4 Kingson Lane, Unit 5",Medway Housing Authority - CHAPA,41,White,,Medway,2,,,57000,20000,
59,215974,2022-02-22 00:00:00.000,"4 Kingson Lane, Unit 5",Medway mailing list,26,White,,Franklin,1,,,56000,13000,
60,791655,2022-02-22 00:00:00.000,"4 Kingson Lane, Unit 5",CHAPA - Zillow,56,White,,Ashland,1,,,35000,20000,
61,309108,2022-03-01 00:00:00.000,"19 Broad Street, Unit 202",CHAPA,40,White,,Newburyport,2,,,53000,31000,
62,330799,2022-03-22 00:00:00.000,"41 Boston Road, Unit 474",CHAPA facebook,50,Asian,,Billerica,2,,,45000,20000,
63,304300,2022-03-22 00:00:00.000,"41 Boston Road, Unit 474",website,43,Asian,,Dracut,3,,,45000,50000,
64,488703,2022-03-22 00:00:00.000,"41 Boston Road, Unit 474",CHAPA website,30,white,,Billerica,1,,,50000,30000,
65,176324,2022-03-22 00:00:00.000,"501 Commerce Drive, Unit 2-201",website,53,White,,Watertown,2,,,55000,57000,
66,313363,2022-03-22 00:00:00.000,"501 Commerce Drive, Unit 2-201",,38,Asian,,Dorchester,2,,,65000,33000,
67,889367,2022-04-12 00:00:00.000,"2 Harvest Drive, Unit 104",Zillow,,White,,Peabody,1,,,40000,10000,
68,675635,2022-04-12 00:00:00.000,"2 Harvest Drive, Unit 104",MassAccess,56,White,,Salem,1,,,51000,10000,
69,559246,2022-04-12 00:00:00.000,"2 Harvest Drive, Unit 104",Andover Library,,White,,Andover,1,,,40000,40000,
70,746052,2022-04-12 00:00:00.000,"2 Harvest Drive, Unit 104",,,Asian,,Burlignton,2,,,61000,41000,
71,969361,2022-04-12 00:00:00.000,"2 Harvest Drive, Unit 104",ready buyer list,,Asian,,Derrym NH,1,,,55000,71000,
72,633243,2022-04-12 00:00:00.000,"2 Harvest Drive, Unit 104",CHAPA email,,white,,North Andover,1,,,45000,5000,
73,45679,2022-04-12 00:00:00.000,"2 Harvest Drive, Unit 104",MassAccess,32,White,,Woburn,1,,,44000,29000,
74,429653,2022-04-19 00:00:00.000,"47 Turtle Brook Road, Unit 28-2",,56,South Asian Pakistai,,Stoughton,2,,,35000,,
75,162357,2022-04-19 00:00:00.000,"47 Turtle Brook Road, Unit 28-2",Canton Housing Authority ,27,Black,,Canton,2,,,72000,24000,
76,996669,2022-04-19 00:00:00.000,"47 Turtle Brook Road, Unit 28-2",,48,Unknown,,Hyde Park,2,,,67000,30000,
77,757499,2022-04-19 00:00:00.000,"47 Turtle Brook Road, Unit 28-2",,39,Black,,Canton,2,,,53000,13000,
78,798539,2022-04-19 00:00:00.000,"47 Turtle Brook Road, Unit 28-2",zillow,31,White,,North Attleboro,2,,,78000,15000,
79,906708,2022-04-19 00:00:00.000,"47 Turtle Brook Road, Unit 28-2",zillow,27,white,,Quincy,1,,,50000,30000,
80,34855,2022-04-19 00:00:00.000,"47 Turtle Brook Road, Unit 28-2",Urban Edge,53,Hispanic,,Hyde Park,3,,,90000,21000,
81,547336,2022-05-10 00:00:00.000,"3 Harvest Drive, Unit 105",MassAccess,73,White,,Litchfield,2,,,47000,32000,
82,284814,2022-05-10 00:00:00.000,"3 Harvest Drive, Unit 105",MassAccess,28,White,,Reading,1,,,61500,7000,
83,497651,2022-05-10 00:00:00.000,"3 Harvest Drive, Unit 105",MetroList,56,White,,Somerville,1,,,33000,7000,
84,559246,2022-05-10 00:00:00.000,"3 Harvest Drive, Unit 105",Andover Library/CHAPA Email List,76,White,,Andover,1,,,40000,40000,
85,633243,2022-05-10 00:00:00.000,"3 Harvest Drive, Unit 105",CHAPA email,,white,,North Andover,1,,,51000,10000,
86,975195,2022-05-10 00:00:00.000,"3 Harvest Drive, Unit 105",zillow,64,White,,Woburn,1,,,62000,28000,
87,351263,2022-05-10 00:00:00.000,"7 Crescent Way, Unit 309",ready buyer list,82,White,,Westminster,1,,,46000,250000,
88,793914,2022-05-24 00:00:00.000,3 Junction Lane,MassAccess,37,Hispanic,,Everett,4,,,110000,9500,
89,402373,2022-05-24 00:00:00.000,3 Junction Lane,Zillow,31,White,,Peabody,1,,,58000,23000,
90,775391,2022-05-24 00:00:00.000,3 Junction Lane,Zillow,u/a,Black/White,,Beverly,5,,,83000,54000,
91,168623,2022-05-24 00:00:00.000,3 Junction Lane,Zillow,42,White,,Beverly,4,,,92082,75000,
92,956410,2022-05-24 00:00:00.000,3 Junction Lane,,69,,,Beverly,1,,,73937,24000,
93,286828,2022-05-24 00:00:00.000,3 Junction Lane,Zillow,43,Hispanic/White,,Beverly,3,,,75485,30000,
94,232606,2022-05-24 00:00:00.000,3 Junction Lane,MassAccess,22,Black,,Lowell,2,,,70000,65000,
95,975195,2022-05-24 00:00:00.000,"4 Harvest Drive, Unit 212",zillow,64,White,,Woburn,1,,,62000,28000,
96,45679,2022-05-24 00:00:00.000,"4 Harvest Drive, Unit 212",CHAPA email,32,White,,Woburn,1,,,42000,30000,
97,633243,2022-05-24 00:00:00.000,"4 Harvest Drive, Unit 212",CHAPA email,,white,,North Andover,1,,,51000,10000,
98,363016,2022-05-24 00:00:00.000,"4 Harvest Drive, Unit 212",MassAccess,77,White,,Hopewell,1,,,22000,30000,
99,559246,2022-05-24 00:00:00.000,"4 Harvest Drive, Unit 212",Andover Library/CHAPA Email List,76,White,,Andover,1,,,40000,40000,
100,345125,2022-05-24 00:00:00.000,"4 Harvest Drive, Unit 212",,56,Asian,,Haverhill,1,,,54000,14000,
101,20110,2022-06-16 00:00:00.000,33 Intrepid Circle ,,,Other,,Marblehead,2,,,62000,26000,
102,769986,2022-06-16 00:00:00.000,33 Intrepid Circle ,Metrolist,45,White,,Boston,4,,,46000,60000,
103,916557,2022-06-16 00:00:00.000,33 Intrepid Circle ,Friend,42,White,,Marblehead,3,,,90000,8000,
104,631412,2022-06-16 00:00:00.000,33 Intrepid Circle ,,44,Asian,,Melrose,4,,,90000,40000,
105,599285,2022-06-16 00:00:00.000,33 Intrepid Circle ,,42,White,,Beverly,4,,,91000,29000,
106,170000,2022-06-16 00:00:00.000,33 Intrepid Circle ,MassAccess,27,White,,Swampscott,1,,,78000,65000,
107,191565,2022-07-12 00:00:00.000,"1 Ashley Lane, Unit 50",Facebook,,White,,N. Andover,1,,,51000,255000,
108,107571,2022-07-12 00:00:00.000,"1 Ashley Lane, Unit 50",MassAccess,57,Asian,,Lowell,2,,,60000,71000,
109,926545,2022-07-12 00:00:00.000,"1 Ashley Lane, Unit 50",CHAPA Website,61,,,Wilmington,1,,,47000,162000,
110,899093,2022-07-12 00:00:00.000,"1 Ashley Lane, Unit 50",CHAPA Website,74,White,,Andover,1,,,33000,207500,
111,983151,2022-07-12 00:00:00.000,"1 Ashley Lane, Unit 50",,,White,,Stow,1,,," $  20,000 "," $        10,000 ",
112,978205,2022-08-09 00:00:00.000,"81 Salem Rd, Unit 73",MassAccess,43,Asian,,Arlignton,3,,,66000,47000,
113,723376,2022-08-09 00:00:00.000,"81 Salem Rd, Unit 73",MLS,33,White,,Billerica,3,,,58000,36000,
114,237388,2022-08-09 00:00:00.000,"81 Salem Rd, Unit 73",Redfin,32,Asian,,"Nashua, NH",3,,,74000,35000,
115,955907,2022-08-09 00:00:00.000,"81 Salem Rd, Unit 73",MassAccess,33,White,,Tewksbury,1,,,58000,75000,
116,231028,2022-08-09 00:00:00.000,"81 Salem Rd, Unit 73",MassAccess,24,Asian,,Quincy,1,,,51000,69000,
117,813513,2022-08-09 00:00:00.000,"81 Salem Rd, Unit 73",CHAPA Ready buyer list,52,white,,N. Billerica,3,,,57076,64000,
118,214527,2022-08-09 00:00:00.000,"81 Salem Rd, Unit 73",Realtor,36,Black,,Billerica,4,,,89000,10000,
119,764740,2022-11-01 00:00:00.000,3 Dickens Lane,MyMassHome,62,Asian,,Wakefield,2,0.0,,40000,136000,
120,647185,2022-11-01 00:00:00.000,3 Dickens Lane,CHAPA Facebook,56,White,,Revere,2,1.0,,67636,271457,
121,154157,2022-11-01 00:00:00.000,3 Dickens Lane,CHAPA Facebook,66,,,Malden,1,0.0,,24000,260000,
122,983151,2022-11-01 00:00:00.000,3 Dickens Lane,,64,White,,Stow,1,0.0,,19044,250000,
123,744816,2022-11-01 00:00:00.000,3 Dickens Lane,MyMassHome,,Asian,,Lowell,4,1.0,,81497,60000,
124,820907,2022-11-01 00:00:00.000,3 Dickens Lane,Family,58,Asian,,Lowell,3,1.0,,78144,43000,
125,184600,2022-12-06 00:00:00.000,"42 Turtle Brook Rd, Unit 8-2",MLS,43,Hispanic,,Roslindale,3,2.0,,95000,20000,
126,894311,2022-12-06 00:00:00.000,"42 Turtle Brook Rd, Unit 8-2",,,White,,Weymouth,4,2.0,,90000,11000,
127,515852,2022-12-06 00:00:00.000,"42 Turtle Brook Rd, Unit 8-2",MLS,,White,,,2,1.0,,74904,45000,
128,384903,2022-12-06 00:00:00.000,"42 Turtle Brook Rd, Unit 8-2",MetroList,27,White,,Medford,1,0.0,,78000,44000,
129,55732,2022-12-06 00:00:00.000,"42 Turtle Brook Rd, Unit 8-2",Realtor.com,26,White,,Foxboro,1,0.0,,73000,61000,
130,926302,2022-12-06 00:00:00.000,"42 Turtle Brook Rd, Unit 8-2",zillow,,Black,,Brockton,3,1.0,,77000,,
131,718474,2022-12-06 00:00:00.000,"42 Turtle Brook Rd, Unit 8-2",zillow,43,White,,West Roxbury,3,1.0,,91000,40000,
132,706337,2022-12-06 00:00:00.000,"42 Turtle Brook Rd, Unit 8-2",Realtor,36,Black,,Norwood,1,0.0,,77600,17000,
133,231028,2022-12-06 00:00:00.000,"42 Turtle Brook Rd, Unit 8-2",MetroList,24,Asian,,Quincy,1,0.0,,73000,55000,
134,261650,2022-12-06 00:00:00.000,"42 Turtle Brook Rd, Unit 8-2",zillow,35,White,,Dedham,3,1.0,,90000,23000,
135,49587,2022-12-06 00:00:00.000,"42 Turtle Brook Rd, Unit 8-2",redfin,25,White,,Worcester,1,0.0,,65000,72000,
136,684980,2022-12-06 00:00:00.000,"42 Turtle Brook Rd, Unit 8-2",Friend,27,Asian,,Quincy,1,0.0,,65600,56000,
137,895035,2022-12-06 00:00:00.000,"42 Turtle Brook Rd, Unit 8-2",Ruth,44,White,,Brookline,2,0.0,,69000,38043,
138,380933,2022-12-06 00:00:00.000,"42 Turtle Brook Rd, Unit 8-2",CHAPA,40,Black,,Quincy,2,1.0,,69000,43000,
139,660814,2022-12-06 00:00:00.000,"42 Turtle Brook Rd, Unit 8-2",,35,Black,,Canton,2,1.0,,42000,37000,
140,657359,2022-12-06 00:00:00.000,"42 Turtle Brook Rd, Unit 8-2",Realtor,43,white/hispanic,,Taunton,2,0.0,,85000,8000,
141,247829,2022-12-06 00:00:00.000,"42 Turtle Brook Rd, Unit 8-2",MyMassHome,25,Black,,Hyde Park,1,0.0,,68000,41000,
142,883554,2022-12-06 00:00:00.000,"42 Turtle Brook Rd, Unit 8-2",Realtor,27,Hispanic,,Dedham,1,0.0,,51000,58000,
143,407402,2022-12-06 00:00:00.000,"42 Turtle Brook Rd, Unit 8-2",MLS,53,Black,,Canton,2,1.0,,89700,58000,
144,707324,2022-12-06 00:00:00.000,"42 Turtle Brook Rd, Unit 8-2",MetroList,27,Asian,,Randolph,1,0.0,,70000,72000,
145,702377,2022-12-06 00:00:00.000,"42 Turtle Brook Rd, Unit 8-2",MetroList,38,Black,,Braintree,3,2.0,,86000,21000,
146,789285,2022-12-06 00:00:00.000,"42 Turtle Brook Rd, Unit 8-2",MyMassHome,38,Asian,,Quincy,1,0.0,,67000,41600,
147,846234,2022-12-06 00:00:00.000,"42 Turtle Brook Rd, Unit 8-2",MyMassHome,,Asian,,Boston,1,0.0,,77000,48000,
148,647616,2022-12-06 00:00:00.000,"42 Turtle Brook Rd, Unit 8-2",Metrolist,,Black,,Brockton,2,1.0,,76000,41000,
149,159142,2022-12-06 00:00:00.000,"42 Turtle Brook Rd, Unit 8-2",MyMassHome,,White,,Quincy,1,0.0,,76000,14000,
150,627348,2022-12-06 00:00:00.000,"42 Turtle Brook Rd, Unit 8-2",canton paper,,White,,Canton,1,0.0,,49000,10000,
151,209824,2022-12-06 00:00:00.000,"42 Turtle Brook Rd, Unit 8-2",Realtor,,White,,Pembroke,1,0.0,,60000,73000,
152,659911,2022-12-06 00:00:00.000,"42 Turtle Brook Rd, Unit 8-2",zillow,24,Black,,Boston,1,0.0,,63000,10000,
153,192059,2022-12-06 00:00:00.000,"42 Turtle Brook Rd, Unit 8-2",Realtor,41,Black,,Hyde Park,3,1.0,,76000,19000,
154,254841,2022-12-06 00:00:00.000,"42 Turtle Brook Rd, Unit 8-2",MLS,,Black,,Brockton,2,0.0,,65000,33000,
155,458786,2022-12-06 00:00:00.000,"42 Turtle Brook Rd, Unit 8-2",Realtor,,Asian,,Boston,1,0.0,,64000,21000,
156,682431,2022-12-06 00:00:00.000,"42 Turtle Brook Rd, Unit 8-2",CHAPA,,,,Boston,4,2.0,,65000,38000,
157,206137,2022-12-06 00:00:00.000,"180 Chickering Road, Unit 307C ",Friend,50,Asian,,Lowell,1,0.0,,61000,18000,
158,76111,2022-12-06 00:00:00.000,"180 Chickering Road, Unit 307C ",MyMassHome,41,Hispanic,,Salem,2,1.0,,53000,7500,
159,857693,2022-12-06 00:00:00.000,"180 Chickering Road, Unit 307C ",Agent,66,White,,Andover,2,0.0,,22000,40000,
160,869542,2022-12-06 00:00:00.000,"180 Chickering Road, Unit 307C ",CHAPA,49,Asian,,Lowell,2,1.0,,66000,66000,
161,659729,2022-12-06 00:00:00.000,"180 Chickering Road, Unit 307C ",CHAPA Facebook,29,white,,Methuen,1,0.0,,50116,25000,
162,420989,2022-12-06 00:00:00.000,"180 Chickering Road, Unit 307C ",MyMassHome,34,White,,Andover,1,0.0,,39000,8400,
163,856467,2022-12-06 00:00:00.000,"180 Chickering Road, Unit 307C ",CHAPA Facebook,28,White,,Haverhill,1,0.0,,62200,34000,
164,768700,2022-12-06 00:00:00.000,"180 Chickering Road, Unit 307C ",MyMassHome,54,White,,Revere,1,0.0,,48000,75000,
165,826755,2022-12-06 00:00:00.000,"180 Chickering Road, Unit 307C ",MyMassHome,28,Hispanic,,Haverhill,2,1.0,,38000,2000,
166,969361,2022-12-06 00:00:00.000,"180 Chickering Road, Unit 307C ",CHAPA,29,Asian,,NH,1,0.0,,60000,52000,
167,924657,2022-12-06 00:00:00.000,"180 Chickering Road, Unit 307C ",,29,Hispanic,,Salem,1,0.0,,43000,18000,
168,442327,2022-12-06 00:00:00.000,"180 Chickering Road, Unit 307C ",CHAPA,44,White,,Acton,2,0.0,,52000,11000,
169,691590,2022-12-06 00:00:00.000,63 Central St. Unit 109,CHAPA,66,White,,Malden,1,0.0,,24000,273000,
170,684011,2022-12-06 00:00:00.000,63 Central St. Unit 109,,62,white,,Melrose,1,0.0,,56000,236000,
171,159142,2022-12-20 00:00:00.000,"1 Rocky Point, Carlisle",CHAPA,,White,,Quincy,1,0.0,,76000,14000,
172,523471,2022-12-20 00:00:00.000,"1 Rocky Point, Carlisle",MyMassHome,26,White,,Brighton,1,0.0,,74635,10000,
173,895035,2022-12-20 00:00:00.000,"1 Rocky Point, Carlisle",Ruth,44,White,,Brookline,2,0.0,,69000,38043,
174,323129,2022-12-20 00:00:00.000,"1 Rocky Point, Carlisle",MyMassHome,,White,,Boston,1,0.0,,55000,13000,
175,145057,2022-12-20 00:00:00.000,"1 Rocky Point, Carlisle",MyMassHome,,White,,Sudbury,4,3.0,,106487,43000,
176,718474,2022-12-20 00:00:00.000,"1 Rocky Point, Carlisle",CHAPA,43,White,,West Roxbury,3,1.0,,91000,40000,
177,384903,2022-12-20 00:00:00.000,"1 Rocky Point, Carlisle",,27,White,,Medford,1,0.0,,78000,43000,
178,187176,2022-12-20 00:00:00.000,"1 Rocky Point, Carlisle",Facebook,41,Black,,Lynn,5,3.0,,53000,63000,
179,768700,2022-12-20 00:00:00.000,"1 Rocky Point, Carlisle",MyMassHome,56,White,,Revere,1,0.0,,51000,75000,
180,224995,2022-12-20 00:00:00.000,"1 Rocky Point, Carlisle",MyMassHome,34,Asian,,Andover,3,2.0,,85000,15000,
181,608782,2022-12-20 00:00:00.000,"1 Rocky Point, Carlisle",CHAPA email list,,Hispanic,,Wayland,2,1.0,,48000,73000,
182,761123,2022-12-20 00:00:00.000,"1 Rocky Point, Carlisle",MyMassHome,33,White,,Tyngsboro,1,0.0,,75000,68000,
183,214527,2022-12-20 00:00:00.000,"1 Rocky Point, Carlisle",CHAPA email list,36,Black,,Billerica,2,1.0,,90000,9000,
184,302069,2023-01-31 00:00:00.000,28 Groveland Commons Way,family and Mass Ho,,white ,no,"Hampstead, NH",4,2.0,,42972,11059,
185,290011,2023-01-31 00:00:00.000,28 Groveland Commons Way,former resident @ Groveland Comns,,native amer/alaskan,no,"Lowell,MA",1,0.0,,60050,11874,
186,187176,2023-01-31 00:00:00.000,28 Groveland Commons Way,website,,african/amer,no,Lynn,5,3.0,,53210,53500,
187,341435,2023-01-31 00:00:00.000,28 Groveland Commons Way,,,,,,4,2.0,,,,
188,767759,2023-01-31 00:00:00.000,28 Groveland Commons Way,mass.gov,,white,no,Tewskbury,1,0.0,,47957,9760,
189,11520,2023-01-31 00:00:00.000,28 Groveland Commons Way,mass housing website,,white,,Salisbury,1,0.0,,43000,46701,
190,899061,2023-01-31 00:00:00.000,28 Groveland Commons Way,social media ,,white,no,groveland ,2,0.0,,50617,,
191,735339,2023-01-31 00:00:00.000,28 Groveland Commons Way,mother,,hispanic/latino,no,methuen,1,0.0,,58000,9323,
192,76111,2023-01-31 00:00:00.000,28 Groveland Commons Way,boston.gov,,hispanic/latino,,Salem,2,1.0,,53000,3900,
193,680453,2023-01-31 00:00:00.000,28 Groveland Commons Way,,,,,Haverhill,3,2.0,,58291,,
194,921930,2023-02-22 00:00:00.000,6 Dino Way Unit 50,CHAPA Website,,white ,,Milford ,1,0.0,,57534,28539,
195,783744,2023-02-22 00:00:00.000,6 Dino Way Unit 50,my mass home,,white ,,Holliston,3,2.0,,58120,19097,
196,957183,2023-02-22 00:00:00.000,6 Dino Way Unit 50,online?,,white ,,Medway,2,0.0,,66000,0,
197,727770,2023-02-22 00:00:00.000,6 Dino Way Unit 50,internet,,did not list,,natick,2,0.0,,48000,55000,
198,187176,2023-02-22 00:00:00.000,6 Dino Way Unit 50,website,,,,Lynn,5,3.0,,53210,57922,
199,172262,2023-03-14 00:00:00.000,55 Meeshawn Ave,,,white,,Milton,4,3.0,,46000,9000,
200,709444,2023-03-14 00:00:00.000,55 Meeshawn Ave,MyMassHome,,hispanic,,Taunton,4,1.0,,83000,23000,
201,502046,2023-03-14 00:00:00.000,55 Meeshawn Ave,mass.gov,,white,,Taunton,2,1.0,,71000,14000,
202,812232,2023-04-04 00:00:00.000,11-B Trail Ridge,Bryna Community service network,61,white ,,Tewksbury,2,0.0,,38600,188000,
203,187176,2023-04-04 00:00:00.000,11-B Trail Ridge,CHAPA,62,black/afr amer,,lynn,5,3.0,,53210,56191,
204,226436,2023-04-04 00:00:00.000,11-B Trail Ridge,website  ???,62,white ,,amherst,1,0.0,,43200,107225,
205,357502,2023-04-04 00:00:00.000,402 Yellow Birch Lane,MyMassHome,,Hispanic,,Reading,1,1.0,,76000,102300,
206,990527,2023-04-11 00:00:00.000,2 Hastings Circle,,65,white ,,stow,1,0.0,,20700,245000,
207,117950,2023-04-11 00:00:00.000,2 Hastings Circle,online,62,hispanic,,Boston,1,0.0,,60688,105000,
208,902647,2023-04-19 00:00:00.000,211 East St. Unit 9,,25,white ,,easthampton,1,0.0,,45000,73800,
209,657180,2023-04-19 00:00:00.000,211 East St. Unit 9,,,white ,,Peabody,4,2.0,,52500,2700,
210,280146,2023-05-23 00:00:00.000,"15 Goldenwood Drive, Unit 35",friend,,white ,,Norton,4,3.0,,39520,13600,
211,60255,2023-05-23 00:00:00.000,"15 Goldenwood Drive, Unit 35",mymasshome,33,white ,,raynham,1,0.0,,54000,15000,
212,182001,2023-05-23 00:00:00.000,"15 Goldenwood Drive, Unit 35",mymasshome,,white ,,Taunton,2,1.0,,50680,,
213,144137,2023-05-23 00:00:00.000,"15 Goldenwood Drive, Unit 35",CHAPA,,white ,,Taunton,2,1.0,,43000,,
214,187176,2023-05-23 00:00:00.000,"15 Goldenwood Drive, Unit 35",mymasshome,,afr amer,,Lynn,5,3.0,,70298,52000,
215,54346,2023-05-23 00:00:00.000,"15 Goldenwood Drive, Unit 35",mymasshome,,white ,,norwood,2,1.0,,65400,41000,
216,962345,2023-05-23 00:00:00.000,"15 Goldenwood Drive, Unit 35",facebook,,white ,,somerset,1,0.0,,52000,20952,
217,577737,2023-05-23 00:00:00.000,"15 Goldenwood Drive, Unit 35",no response ,,cape vrd blck,,Brockton,5,2.0,,82000,20328,
218,662660,2023-05-23 00:00:00.000,"15 Goldenwood Drive, Unit 35",online,,hispanic ,,bridgewater,3,1.0,,71000,30000,
219,254841,2023-05-23 00:00:00.000,"15 Goldenwood Drive, Unit 35",mymasshome,,black,,Brockton,2,0.0,,57867,40000,
220,323129,2023-05-31 00:00:00.000,"16B Longview Circle, Unit 68",Masshousing,27,white,,Boston,1,0.0,,57000,32000,
221,761123,2023-05-31 00:00:00.000,"16B Longview Circle, Unit 68",mymasshome,34,white,,Tyngsboro,1,0.0,,71500,61200,
222,187176,2023-05-31 00:00:00.000,"16B Longview Circle, Unit 68",mymasshome,,african amer,,Lynn,5,3.0,,70298,52122,
223,551861,2023-05-31 00:00:00.000,"16B Longview Circle, Unit 68",,53,african amer,,Haverhill,0,0.0,,78249.6,66000,
224,802628,2023-06-27 00:00:00.000,"2 Harvest Drive, Unit 110",Realtor MLS,27,white ,,Wilmington,1,0.0,,60000,25400,
225,819698,2023-06-27 00:00:00.000,"2 Harvest Drive, Unit 110",online/Town of No. Andvr,42,white ,,Boxford,1,0.0,,62000,9201,
226,336274,2023-06-27 00:00:00.000,"2 Harvest Drive, Unit 110",ZIllow,,white ,,Stoneham,1,0.0,,64000,55707,
227,469149,2023-06-27 00:00:00.000,"2 Harvest Drive, Unit 110",MLS/Realtor,34,white ,,Arlington,1,0.0,,60000,59000,
228,442638,2023-06-27 00:00:00.000,"2 Harvest Drive, Unit 110",Realtor MLS,24,white ,,"Kensington, NH",1,0.0,,55000,41000,
229,966147,2023-06-27 00:00:00.000,"2 Harvest Drive, Unit 110",Zillow,22,hispanic,,Tewksbury,1,0.0,,54000,59300,
230,420446,2023-06-27 00:00:00.000,"2 Harvest Drive, Unit 110",my mass home,25,white ,,Townsend,1,0.0,,53000,72816,
231,546457,2023-06-27 00:00:00.000,"2 Harvest Drive, Unit 110",Zillow,27,white ,,Byfield,1,0.0,,55000,43700,
232,527189,2023-06-27 00:00:00.000,"2 Harvest Drive, Unit 110",Zillow,29,white ,,Beverly,1,0.0,,50000,49585,
233,551069,2023-06-27 00:00:00.000,"2 Harvest Drive, Unit 110",Zillow,40,hispanic,,Boston,1,0.0,,57000,10000,
234,953401,2023-06-27 00:00:00.000,"2 Harvest Drive, Unit 110","""online research""",30,white ,,"Plaistow, NH",1,0.0,,63000,48000,
235,224807,2023-06-27 00:00:00.000,"2 Harvest Drive, Unit 110",MLS ,,hispanic,,Lawrence,1,0.0,,44700,18737,
236,65394,2023-06-27 00:00:00.000,"2 Harvest Drive, Unit 110",homes.com,24,white ,,Lawrence,1,0.0,,48000,27195,
237,48541,2023-06-27 00:00:00.000,"2 Harvest Drive, Unit 110",,28,wihite,,Georgetown,1,0.0,,65000,43600,
238,607258,2023-06-27 00:00:00.000,"2 Harvest Drive, Unit 110",MLS,,hispanic,,Lawrence,1,0.0,,65000,1400,
239,363639,2023-06-27 00:00:00.000,"2 Harvest Drive, Unit 110",RE Agent,,white ,,Middleton,1,0.0,,61102,32000,
240,643181,2023-06-27 00:00:00.000,"2 Harvest Drive, Unit 110",RE Agent,27,hispanic,,Lynn,1,0.0,,61000,7521,
241,982752,2023-06-27 00:00:00.000,"2 Harvest Drive, Unit 110",,28,,,amesbury,1,0.0,,60390,72600,
242,649824,2023-07-25 00:00:00.000,"6 Woodman Way, Unit 317A",friend ,30,White,,Newburyport,1,0.0,,74000,47800,
243,413697,2023-07-25 00:00:00.000,"6 Woodman Way, Unit 317A",CHAPA email ?,62,white,,Haverhill,1,0.0,,80000,30714,
244,706304,2023-07-25 00:00:00.000,"6 Woodman Way, Unit 317A",,36,hispanic,,Salisbury,1,0.0,,58442,60300,
245,795769,2023-07-25 00:00:00.000,"6 Woodman Way, Unit 317A",through website?,30,white,,"Nashua, NH",1,0.0,,69721,35000,
246,916126,2023-07-25 00:00:00.000,"6 Woodman Way, Unit 317A",mymasshome,28,white ,,Amesbury,1,0.0,,60300,70700,
247,813816,2023-08-01 00:00:00.000,1 Millbrook Lane ,bos.gov,,african amer,no,revere,2,0.0,,88000,62900,
248,856662,2023-08-01 00:00:00.000,1 Millbrook Lane ,metro list,27,white,no,saugus,1,0.0,,49000,10895,
249,795769,2023-08-01 00:00:00.000,1 Millbrook Lane ,boston affordable Housing,30,white,no,"Nashua, NH",1,0.0,,69500,34500,
250,898481,2023-08-01 00:00:00.000,1 Millbrook Lane ,masshousing,53,white,no,beverly,2,1.0,,85000,42000,
251,473296,2023-08-01 00:00:00.000,1 Millbrook Lane ,mass homes,,white,no,saugus,1,0.0,,76668,70338,
252,5837,2023-08-01 00:00:00.000,1 Millbrook Lane ,mymasshome ,41,white,no,saugus,1,0.0,,47236,74800,
253,981295,2023-08-01 00:00:00.000,1 Millbrook Lane ,mymasshome ,33,,no,east boston,1,0.0,,70000,23000,
254,367717,2023-08-01 00:00:00.000,1 Millbrook Lane ,chapa website ,,white,no,stoneham,1,0.0,,64000,68000,
255,846179,2023-08-01 00:00:00.000,1 Millbrook Lane ,boston.gov ,32,asian ,no,malden,1,0.0,,82000,74000,
256,364074,2023-08-01 00:00:00.000,1 Millbrook Lane ,mymasshome ,,white ,no,malden,2,1.0,,84000,70699,
257,122102,2023-08-15 00:00:00.000,129 Cortland Drive Unit 12,CHAPA,61,north african,,Andover ,2,0.0,,66950,11500,
258,647185,2023-08-15 00:00:00.000,129 Cortland Drive Unit 12,email list,57,white ,,revere,2,1.0,,69239,255000,
259,565155,2023-08-15 00:00:00.000,129 Cortland Drive Unit 12,,,white ,,Andover ,1,0.0,,34471,144000,
260,727770,2023-08-29 00:00:00.000,1301 Albion Road - Second time,"""website""",69,NL,,Medway,2,0.0,,80000,64700,
261,630145,2023-08-29 00:00:00.000,1301 Albion Road - Second time,boston.gov,36,Asian,,Brighton,1,0.0,,73900,68183,
262,619362,2023-08-29 00:00:00.000,1301 Albion Road - Second time,"""online""",27,white ,,Saugus,1,0.0,,47000,4711,
263,179198,2023-08-29 00:00:00.000,"63 Central St., 101",MyMassHomes,59,,,Lowell,1,0.0,,77946,132000,
264,382711,2023-08-29 00:00:00.000,"63 Central St., 101",,,,,Stoneham,2,0.0,,78000,230000,
265,271685,2023-09-06 00:00:00.000,7-5 Kingson Lane,Zillow,21,White,,Uxbridge,1,0.0,,60000,48711,
266,539506,2023-09-06 00:00:00.000,7-5 Kingson Lane,Realtor.com,,Black,,Worcester,3,2.0,,52000,13800,
267,727770,2023-09-06 00:00:00.000,7-5 Kingson Lane,,69,White,,Medway,2,0.0,,84000,65000,
268,427892,2023-09-06 00:00:00.000,7-5 Kingson Lane,Friend,42,Black,,Cambridge,3,1.0,,58000,36500,
269,120036,2023-09-06 00:00:00.000,7-5 Kingson Lane,Zillow,62,Hispanic,,Milford,2,0.0,,38000,36500,
270,895951,2023-09-06 00:00:00.000,7-5 Kingson Lane,Refin,,Hispanic,,Braintree,3,1.0,,103075,34000,
271,54737,2023-09-06 00:00:00.000,7-5 Kingson Lane,MLS,57,,,Holliston,2,1.0,,91231,24000,
272,777948,2023-09-06 00:00:00.000,7-5 Kingson Lane,Maloney Properites,23,Hispanic,,East Walpole,1,0.0,,52000,,
273,102083,2023-09-06 00:00:00.000,7-5 Kingson Lane,MyMassHome,36,Cape Ver\dean,,Quincy,1,0.0,,71500,36300,
274,439146,2023-09-06 00:00:00.000,7-5 Kingson Lane,Zillow,,Hispanic,,Franklin,1,0.0,,53000,36300,
275,813946,2023-09-06 00:00:00.000,7-5 Kingson Lane,Realtor ,29,Black,,Uxbridge,1,0.0,,86000,13000,
276,958358,2023-09-06 00:00:00.000,7-5 Kingson Lane,Zillow,,White,,New Hampshire,1,0.0,,76800,3700,
277,121477,2023-09-06 00:00:00.000,7-5 Kingson Lane,MyMassHome,42,White,,Milford,4,3.0,,61000,,
278,309020,2023-09-06 00:00:00.000,7-5 Kingson Lane,Motovo,45,Black,,Franklin ,3,2.0,,98000,62000,
279,7260,2023-09-06 00:00:00.000,7-5 Kingson Lane,realtor.com,79,White,,Natick,1,0.0,,61000,72000,
280,648920,2023-09-06 00:00:00.000,7-5 Kingson Lane,,52,Black,,Avon,3,2.0,,93000,15000,
281,536584,2023-09-06 00:00:00.000,7-5 Kingson Lane,mymasshome,36,White,,Ashland,4,2.0,,95000,27000,
282,226747,2023-09-06 00:00:00.000,7-5 Kingson Lane,Agent,48,White,,Weymouth,4,2.0,,56000,14000,
283,88750,2023-09-06 00:00:00.000,7-5 Kingson Lane,,67,White,,Mansfield,1,0.0,,60000,25000,
284,147194,2023-09-06 00:00:00.000,7-5 Kingson Lane,Agent,52,White,,Lynn,1,0.0,,62000,40000,
285,463751,2023-09-06 00:00:00.000,7-5 Kingson Lane,Agent,37,Asian,,Westborough,4,2.0,,107000,23000,
286,787807,2023-09-06 00:00:00.000,7-5 Kingson Lane,Zillow,28,White,,Methuen,1,0.0,,82500,21400,
287,30337,2023-09-06 00:00:00.000,7-5 Kingson Lane,Zillow,41,White,,Wrentham,1,0.0,,66000,29300,
288,631392,2023-09-06 00:00:00.000,7-5 Kingson Lane,MyMassHome,38,White,,Norwood,2,0.0,,56500,60300,
289,509558,2023-09-06 00:00:00.000,7-5 Kingson Lane,Realtor,44,White/Hispanic,,Taunton,2,0.0,,72000,13400,
290,178392,2023-09-06 00:00:00.000,7-5 Kingson Lane,Zillow,31,White,,Framingham,1,0.0,,65600,66300,
291,974013,2023-09-06 00:00:00.000,7-5 Kingson Lane,MyMassHome,35,Egyptian,,Medway,2,0.0,,86400,21400,
292,907351,2023-09-06 00:00:00.000,7-5 Kingson Lane,Realtor.com,34,White,,Plainville,3,1.0,,88000,38600,
293,849175,2023-09-06 00:00:00.000,7-5 Kingson Lane,Agent,,White,,Ashland,2,1.0,,89600,44900,
294,592182,2023-09-06 00:00:00.000,7-5 Kingson Lane,Realtor.com,,White,,Roslindale,1,0.0,,55000,30750,
295,317568,2023-09-06 00:00:00.000,7-5 Kingson Lane,Zillow,38,Asian,,Somerville,2,1.0,,55500,35800,
296,119563,2023-09-06 00:00:00.000,7-5 Kingson Lane,Zillow,24,White,,Medway,2,1.0,,51000,63700,
297,596544,2023-09-06 00:00:00.000,7-5 Kingson Lane,Realtor.com,52,White ,,New Bedford,2,0.0,,64400,1182,
298,704130,2023-09-06 00:00:00.000,7-5 Kingson Lane,Realtor,33,Asian,,Millis,3,2.0,,77800,53500,
299,732137,2023-09-06 00:00:00.000,7-5 Kingson Lane,Zillow,24,White ,,Norfolk,1,0.0,,31000,4000,
300,644466,2023-09-06 00:00:00.000,7-5 Kingson Lane,Realtor,25,Black ,,Mendon,1,0.0,,37963,2500,
301,821695,2023-09-06 00:00:00.000,7-5 Kingson Lane,Realtor.com,,Hispanic,,Natick,1,0.0,,53000,17000,
302,922238,2023-09-06 00:00:00.000,7-5 Kingson Lane,,35,Asian,,Millis,2,0.0,,55000,69000,
303,31698,2023-09-06 00:00:00.000,7-5 Kingson Lane,MyMassHome,31,Hispanic,,Medway,1,0.0,,47000,49500,
304,957183,2023-09-06 00:00:00.000,7-5 Kingson Lane,MyMassHome,33,White ,,Medway,3,1.0,,80000,0,
305,989966,2023-09-06 00:00:00.000,7-5 Kingson Lane,CHAPA Email,,White,,Bellingham,3,2.0,,49000,2000,
306,332063,2023-09-06 00:00:00.000,7-5 Kingson Lane,Realtor.com,34,White,,Mendon,1,0.0,,73800,71300,
307,306977,2023-09-06 00:00:00.000,7-5 Kingson Lane,Realtor,,White,,Taunton,1,0.0,,80000,21000,
308,545653,2023-09-06 00:00:00.000,7-5 Kingson Lane,,,White,,Milford,1,0.0,,65000,52100,
309,488217,2023-09-06 00:00:00.000,7-5 Kingson Lane,Redfin,,Hispanic,,Worcester,1,0.0,,76000,,
310,244807,2023-09-06 00:00:00.000,7-5 Kingson Lane,,30,Black,,Fall River,3,1.0,,64000,3500,
311,921930,2023-09-06 00:00:00.000,7-5 Kingson Lane,MyMassHome,,White,,Milford,1,0.0,,78000,10000,
312,54776,2023-09-06 00:00:00.000,7-5 Kingson Lane,Realtor,30,White,,Hopkinton,1,0.0,,71000,68000,
313,360808,2023-09-06 00:00:00.000,7-5 Kingson Lane,Zillow,,White,,Framingham,1,0.0,,52000,53000,
314,344596,2023-09-06 00:00:00.000,7-5 Kingson Lane,Zillow,,White,,East Wareham,3,1.0,,89000,44100,
315,973611,2023-09-06 00:00:00.000,7-5 Kingson Lane,Realtor,39,Asian,,Franklin,4,2.0,,68000,67000,
316,921383,2023-09-06 00:00:00.000,7-5 Kingson Lane,Realtor.com,31,White,,East Taunton,1,0.0,,57000,21000,
317,582824,2023-09-06 00:00:00.000,7-5 Kingson Lane,MLS,49,White,,Holliston,2,1.0,,58000,30000,
318,966958,2023-09-06 00:00:00.000,7-5 Kingson Lane,Realtor,30,White,,Medfield,1,0.0,,42000,40300,
319,335935,2023-09-06 00:00:00.000,7-5 Kingson Lane,Realtor.com,23,White,,Hopkinton,1,0.0,,61000,50000,
320,5941,2023-09-06 00:00:00.000,7-5 Kingson Lane,,32,,,Natick,2,1.0,,60000,60400,
321,803378,2023-09-06 00:00:00.000,7-5 Kingson Lane,Realtor.com,34,White,,Franklin,3,2.0,,63600,17000,
322,627534,2023-09-06 00:00:00.000,7-5 Kingson Lane,MLS,50,White,,Natick,3,2.0,,86500,16800,
323,630145,2023-09-06 00:00:00.000,7-5 Kingson Lane,Boston.gov,36,Asian,,Brighton,1,0.0,,74000,21000,
324,174672,2023-09-06 00:00:00.000,7-5 Kingson Lane,Redfin,57,White,,Milford,2,0.0,,55000,13000,
325,489464,2023-09-06 00:00:00.000,7-5 Kingson Lane,MLS,26,White,,Hopkinton,1,0.0,,62400,74600,
326,142389,2023-09-06 00:00:00.000,7-5 Kingson Lane,Family,36,White,,Medway,1,0.0,,57000,55300,
327,711269,2023-09-06 00:00:00.000,7-5 Kingson Lane,MLS,,White,,Attleboro,2,0.0,,76500,74500,
328,723147,2023-09-06 00:00:00.000,7-5 Kingson Lane,,27,White,,Shrewsbury,2,0.0,,51000,51000,
329,294813,2023-09-06 00:00:00.000,7-5 Kingson Lane,MLS,30,White,,Marlborough,3,1.0,,83800,54000,
330,135247,2023-09-06 00:00:00.000,7-5 Kingson Lane,Zillow,23,White,,Bridgewater,2,0.0,,64000,3300,
331,314837,2023-09-06 00:00:00.000,7-5 Kingson Lane,,22,,,Providence,1,0.0,,56000,30000,
332,270941,2023-09-06 00:00:00.000,7-5 Kingson Lane,Realtor.com,31,White,,Woosocket,3,1.0,,65000,36000,
333,839222,2023-09-06 00:00:00.000,7-5 Kingson Lane,Zillow,27,Hispanic,,Middleboro,3,1.0,,95000,,
334,648800,2023-09-06 00:00:00.000,7-5 Kingson Lane,Zillow,73,White,,Franklin,2,0.0,,42000,11700,
335,16572,2023-09-06 00:00:00.000,7-5 Kingson Lane,,26,,,Lowell,1,0.0,,40000,43000,
336,535430,2023-09-06 00:00:00.000,7-5 Kingson Lane,Zillow,,Hispanic,,Middleboro,2,0.0,,50000,25000,
337,155259,2023-09-06 00:00:00.000,7-5 Kingson Lane,Zillow,24,Hispanic,,Taunton,2,1.0,,70000,2000,
338,627641,2023-09-06 00:00:00.000,7-5 Kingson Lane,MLS,,Hispanic,,Bridgewater,2,0.0,,71000,30500,
339,625006,2023-09-06 00:00:00.000,7-5 Kingson Lane,Realtor,,Black,,Uxbridge,2,1.0,,86000,13000,
340,19054,2023-09-06 00:00:00.000,7-5 Kingson Lane,Family Member,28,White,,Medfield,1,0.0,,49000,7500,
341,471918,2023-09-06 00:00:00.000,7-5 Kingson Lane,MLS,23,Black,,Holliston,3,2.0,,91600,49000,
342,943847,2023-09-06 00:00:00.000,7-5 Kingson Lane,MLS,,,Yes,Foxboro,2,0.0,,75000,66700,
343,19975,2023-09-06 00:00:00.000,7-5 Kingson Lane,MLS,48,Hispanic,,Northborough,4,2.0,,84000,14000,
344,354565,2023-09-06 00:00:00.000,7-5 Kingson Lane,Redfin,,Black,,Shirley,3,1.0,,88400,30500,
345,779577,2023-09-06 00:00:00.000,7-5 Kingson Lane,MyMassHome,41,White,,North Attleboro,4,2.0,,48000,19000,
346,105248,2023-09-06 00:00:00.000,7-5 Kingson Lane,Realtor,30,White,,Medford,1,0.0,,71000,69500,
347,314398,2023-09-06 00:00:00.000,7-5 Kingson Lane,MLS,40,White,,Marshfield,1,0.0,,40000,5300,
348,248400,2023-09-06 00:00:00.000,7-5 Kingson Lane,MyMassHome,56,,,Hudson,2,1.0,,58000,,
349,565311,2023-09-06 00:00:00.000,7-5 Kingson Lane,,52,,,Bellingham,1,0.0,,40000,60000,
350,117597,2023-09-06 00:00:00.000,7-5 Kingson Lane,Realtor.com,23,White,,Bellingham,1,0.0,,38700,63000,
351,65520,2023-09-12 00:00:00.000,16 Tulip Circle ,Agent ,,white ,,Worcester,2,1.0,,55000,65216,
352,19198,2023-09-12 00:00:00.000,16 Tulip Circle ,,,hispanic,,Boston,2,1.0,,42000,257,
353,295405,2023-09-12 00:00:00.000,16 Tulip Circle ,,,hispanic,,southbridge ,2,1.0,,39000,,
354,540651,2023-09-12 00:00:00.000,16 Tulip Circle ,mymasshome,23,hispanic,,east Walpole,1,0.0,,52000,2155,
355,124528,2023-09-12 00:00:00.000,16 Tulip Circle ,,46,,,,2,1.0,,56000,20000,
356,703836,2023-09-12 00:00:00.000,16 Tulip Circle ,my mass home,,,,jefferson,2,1.0,,73000,32500,
357,200651,2023-09-12 00:00:00.000,16 Tulip Circle ,,,hispanic,,framingham,3,1.0,,60000,12000,
358,317568,2023-09-12 00:00:00.000,16 Tulip Circle ,zillow,38,asian,,somerville ,1,0.0,,55000,34800,
359,760920,2023-09-12 00:00:00.000,16 Tulip Circle ,,,white,,grafton,2,1.0,,73000,,
360,478823,2023-09-12 00:00:00.000,16 Tulip Circle ,,,asian,,Ayer,2,0.0,,65000,30000,
361,605977,2023-09-12 00:00:00.000,16 Tulip Circle ,Agent ,,white ,,Uxbridge ,2,1.0,,64000,26193,
362,444362,2023-09-12 00:00:00.000,16 Tulip Circle ,,,white,,"Providence, RI",1,0.0,,57000,100642,
363,174672,2023-09-12 00:00:00.000,16 Tulip Circle ,,,white ,,Milford ,2,0.0,,55000,14400,
364,529793,2023-09-12 00:00:00.000,16 Tulip Circle ,realtor.com,23,white ,,whitinsville,1,0.0,,61000,22400,
365,427892,2023-09-26 00:00:00.000,15 Corn Mill Way,"""Friend""",42,"""Other""",,Cambridge ,3,1.0,,58000,32000,
366,145177,2023-09-26 00:00:00.000,15 Corn Mill Way,metrolist,40,Hispanic,,Dorchester,3,2.0,,73000,11000,
367,577737,2023-09-26 00:00:00.000,15 Corn Mill Way,,57,black,,Brockton,5,2.0,,81000,,
368,656808,2023-09-26 00:00:00.000,15 Corn Mill Way,mymasshome ,62,black,,Malden,3,2.0,,104000,28299,
369,140189,2023-09-26 00:00:00.000,15 Corn Mill Way,BHA,44,black,,Quincy,3,2.0,,71500,39900,
370,630145,2023-09-26 00:00:00.000,15 Corn Mill Way,mymasshome ,36,Asian,,Brighton,1,0.0,,74000,68183,
371,994350,2023-09-26 00:00:00.000,15 Corn Mill Way,mymasshome ,37,Hispanic,,Waltham,4,2.0,,40800,13700,
372,123282,2023-09-26 00:00:00.000,15 Corn Mill Way,seller is his son,65,Hispanic,,Roxbury,4,2.0,,85000,300,
373,203891,2023-09-26 00:00:00.000,15 Corn Mill Way,mymasshome ,38,White ,,Malden,1,0.0,,78000,49000,
374,552365,2023-09-26 00:00:00.000,15 Corn Mill Way,mymasshome ,48,white ,,stoughton,2,1.0,,76999,26000,
375,554174,2023-09-26 00:00:00.000,15 Corn Mill Way,metrolist,27,Hispanic,,Malden,3,2.0,,85500,48500,
376,377124,2023-09-26 00:00:00.000,15 Corn Mill Way,mymasshome ,36,Hispanic,,Scituate ,3,1.0,,101000,23000,
377,21605,2023-09-26 00:00:00.000,15 Corn Mill Way,mymasshome ,34,white ,,holbrook,1,0.0,,62000,74000,
378,56860,2023-09-26 00:00:00.000,15 Corn Mill Way,,,white ,,Quincy,1,0.0,,,,
379,278288,2023-09-26 00:00:00.000,15 Corn Mill Way,mymasshome ,46,black/white ,,Brockton,3,2.0,,68000,9865,
0,314921,2023-10-21 19:05:21.175,"Groton, 503 Main",MyMassHome,44.0,Choose not to answer,No,Watertown,2,0.0,Single person,60000.0,2.0,Yes
1,827042,2023-10-24 20:41:07.886,North Andover Unit 109,MyMassHome,32.0,White,No,"Haverhill, MA",1,0.0,Single person,62608.0,26866.69,Yes
2,152270,2023-10-25 19:55:53.409,North Andover Unit 109,Zillow/Trulia/Etc.,36.0,White,No,"Winthrop, MA",1,0.0,Single person,58000.0,25000.0,No
3,949729,2023-10-25 20:33:42.313,North Andover Unit 109,Zillow/Trulia/Etc.,27.0,White,No,"Georgetown, MA",1,0.0,Single person,62000.0,62000.0,No
4,814571,2023-10-26 20:11:41.983,North Andover Unit 109,Zillow/Trulia/Etc.,30.0,White,No,Haverhill,1,0.0,Single person,60000.0,33034.0,No
5,506157,2023-10-27 12:59:20.410,"Groton, 503 Main",MyMassHome,46.0,Black or African American,No,Bedford,2,0.0,Single parent,58900.0,650.0,Yes
6,825529,2023-10-28 17:10:47.589,"Groton, 503 Main",MyMassHome,42.0,Asian/Pacific Islander,No,Lowell,3,1.0,"Married/partners/couple, with dependents",35000.0,28000.0,No
7,524616,2023-10-29 08:10:17.725,North Andover Unit 109,Zillow/Trulia/Etc.,27.0,White,No,Beverly,1,0.0,Single person,52000.0,60000.0,No
8,336451,2023-10-30 22:04:23.253,North Andover Unit 109,Real Estate Agent,27.0,White,No,Wilmington,1,0.0,Single person,64688.0,37692.87,No
9,978276,2023-11-01 12:38:51.333,"Groton, 503 Main",MyMassHome,34.0,Black or African American,No,"Lowell, MA. ",1,0.0,Single person,59000.0,21589.17,Yes
10,785480,2023-11-01 13:10:01.408,North Andover Unit 109,Real Estate Agent,38.0,White,Yes,Stoneham,1,0.0,Single person,60168.0,12000.0,Yes
11,23798,2023-11-01 14:41:03.492,North Andover Unit 109,Zillow/Trulia/Etc.,21.0,Hispanic/Latino,No,Methuen ,1,0.0,Single person,,42120.0,No
12,369937,2023-11-01 18:39:46.536,North Andover Unit 109,Real Estate Agent,53.0,White,No,Melrose,1,0.0,"Married/partners/couple, no dependents",45000.0,72951.0,No
13,262135,2023-11-01 19:09:28.088,North Andover Unit 109,Zillow/Trulia/Etc.,30.0,White,No,"Tewksbury, MA",1,0.0,Single person,64052.0,52664.53,No
14,969393,2023-11-02 09:58:14.836,North Andover Unit 109,Zillow/Trulia/Etc.,20.0,White,No,"Haverhill, MA",1,0.0,Single person,42500.0,43600.0,No
15,510742,2023-11-03 14:49:00.288,North Andover Unit 109,Zillow/Trulia/Etc.,66.0,White,Yes,lowell,2,2.0,"Married/partners/couple, no dependents",53000.0,53250.0,No
16,514660,2023-11-03 16:58:11.835,"Groton, 503 Main",Real Estate Agent,25.0,White,No,Lowell,1,0.0,Single person,40458.83,17398.68,Yes
17,514660,2023-11-03 17:31:07.115,North Andover Unit 109,MyMassHome,25.0,White,No,Lowell,1,0.0,Single person,40458.83,17398.68,Yes
18,860042,2023-11-03 22:34:31.418,North Andover Unit 109,Zillow/Trulia/Etc.,45.0,Hispanic/Latino,No,Lawrence,3,1.0,Single parent,66700.0,40879.0,No
19,725953,2023-11-04 18:10:13.661,North Andover Unit 109,Zillow/Trulia/Etc.,31.0,White,No,Methuen,1,0.0,Single person,56816.03,15610.41,Yes
20,112285,2023-11-05 12:41:41.290,North Andover Unit 109,trulia,34.0,White,No,North Andover,1,0.0,Single person,35000.0,11000.0,No
21,373276,2023-11-05 16:04:49.741,North Andover Unit 109,Real Estate Agent,61.0,White,No,Andover,1,0.0,Single person,49920.0,52640.49,No
22,296725,2023-11-05 16:59:59.156,North Andover Unit 109,MyMassHome,33.0,White,Yes,Salem,1,0.0,Single person,4680.0,14000.0,Yes
23,825529,2023-11-05 19:36:07.610,North Andover Unit 109,MyMassHome,42.0,Asian/Pacific Islander,No,Lowell,3,1.0,"Married/partners/couple, with dependents",35000.0,28000.0,No
24,355077,2023-11-05 20:14:38.045,North Andover Unit 109,Zillow/Trulia/Etc.,46.0,White,No,North Andover,4,2.0,"Married/partners/couple, with dependents",86290.0,72000.0,No
25,593980,2023-11-06 10:16:59.801,North Andover Unit 109,Real Estate Agent,24.0,White,No,Peabody,1,0.0,Single person,56500.0,38426.0,No
26,598436,2023-11-06 11:11:31.128,North Andover Unit 109,Zillow/Trulia/Etc.,66.0,Hispanic/Latino,No,Lawrence,1,0.0,Single person,46000.0,49400.0,No
27,930585,2023-11-06 13:58:24.597,North Andover Unit 109,Real Estate Agent,29.0,White,No,"Salisbury, MA",1,0.0,Single person,50000.0,25000.0,No
28,441853,2023-11-06 14:02:50.422,North Andover Unit 109,MyMassHome,29.0,White,No,Scituate,1,0.0,Single person,54000.0,39000.0,Yes
29,834205,2023-11-06 16:56:51.301,North Andover Unit 109,MyMassHome,59.0,White,Choose not to answer,Lowell,1,0.0,Single person,22744.0,74973.41,No
30,613331,2023-11-07 05:57:17.492,Falmouth - (age restricted) 110 Dillingham,MyMassHome,83.0,White,No,Falmouth,1,0.0,Single person,36837.84,110000.0,No
31,116151,2023-11-27 16:32:59.042,West Boylston - 103 Afra Drive Unit 51,Zillow/Trulia/Etc.,38.0,White,No,West boylston,3,2.0,Single parent,53973.0,1230.0,Yes
32,623420,2023-11-27 17:56:04.082,West Boylston - 103 Afra Drive Unit 51,Real Estate Agent,35.0,Black or African American,No,worcester,4,2.0,"Married/partners/couple, with dependents",58000.0,58000.0,Yes
33,97166,2023-11-29 12:55:15.163,West Boylston - 103 Afra Drive Unit 51,MyMassHome,44.0,White,No,worcester,5,3.0,"Married/partners/couple, with dependents",101.0,44.0,Yes
34,531159,2023-11-29 19:07:36.719,West Boylston - 103 Afra Drive Unit 51,Friend/Word of Mouth,40.0,Black or African American,No,"Worcester, MA",5,3.0,"Married/partners/couple, with dependents",64386.0,1854.28,No
35,167627,2023-11-29 21:13:13.413,West Boylston - 103 Afra Drive Unit 51,MyMassHome,52.0,Asian/Pacific Islander,No,Shrewsbury,2,0.0,"Married/partners/couple, no dependents",60686.0,60686.0,Yes
36,274638,2023-12-03 12:19:42.002,West Boylston - 103 Afra Drive Unit 51,Zillow/Trulia/Etc.,22.0,White,No,"Auburn, MA",1,0.0,Single person,60000.0,30301.0,No
37,221871,2023-12-04 14:06:31.897,West Boylston - 103 Afra Drive Unit 51,MyMassHome,48.0,Black or African American,No,Worcester,4,2.0,Single parent,68000.0,0.0,Yes
38,512819,2023-12-04 19:42:27.556,West Boylston - 103 Afra Drive Unit 51,MyMassHome,43.0,White,No,Fitchburg ,3,2.0,Single parent,54000.0,7000.0,Yes
39,89860,2023-12-06 16:36:47.051,West Boylston - 103 Afra Drive Unit 51,MyMassHome,25.0,Black or African American,No,Moving from providence RI to Grafton MA,1,0.0,Single person,50000.0,37532.0,Yes
40,347073,2023-12-07 23:46:57.468,West Boylston - 103 Afra Drive Unit 51,MyMassHome,55.0,Black or African American,No,BELMONT,3,1.0,Single parent,75416.0,0.0,Yes
41,647840,2023-12-08 14:45:59.921,West Boylston - 103 Afra Drive Unit 51,MyMassHome,34.0,Hispanic/Latino,No,Boxborough,4,2.0,"Married/partners/couple, with dependents",78000.0,15000.0,Yes
42,287868,2023-12-08 15:13:13.672,West Boylston - 103 Afra Drive Unit 51,Friend/Word of Mouth,30.0,White,No,shrewsbury,2,0.0,"Married/partners/couple, no dependents",54600.0,15742.27,No
43,845893,2023-12-08 20:38:30.564,West Boylston - 103 Afra Drive Unit 51,Zillow/Trulia/Etc.,51.0,Black or African American,No,Brockton ,2,1.0,Single parent,53000.0,14000.0,Yes
44,720695,2023-12-11 01:05:36.734,West Boylston - 103 Afra Drive Unit 51,Friend/Word of Mouth,49.0,Choose not to answer,No,Worcester,4,2.0,"Married/partners/couple, with dependents",22000.0,15000.0,Yes
45,904833,2023-12-11 11:25:26.316,West Boylston - 103 Afra Drive Unit 51,"John Snyder, Realtor - Please keep john.snyder@redfin.com cc'd on all communications ",32.0,Asian/Pacific Islander,No,Worcester,2,0.0,"Married/partners/couple, no dependents",43000.0,26000.0,No
46,443617,2023-12-11 12:17:09.891,West Boylston - 103 Afra Drive Unit 51,Real Estate Agent,61.0,White,No,Upton,4,1.0,"More than one related adults, with dependents",52307.0,259000.0,Yes
47,75888,2023-12-11 16:15:30.881,West Boylston - 103 Afra Drive Unit 51,Zillow/Trulia/Etc.,45.0,Black or African American,No,Worcester,3,1.0,"More than one related adults, with dependents",75000.0,300.0,No
48,673625,2024-01-09 08:51:01.000,18 Old Cedar Village ~ Bridgewater,Real Estate Agent,26.0,Black or African American,No,Avon,2,1.0,Single parent,62000.0,4500.0,Yes
49,97210,2024-01-10 00:00:00.000,13 Coppersmith Way ~ Townsend,,,,no,,2,0.0,two person HH,,,
50,473272,2024-01-12 16:53:10.000,18 Old Cedar Village ~ Bridgewater,City of Boston Metrolist,33.0,Black or African American,No,"Boston, MA",1,0.0,Single person,62281.0,12814.0,Yes
51,447880,2024-01-15 18:03:56.000,13 Coppersmith Way ~ Townsend,Zillow/Trulia/Etc.,32.0,White,No,Ayer,1,0.0,Single person,65312.0,21950.0,No
52,835195,2024-01-15 21:22:10.000,18 Old Cedar Village ~ Bridgewater,applying for 15 Afra Terrace unit 17 W Boylston MA,61.0,White,No,Upton,4,1.0,"More than one related adults, with dependents",48000.0,247000.0,Yes
53,97166,2024-01-16 12:49:58.000,"15 Jasmine Drive, Unit 17 ~ West Boylston",MyMassHome,44.0,White,No,Worcester,5,3.0,"Married/partners/couple, with dependents",101000.0,43.0,Yes
54,416257,2024-01-16 13:15:05.000,13 Coppersmith Way ~ Townsend,MyMassHome,40.0,Black or African American Hispanic/Latino,No,Boston,2,1.0,Single parent,55033.17,9500.0,Yes
55,416257,2024-01-16 13:20:56.000,"15 Jasmine Drive, Unit 17 ~ West Boylston",MyMassHome,40.0,Black or African American Hispanic/Latino,No,Boston,2,1.0,Single parent,55033.17,9203.0,Yes
56,416257,2024-01-16 13:36:01.000,18 Old Cedar Village ~ Bridgewater,MyMassHome,40.0,Black or African American Hispanic/Latino,No,Boston,2,1.0,Single parent,55033.17,9203.12,Yes
57,287868,2024-01-16 16:49:32.000,"15 Jasmine Drive, Unit 17 ~ West Boylston",MyMassHome,30.0,White,No,Shrewsbury,2,0.0,"Married/partners/couple, no dependents",54600.0,60000.0,No
58,512819,2024-01-16 18:22:07.000,"15 Jasmine Drive, Unit 17 ~ West Boylston",MyMassHome,43.0,Choose not to answer,No,Fitchburg,3,2.0,Single parent,71000.0,10000.0,Yes
59,347073,2024-01-16 22:47:54.000,"15 Jasmine Drive, Unit 17 ~ West Boylston",MyMassHome,55.0,Black or African American,No,Belmont,2,1.0,Single parent,52416.0,0.0,Yes
60,194867,2024-01-17 10:44:33.000,18 Old Cedar Village ~ Bridgewater,City of Boston Metrolist,37.0,White,No,Stoughton,1,0.0,Single person,70000.0,3500.0,No
61,473583,2024-01-17 12:55:57.000,18 Old Cedar Village ~ Bridgewater,Friend/Word of Mouth,55.0,White,No,"Bridgewater, Ma",1,0.0,Single person,96776.0,38560.0,No
62,88457,2024-01-17 15:09:09.000,18 Old Cedar Village ~ Bridgewater,Real Estate Agent,42.0,Hispanic Hispanic/Latino,No,Malden,3,2.0,Single parent,72000.0,6000.0,No
63,854862,2024-01-17 15:31:31.000,13 Coppersmith Way ~ Townsend,Real Estate Agent,70.0,"Asian/Pacific Islander, Black or African American, White",No,"Shirley, MA",2,0.0,Single person,66237.0,43000.0,No
64,531159,2024-01-17 16:04:20.000,"15 Jasmine Drive, Unit 17 ~ West Boylston",Friend/Word of Mouth,40.0,Black or African American,No,Worcester,5,3.0,"Married/partners/couple, with dependents",60000.0,0.0,No
65,531159,2024-01-17 16:31:09.000,"15 Jasmine Drive, Unit 17 ~ West Boylston",Friend/Word of Mouth,40.0,Black or African American,No,Worcester,5,3.0,"Married/partners/couple, with dependents",63386.0,0.0,No
66,105277,2024-01-17 22:50:39.000,"15 Jasmine Drive, Unit 17 ~ West Boylston",MyMassHome,36.0,Asian/Pacific Islander,No,Worcester,3,1.0,"Married/partners/couple, with dependents",64000.0,8000.0,No
67,632587,2024-01-18 10:07:37.000,"15 Jasmine Drive, Unit 17 ~ West Boylston",MyMassHome,42.0,Choose not to answer,No,Cambridge,3,1.0,"Married/partners/couple, with dependents",58000.0,42000.0,Yes
68,232411,2024-01-18 11:27:24.000,"15 Jasmine Drive, Unit 17 ~ West Boylston",Social Media,46.0,North African,No,Revere,3,2.0,Single parent,71000.0,15000.0,No
69,776394,2024-01-18 14:35:29.000,"15 Jasmine Drive, Unit 17 ~ West Boylston",MyMassHome,25.0,White,No,berlin,1,0.0,Single person,59000.0,3000.0,No
70,283185,2024-01-18 19:35:20.000,18 Old Cedar Village ~ Bridgewater,Zillow/Trulia/Etc.,25.0,White,Yes,East Freetown,1,0.0,Single person,57736.32,41548.05,No
71,212500,2024-01-19 09:37:21.000,18 Old Cedar Village ~ Bridgewater,MyMassHome,34.0,Choose not to answer,No,Holbrook,1,0.0,Single person,62692.13,14612.0,No
72,530298,2024-01-19 09:54:11.000,18 Old Cedar Village ~ Bridgewater,Real Estate Agent,44.0,White,No,Taunton,2,0.0,"Married/partners/couple, no dependents",69168.0,14969.0,Yes
73,208639,2024-01-19 11:27:36.000,18 Old Cedar Village ~ Bridgewater,Zillow/Trulia/Etc.,61.0,Black or African American,Yes,"Cranston, RI",1,0.0,Currently in divorce process,57700.0,53810.0,No
74,172183,2024-01-19 14:54:33.000,"15 Jasmine Drive, Unit 17 ~ West Boylston",Real Estate Agent,25.0,"Asian/Pacific Islander, White",Choose not to answer,Worcester,1,0.0,Single person,51820.0,27765.51,No
75,914091,2024-01-19 15:52:08.000,18 Old Cedar Village ~ Bridgewater,Zillow/Trulia/Etc.,38.0,White,No,Bridgewater,3,1.0,"Married/partners/couple, with dependents",72000.0,53604.0,No
76,296517,2024-01-20 18:09:54.000,"15 Jasmine Drive, Unit 17 ~ West Boylston",Real Estate Agent,45.0,Black or African American,No,Worcester,4,2.0,Single parent,74326.8,12863.35,Yes
77,891863,2024-01-20 18:13:27.000,"15 Jasmine Drive, Unit 17 ~ West Boylston",Zillow/Trulia/Etc.,25.0,White,No,north oxford,1,0.0,Single person,60320.0,730.0,No
78,74574,2024-01-20 23:20:02.000,18 Old Cedar Village ~ Bridgewater,City of Boston Metrolist,45.0,White,Yes,Plainville,3,1.0,"Married/partners/couple, with dependents",63583.83,28075.96,No
79,874334,2024-01-21 13:26:31.000,"15 Jasmine Drive, Unit 17 ~ West Boylston",Real Estate Agent,50.0,White,No,Holden,2,0.0,Single parent,55000.0,48000.0,No
80,271229,2024-01-21 13:28:14.000,18 Old Cedar Village ~ Bridgewater,Zillow/Trulia/Etc.,36.0,White,No,"Taunton, MA",3,1.0,Single parent,70000.0,51100.0,No
81,802609,2024-01-21 13:34:34.000,18 Old Cedar Village ~ Bridgewater,Friend/Word of Mouth,46.0,White,No,Bridgewater,1,0.0,Single person,65558.0,177642.0,No
82,666185,2024-01-21 14:32:14.000,18 Old Cedar Village ~ Bridgewater,Real Estate Agent,50.0,Black or African American,No,Randolph,2,1.0,Single parent,57408.0,51325.0,No
83,402320,2024-01-21 15:18:55.000,13 Coppersmith Way ~ Townsend,Real Estate Agent,25.0,White,No,Worcester,1,0.0,Single person,75000.0,0.0,No
84,402320,2024-01-21 15:23:16.000,"15 Jasmine Drive, Unit 17 ~ West Boylston",Real Estate Agent,25.0,White,No,Worcester,1,0.0,Single person,75000.0,0.0,No
85,705052,2024-01-21 17:23:07.000,18 Old Cedar Village ~ Bridgewater,Zillow/Trulia/Etc.,47.0,Black,No,Brockton,4,1.0,"Married/partners/couple, with dependents",87912.0,21037.0,Yes
86,183684,2024-01-21 20:05:17.000,18 Old Cedar Village ~ Bridgewater,Real Estate Agent,51.0,White,No,Raynham,2,1.0,Single parent,56000.0,51.0,No
87,845893,2024-01-22 09:51:52.000,18 Old Cedar Village ~ Bridgewater,Redfin,51.0,Black or African American,No,Brockton,2,1.0,Single parent,53000.0,14000.0,Yes
88,980254,2024-01-22 11:59:36.000,"15 Jasmine Drive, Unit 17 ~ West Boylston",Real Estate Agent,51.0,Hispanic/Latino Hispanic/Latino,Yes,Methuen,3,1.0,"Married/partners/couple, with dependents",63000.0,39882.4,No
89,821846,2024-01-22 12:20:39.000,18 Old Cedar Village ~ Bridgewater,Real Estate Agent,73.0,Brazilian,No,Weymouth,2,0.0,"Married/partners/couple, no dependents",58000.0,8983.0,No
90,296517,2024-01-22 12:59:10.000,"15 Jasmine Drive, Unit 17 ~ West Boylston",Real Estate Agent,45.0,Black or African American,No,Worcester,4,2.0,Single parent,74326.8,12863.35,Yes
91,364237,2024-01-22 13:12:48.000,18 Old Cedar Village ~ Bridgewater,Real Estate Agent,46.0,White,No,Pembroke,2,1.0,Single parent,73454.95,74771.75,No
92,781575,2024-01-22 14:12:47.000,18 Old Cedar Village ~ Bridgewater,Real Estate Agent,38.0,White,No,Taunton,1,0.0,Single person,27357.0,24401.0,No
93,310791,2024-01-22 15:36:27.000,18 Old Cedar Village ~ Bridgewater,Mass.Gov,33.0,White Hispanic/Latino,No,"Malden, MA",1,0.0,Single person,61000.0,45000.0,Yes
94,539589,2024-01-22 15:36:34.000,18 Old Cedar Village ~ Bridgewater,Real Estate Agent,34.0,White Hispanic/Latino,No,Brockton,2,1.0,Single parent,42000.0,0.0,No
95,416257,2024-01-22 19:10:59.000,"11 Indian Woods Way, Unit 11 ~ Canton",MyMassHome,40.0,Black or African American Hispanic/Latino,No,Boston,2,1.0,Single parent,55033.17,9000.0,Yes
96,19186,2024-01-22 19:58:01.000,18 Old Cedar Village ~ Bridgewater,Zillow/Trulia/Etc.,43.0,Choose not to answer Hispanic/Latino,No,seekonk ma,2,0.0,Single parent,42263.0,10000.0,Yes
97,985439,2024-01-23 12:34:24.000,"15 Jasmine Drive, Unit 17 ~ West Boylston",Zillow/Trulia/Etc.,41.0,"Black or African American, White",No,Worcester,3,2.0,Single parent,59520.0,24000.0,Yes
98,155943,2024-01-23 12:57:23.000,"11 Indian Woods Way, Unit 11 ~ Canton",MyMassHome,36.0,Middle eastern,No,Natick,1,0.0,"Married/partners/couple, no dependents",81700.0,40300.0,Yes
99,975221,2024-01-23 15:26:46.000,"15 Jasmine Drive, Unit 17 ~ West Boylston",Zillow/Trulia/Etc.,26.0,Choose not to answer,No,Marlborough,3,1.0,"Married/partners/couple, with dependents",44342.66,5000.0,Yes
100,847026,2024-01-23 17:05:21.000,"11 Indian Woods Way, Unit 11 ~ Canton",MyMassHome,34.0,Asian/Pacific Islander,No,Holbrook,3,1.0,"Married/partners/couple, with dependents",104000.0,36460.0,Yes
101,767502,2024-01-23 19:40:17.000,"11 Indian Woods Way, Unit 11 ~ Canton",Canton newspaper,46.0,"White, Lebanese/syrian",No,Canton,2,1.0,Single parent,93750.0,30000.0,No
102,156677,2024-01-23 21:25:50.000,"15 Jasmine Drive, Unit 17 ~ West Boylston",Zillow/Trulia/Etc.,30.0,"White, Latino Hispanic/Latino",No,Worcester,4,2.0,"Married/partners/couple, with dependents",60517.0,40025.0,No
103,19186,2024-01-23 22:20:08.000,"11 Indian Woods Way, Unit 11 ~ Canton",MyMassHome,43.0,Choose not to answer Hispanic/Latino,No,seekonk,2,0.0,Single parent,49463.0,10000.0,Yes
104,310296,2024-01-24 15:33:58.000,"15 Jasmine Drive, Unit 17 ~ West Boylston",Real Estate Agent,35.0,White,No,Rochdale,1,0.0,Single person,67932.8,69987.88,No
105,435720,2024-01-24 17:12:20.000,"15 Jasmine Drive, Unit 17 ~ West Boylston",Real Estate Agent,38.0,Choose not to answer Hispanic/Latino,No,Westborough,4,3.0,Single parent,85161.6,0.0,No
106,238891,2024-01-24 18:35:28.000,"11 Indian Woods Way, Unit 11 ~ Canton",Friend/Word of Mouth,29.0,White,No,Braintree,1,0.0,Single person,50760.0,62889.64,Yes
107,750684,2024-01-25 20:31:51.000,"11 Indian Woods Way, Unit 11 ~ Canton",Zillow/Trulia/Etc.,33.0,Black or African American,No,Randolph,1,0.0,Single person,75476.0,24164.0,No
108,595848,2024-01-25 21:24:36.000,"11 Indian Woods Way, Unit 11 ~ Canton",Real Estate Agent,23.0,White,No,Milton,1,0.0,Single person,57138.6,73349.75,No
109,814696,2024-01-25 22:31:35.000,"15 Jasmine Drive, Unit 17 ~ West Boylston",Friend/Word of Mouth,72.0,White,No,North Oxford,3,0.0,"Married/partners/couple, with dependents",77320.12,26255.41,No
110,779544,2024-01-26 12:54:11.000,"11 Indian Woods Way, Unit 11 ~ Canton",Zillow/Trulia/Etc.,36.0,Black or African American,No,Lawrence,1,0.0,Single person,81000.0,2000.0,Yes
111,586853,2024-01-26 15:15:16.000,"15 Jasmine Drive, Unit 17 ~ West Boylston",Real Estate Agent,42.0,Hispanic Latino Hispanic/Latino,No,Malden,3,2.0,Single parent,70000.0,14000.0,No
112,351702,2024-01-26 16:13:02.000,"15 Jasmine Drive, Unit 17 ~ West Boylston",Zillow/Trulia/Etc.,24.0,White Hispanic/Latino,No,Lincoln,1,0.0,Single person,44720.0,17368.04,Yes
113,680637,2024-01-26 16:28:31.000,"15 Jasmine Drive, Unit 17 ~ West Boylston",Zillow/Trulia/Etc.,38.0,Asian/Pacific Islander,No,Worcester,4,0.0,"Married/partners/couple, with dependents",,55000.0,Yes
114,935578,2024-01-26 18:34:19.000,"15 Jasmine Drive, Unit 17 ~ West Boylston",Zillow/Trulia/Etc.,25.0,Black or African American,No,Leicester,2,0.0,"More than one related adults, no dependents",54000.0,5000.0,No
115,117527,2024-01-27 11:30:12.000,"15 Jasmine Drive, Unit 17 ~ West Boylston",Zillow/Trulia/Etc.,53.0,White,No,Worcester,1,0.0,Single person,53560.0,23996.11,No
116,916487,2024-01-27 12:45:36.000,"15 Jasmine Drive, Unit 17 ~ West Boylston",Zillow/Trulia/Etc.,37.0,White,No,West Boylston,2,0.0,"Married/partners/couple, no dependents",71665.5,51936.0,No
117,944391,2024-01-27 17:48:18.000,"11 Indian Woods Way, Unit 11 ~ Canton",Real Estate Agent,39.0,Asian/Pacific Islander,No,Waltham,1,0.0,Single person,67000.0,0.0,No
118,576447,2024-01-28 00:34:09.000,"15 Jasmine Drive, Unit 17 ~ West Boylston",Zillow/Trulia/Etc.,48.0,Black or African American,No,Worcester,3,2.0,Single parent,65935.61,2835.43,No
119,413072,2024-01-28 08:40:18.000,"11 Indian Woods Way, Unit 11 ~ Canton",Zillow/Trulia/Etc.,28.0,Black or African American,No,Boston,1,0.0,Single person,75075.0,19162.9,Yes
120,970507,2024-01-28 10:30:37.000,"15 Jasmine Drive, Unit 17 ~ West Boylston",Real Estate Agent,36.0,Brazilian Hispanic/Latino,No,Hudson,4,2.0,"Married/partners/couple, with dependents",75000.0,36000.0,No
121,743078,2024-01-28 15:13:47.000,"15 Jasmine Drive, Unit 17 ~ West Boylston",Real Estate Agent,47.0,Black or African American,No,Worcester,4,1.0,Single parent,73884.0,71800.0,Yes
122,419936,2024-01-28 18:56:00.000,"15 Jasmine Drive, Unit 17 ~ West Boylston",Real Estate Agent,39.0,White,No,Holden,1,0.0,Single person,50000.0,14550.0,No
123,3901,2024-01-28 19:34:12.000,"15 Jasmine Drive, Unit 17 ~ West Boylston",Zillow/Trulia/Etc.,39.0,White,No,Worcester,5,4.0,Single parent,62895.45,24544.02,No
124,720695,2024-01-28 22:58:34.000,"15 Jasmine Drive, Unit 17 ~ West Boylston",Friend/Word of Mouth,49.0,Black or African American,No,Worcester,4,2.0,"Married/partners/couple, with dependents",22000.0,14500.0,Yes
125,447880,2024-01-29 06:36:44.000,"15 Jasmine Drive, Unit 17 ~ West Boylston",MyMassHome,32.0,White,No,"Ayer, MA",1,0.0,Single person,65312.0,22772.0,No
126,466678,2024-01-29 09:42:55.000,"15 Jasmine Drive, Unit 17 ~ West Boylston",Zillow/Trulia/Etc.,30.0,White,No,Revere,1,0.0,Single person,64052.0,15000.0,No
127,290047,2024-01-29 10:43:36.000,"15 Jasmine Drive, Unit 17 ~ West Boylston",Real Estate Agent,35.0,Iraqi-American,Choose not to answer,Worcester,3,1.0,"Married/partners/couple, with dependents",61360.0,900.0,Yes
128,764437,2024-01-29 10:50:56.000,"11 Indian Woods Way, Unit 11 ~ Canton",Real Estate Agent,74.0,White,No,"Marlborough, CT",2,0.0,"Married/partners/couple, no dependents",78958.0,74857.0,No
129,406624,2024-01-29 11:22:10.000,"11 Indian Woods Way, Unit 11 ~ Canton",Friend/Word of Mouth,53.0,White,No,Northborough,2,0.0,"Married/partners/couple, no dependents",93000.0,75.0,No
130,140362,2024-01-29 12:02:08.000,"15 Jasmine Drive, Unit 17 ~ West Boylston",Friend/Word of Mouth,53.0,White,No,Worcester,2,0.0,"Married/partners/couple, no dependents",54649.0,67072.0,No
131,167627,2024-01-29 12:30:42.000,"15 Jasmine Drive, Unit 17 ~ West Boylston",Real Estate Agent,52.0,Asian/Pacific Islander,No,Shrewsbury,2,0.0,"Married/partners/couple, no dependents",70640.0,30380.75,Yes
132,630445,2024-01-29 13:58:21.000,"15 Jasmine Drive, Unit 17 ~ West Boylston",Zillow/Trulia/Etc.,73.0,Asian/Pacific Islander,No,shrewsbury,3,0.0,"Married/partners/couple, with dependents",53833.0,56506.0,No
133,590531,2024-01-29 14:20:00.000,"11 Indian Woods Way, Unit 11 ~ Canton",Real Estate Agent,55.0,Black or African American,No,Brockton,3,1.0,Single person,68000.0,2000.0,Yes
134,89860,2024-01-29 14:28:33.000,"15 Jasmine Drive, Unit 17 ~ West Boylston",MyMassHome,25.0,Black or African American,Yes,Grafton MA,1,0.0,Single person,50000.0,47500.0,Yes
135,36186,2024-01-29 14:44:23.000,"15 Jasmine Drive, Unit 17 ~ West Boylston",Zillow/Trulia/Etc.,31.0,White,No,Salem,4,2.0,"Married/partners/couple, with dependents",91000.0,18000.0,No
136,314319,2024-01-29 14:59:36.000,"15 Jasmine Drive, Unit 17 ~ West Boylston",Zillow/Trulia/Etc.,40.0,White,No,Worcester,2,0.0,"Married/partners/couple, no dependents",48000.0,9000.0,Yes
137,398166,2024-01-29 15:52:04.000,"15 Jasmine Drive, Unit 17 ~ West Boylston",Zillow/Trulia/Etc.,49.0,White Hispanic/Latino,Yes,"Nashua, NH",1,0.0,Single person,44866.0,23788.0,No
138,441853,2024-01-29 16:04:24.000,"15 Jasmine Drive, Unit 17 ~ West Boylston",MyMassHome,29.0,White,No,Scituate,1,0.0,Single person,54000.0,45000.0,Yes
139,680688,2024-01-29 16:05:30.000,"15 Jasmine Drive, Unit 17 ~ West Boylston",Zillow/Trulia/Etc.,39.0,"Choose not to answer, Hispanic/Latino",No,Spencer,3,2.0,Single person,46000.0,75300.0,No
140,203682,2024-01-29 16:43:54.000,"15 Jasmine Drive, Unit 17 ~ West Boylston",Zillow/Trulia/Etc.,28.0,Asian/Pacific Islander,No,Natick,2,0.0,"Married/partners/couple, no dependents",69700.0,22137.47,Yes
141,860323,2024-01-29 16:52:42.000,"15 Jasmine Drive, Unit 17 ~ West Boylston",Zillow/Trulia/Etc.,50.0,Black or African American,No,"Cambridge, MA",1,0.0,Single person,47000.0,20000.0,Yes
142,212500,2024-01-29 19:01:15.000,"11 Indian Woods Way, Unit 11 ~ Canton",MyMassHome,34.0,White,No,Holbrook,1,0.0,Single person,75000.0,73635.0,No
143,794551,2024-01-30 00:02:11.000,"11 Indian Woods Way, Unit 11 ~ Canton",Real Estate Agent,49.0,Black or African American,No,Canton,3,0.0,"Married/partners/couple, with dependents",90000.0,17000.0,Yes
144,411734,2024-01-30 09:46:29.000,"15 Jasmine Drive, Unit 17 ~ West Boylston",Social Media,39.0,White,No,Lawrence,1,0.0,Single person,59964.0,64798.0,No
145,434528,2024-01-30 15:13:14.000,"11 Indian Woods Way, Unit 11 ~ Canton",City of Boston Metrolist,27.0,Black or African American,No,Boston,2,1.0,Single parent,4600.0,66000.0,Yes
146,67581,2024-01-30 15:19:34.000,"11 Indian Woods Way, Unit 11 ~ Canton",Real Estate Agent,34.0,White,No,Mansfield,1,0.0,Single person,80591.0,69091.0,No
147,312932,2024-01-31 11:00:46.000,"11 Indian Woods Way, Unit 11 ~ Canton",Real Estate Agent,52.0,Black or African American,No,Hyde Park,2,1.0,Single parent,89696.0,11000.0,Yes
148,116377,2024-02-01 00:08:49.000,501 Commerce Drive Unit 1-116 ~ Braintree,Real Estate Agent,24.0,Black or African American Hispanic/Latino,No,Lynn,1,0.0,Single person,81250.0,47525.0,Yes
149,100881,2024-02-01 08:42:56.000,"11 Indian Woods Way, Unit 11 ~ Canton",Real Estate Agent,27.0,White,No,"Quincy, MA",2,0.0,one brother,64000.0,69000.0,No
150,756629,2024-02-01 09:08:06.000,"11 Indian Woods Way, Unit 11 ~ Canton",Real Estate Agent,23.0,Black or African American,No,Dorchester,6,0.0,"More than one related adults, no dependents",43000.0,0.0,No
151,779544,2024-02-01 09:30:55.000,"11 Indian Woods Way, Unit 11 ~ Canton",Zillow/Trulia/Etc.,36.0,Black or African American,No,Lawrence,1,0.0,Single person,81000.0,3000.0,Yes
152,306548,2024-02-01 11:26:24.000,"11 Indian Woods Way, Unit 11 ~ Canton",Real Estate Agent,25.0,Black or African American,No,"Westwood, MA",1,0.0,Single person,60000.0,27369.8,No
153,970420,2024-02-01 18:25:26.000,"11 Indian Woods Way, Unit 11 ~ Canton",Urban Edge Housing,55.0,Black or African American,No,Boston,3,1.0,Single parent,70000.0,15800.0,Yes
154,151993,2024-02-01 21:07:57.000,"11 Indian Woods Way, Unit 11 ~ Canton",Zillow/Trulia/Etc.,40.0,White,No,Randolph,2,1.0,Single parent,77000.0,57000.0,No
155,319525,2024-02-02 00:00:00.000,"11 Indian Woods Way, Unit 11 ~ Canton",,42.0,,,Dorchester,4,3.0,married,95000.0,11709.0,
156,542449,2024-02-02 12:35:14.000,"11 Indian Woods Way, Unit 11 ~ Canton",MyMassHome,34.0,Black or African American Hispanic/Latino,No,Boston,2,1.0,Single parent,98300.0,42301.17,Yes
157,792408,2024-02-02 14:03:33.000,"11 Indian Woods Way, Unit 11 ~ Canton",Redfin,43.0,Italian,No,Braintree,3,1.0,Domestic Partners 1 child 13yrs,76960.0,25000.0,No
158,98652,2024-02-02 15:22:37.000,"11 Indian Woods Way, Unit 11 ~ Canton",Friend/Word of Mouth,64.0,White,No,Saugus,2,0.0,"Married/partners/couple, no dependents",102258.8,27600.0,No
159,55163,2024-02-02 16:39:21.000,"11 Indian Woods Way, Unit 11 ~ Canton",Friend/Word of Mouth,63.0,Asian/Pacific Islander,No,Norwood,2,0.0,"Married/partners/couple, no dependents",89964.21,63196.79,Yes
160,839723,2024-02-02 19:50:19.000,501 Commerce Drive Unit 1-116 ~ Braintree,MyMassHome,30.0,White,No,Dorchester,1,0.0,Single person,71511.0,54235.0,Yes
161,422005,2024-02-03 12:51:53.000,"11 Indian Woods Way, Unit 11 ~ Canton",Real Estate Agent,29.0,White,No,Dedham,1,0.0,Single person,77000.0,12000.0,No
162,309113,2024-02-03 14:08:48.000,"11 Indian Woods Way, Unit 11 ~ Canton",MyMassHome,47.0,White,No,West Roxbury,1,0.0,Single person,64457.0,20000.0,Yes
163,688088,2024-02-03 16:32:35.000,"11 Indian Woods Way, Unit 11 ~ Canton",MyMassHome,33.0,White Hispanic/Latino,No,Hyde Park,3,1.0,"Married/partners/couple, with dependents",72000.0,66000.0,No
164,892074,2024-02-03 17:52:12.000,"11 Indian Woods Way, Unit 11 ~ Canton",Real Estate Agent,45.0,Black or African American,No,Canton,2,1.0,Single parent,58240.0,20000.0,No
165,447389,2024-02-04 15:21:12.000,"11 Indian Woods Way, Unit 11 ~ Canton",MyMassHome,65.0,White,No,Plainville,1,0.0,Single person,49348.0,291000.0,No
166,209534,2024-02-04 17:17:31.000,"11 Indian Woods Way, Unit 11 ~ Canton",City of Boston Metrolist,41.0,White,No,Newton,3,1.0,"Married/partners/couple, with dependents",88000.0,51000.0,Yes
167,392442,2024-02-04 20:12:05.000,"11 Indian Woods Way, Unit 11 ~ Canton",MyMassHome,40.0,Asian/Pacific Islander,No,Quincy,4,2.0,"Married/partners/couple, with dependents",81000.0,35000.0,Yes
168,683025,2024-02-05 09:01:27.000,"11 Indian Woods Way, Unit 11 ~ Canton",Zillow/Trulia/Etc.,55.0,Black or African American,No,Roslindale,1,0.0,Single person,52000.0,0.0,No
169,871729,2024-02-05 09:22:37.000,"11 Indian Woods Way, Unit 11 ~ Canton",Friend/Word of Mouth,30.0,White,No,Bridgewater,1,0.0,Single person,32024.92,23858.19,No
170,598118,2024-02-05 10:56:08.000,"11 Indian Woods Way, Unit 11 ~ Canton",City of Boston Metrolist,32.0,Black or African American,No,Bellingham,1,0.0,Single person,76000.0,26000.0,Yes
171,57222,2024-02-05 11:54:57.000,"11 Indian Woods Way, Unit 11 ~ Canton",Real Estate Agent,52.0,Choose not to answer Hispanic/Latino,No,Canton MA,2,1.0,Single parent,61800.0,65593.0,Yes
172,465266,2024-02-05 12:16:51.000,"11 Indian Woods Way, Unit 11 ~ Canton",Real Estate Agent,33.0,Black or African American,No,Quincy,1,0.0,Single person,72000.0,31965.36,Yes
173,235620,2024-02-05 12:39:45.000,"11 Indian Woods Way, Unit 11 ~ Canton",Zillow/Trulia/Etc.,38.0,White,No,Quincy,1,0.0,Single person,79570.0,58000.0,No
174,1595,2024-02-05 13:37:10.000,"11 Indian Woods Way, Unit 11 ~ Canton",City of Boston Metrolist,56.0,Black or African American,No,Boston,2,1.0,Single parent,92700.0,45000.0,Yes
175,428610,2024-02-05 13:48:47.000,"11 Indian Woods Way, Unit 11 ~ Canton",City of Boston Metrolist,47.0,Choose not to answer,No,Somerville,1,0.0,Single person,85000.0,28000.0,Yes
176,521091,2024-02-05 14:17:22.000,"11 Indian Woods Way, Unit 11 ~ Canton",Real Estate Agent,53.0,Black or African American,No,Randolph,2,0.0,"More than one related adults, no dependents",79017.0,73782.0,No
177,556415,2024-02-05 14:26:01.000,"11 Indian Woods Way, Unit 11 ~ Canton",not sure,36.0,Black or African American,No,Canton,2,1.0,Single parent,50003.0,27000.0,No
178,98652,2024-02-05 14:54:20.000,"11 Indian Woods Way, Unit 11 ~ Canton",Friend/Word of Mouth,64.0,White,No,saugus,2,0.0,"Married/partners/couple, no dependents",91179.48,47732.25,No
179,293917,2024-02-05 17:02:57.000,"11 Indian Woods Way, Unit 11 ~ Canton",Zillow/Trulia/Etc.,29.0,White,No,Norwood,3,0.0,Single person,,2.0,No
180,452219,2024-02-05 20:17:37.000,"11 Indian Woods Way, Unit 11 ~ Canton",Real Estate Agent,47.0,White Hispanic/Latino,No,Taunton,2,0.0,"Married/partners/couple, no dependents",69000.0,149699.0,Yes
181,235620,2024-02-06 11:29:35.000,501 Commerce Drive Unit 1-116 ~ Braintree,Zillow/Trulia/Etc.,38.0,White,No,Quincy,1,0.0,Single person,79570.0,58000.0,No
182,161876,2024-02-08 18:40:21.000,501 Commerce Drive Unit 1-116 ~ Braintree,Zillow/Trulia/Etc.,26.0,Asian/Pacific Islander,No,Braintree,1,0.0,Single person,49460.55,74998.37,Yes
183,57222,2024-02-09 15:21:47.000,501 Commerce Drive Unit 1-116 ~ Braintree,Real Estate Agent,52.0,Choose not to answer Hispanic/Latino,No,Canton MA,2,1.0,Single parent,61800.0,65593.0,Yes
184,932597,2024-02-09 15:35:19.000,501 Commerce Drive Unit 1-116 ~ Braintree,Real Estate Agent,30.0,Asian/Pacific Islander,No,Quincy,2,0.0,"Married/partners/couple, no dependents",87000.0,87000.0,Yes
185,832958,2024-02-12 00:23:20.000,501 Commerce Drive Unit 1-116 ~ Braintree,Real Estate Agent,33.0,Black or African American,No,Quincy,1,0.0,Single person,72000.0,31965.36,Yes
186,235620,2024-02-22 18:31:22.000,"501 Commerce Drive, Unit 4-302 ~ Braintree",Zillow/Trulia/Etc.,38.0,White,No,Quincy,1,0.0,Single person,79500.0,56000.0,No
187,235620,2024-02-22 18:31:22.000,"501 Commerce Drive, Unit 4-302 ~ Braintree",Zillow/Trulia/Etc.,38.0,White,No,Quincy,1,0.0,Single person,79500.0,56000.0,No
188,595848,2024-02-22 19:02:02.000,"501 Commerce Drive, Unit 4-302 ~ Braintree",MyMassHome,23.0,Choose not to answer,No,Milton,1,0.0,Single person,57138.6,73493.76,No
189,595848,2024-02-22 19:02:02.000,"501 Commerce Drive, Unit 4-302 ~ Braintree",MyMassHome,23.0,Choose not to answer,No,Milton,1,0.0,Single person,57138.6,73493.76,No
190,839723,2024-02-22 19:02:32.000,"501 Commerce Drive, Unit 4-302 ~ Braintree",MyMassHome,30.0,White,No,"Dorchester, MA",1,1.0,Single person,74000.0,60000.0,Yes
191,839723,2024-02-22 19:02:32.000,"501 Commerce Drive, Unit 4-302 ~ Braintree",MyMassHome,30.0,White,No,"Dorchester, MA",1,1.0,Single person,74000.0,60000.0,Yes
192,534001,2024-02-23 10:48:34.000,"501 Commerce Drive, Unit 4-302 ~ Braintree",MyMassHome,34.0,Asian/Pacific Islander,No,quincy,1,0.0,Single person,55000.0,70000.0,Yes
193,534001,2024-02-23 10:48:34.000,"501 Commerce Drive, Unit 4-302 ~ Braintree",MyMassHome,34.0,Asian/Pacific Islander,No,quincy,1,0.0,Single person,55000.0,70000.0,Yes
194,478186,2024-02-23 12:05:02.000,"501 Commerce Drive, Unit 4-302 ~ Braintree",Zillow/Trulia/Etc.,32.0,White,No,Marshfield,1,0.0,Single person,60000.0,20000.0,Yes
195,478186,2024-02-23 12:05:02.000,"501 Commerce Drive, Unit 4-302 ~ Braintree",Zillow/Trulia/Etc.,32.0,White,No,Marshfield,1,0.0,Single person,60000.0,20000.0,Yes
196,92812,2024-02-25 16:28:19.000,"501 Commerce Drive, Unit 4-302 ~ Braintree",Zillow/Trulia/Etc.,26.0,Asian/Pacific Islander,No,Fitchburg,1,0.0,Single person,69125.0,45000.0,No
197,92812,2024-02-25 16:28:19.000,"501 Commerce Drive, Unit 4-302 ~ Braintree",Zillow/Trulia/Etc.,26.0,Asian/Pacific Islander,No,Fitchburg,1,0.0,Single person,69125.0,45000.0,No
198,116377,2024-02-26 15:27:36.000,"501 Commerce Drive, Unit 4-302 ~ Braintree",MyMassHome,24.0,Black or African American Hispanic/Latino,No,Lynn,1,0.0,Single person,81250.0,47525.0,Yes
199,116377,2024-02-26 15:27:36.000,"501 Commerce Drive, Unit 4-302 ~ Braintree",MyMassHome,24.0,Black or African American Hispanic/Latino,No,Lynn,1,0.0,Single person,81250.0,47525.0,Yes
200,574556,2024-02-27 00:59:59.000,"501 Commerce Drive, Unit 4-302 ~ Braintree",Real Estate Agent,30.0,"Asian/Pacific Islander, White",No,Quincy,2,0.0,"Married/partners/couple, no dependents",87000.0,87000.0,Yes
201,574556,2024-02-27 00:59:59.000,"501 Commerce Drive, Unit 4-302 ~ Braintree",Real Estate Agent,30.0,"Asian/Pacific Islander, White",No,Quincy,2,0.0,"Married/partners/couple, no dependents",87000.0,87000.0,Yes
202,197561,2024-02-27 17:09:34.000,"501 Commerce Drive, Unit 4-302 ~ Braintree",MyMassHome,32.0,Asian/Pacific Islander,No,charlestown,2,1.0,Single parent,60000.0,60000.0,Yes
203,197561,2024-02-27 17:09:34.000,"501 Commerce Drive, Unit 4-302 ~ Braintree",MyMassHome,32.0,Asian/Pacific Islander,No,charlestown,2,1.0,Single parent,60000.0,60000.0,Yes
204,8760,2024-02-27 20:26:45.000,39 Swifts Beach Road ~ Wareham,Nancy DeSousa,63.0,White,No,Abington,1,0.0,Single person,75000.0,11346.0,No
205,20339,2024-02-28 09:58:04.000,39 Swifts Beach Road ~ Wareham,Real Estate Agent,39.0,Greek,No,Yarmouthport,2,1.0,Single parent,70000.0,17000.0,No
206,331609,2024-02-28 12:32:18.000,"501 Commerce Drive, Unit 4-302 ~ Braintree",Real Estate Agent,47.0,Black or African American,No,Dorchester,1,0.0,separated,44000.0,12500.0,Yes
207,331609,2024-02-28 12:32:18.000,"501 Commerce Drive, Unit 4-302 ~ Braintree",Real Estate Agent,47.0,Black or African American,No,Dorchester,1,0.0,separated,44000.0,12500.0,Yes
208,331609,2024-02-28 12:32:18.000,"501 Commerce Drive, Unit 4-302 ~ Braintree",Real Estate Agent,47.0,Black or African American,No,Dorchester,1,0.0,separated,44000.0,12500.0,Yes
209,524503,2024-02-28 15:30:07.000,"501 Commerce Drive, Unit 4-302 ~ Braintree",Real Estate Agent,25.0,Middle Eastern,No,Weymouth,1,0.0,Single person,68000.0,15000.0,Yes
210,524503,2024-02-28 15:30:07.000,"501 Commerce Drive, Unit 4-302 ~ Braintree",Real Estate Agent,25.0,Middle Eastern,No,Weymouth,1,0.0,Single person,68000.0,15000.0,Yes
211,524503,2024-02-28 15:30:07.000,"501 Commerce Drive, Unit 4-302 ~ Braintree",Real Estate Agent,25.0,Middle Eastern,No,Weymouth,1,0.0,Single person,68000.0,15000.0,Yes
212,16549,2024-02-28 16:08:15.000,"501 Commerce Drive, Unit 4-302 ~ Braintree",Real Estate Agent,26.0,White,No,Weymouth,2,0.0,Single person,75000.0,48200.0,No
213,16549,2024-02-28 16:08:15.000,"501 Commerce Drive, Unit 4-302 ~ Braintree",Real Estate Agent,26.0,White,No,Weymouth,2,0.0,Single person,75000.0,48200.0,No
214,16549,2024-02-28 16:08:15.000,"501 Commerce Drive, Unit 4-302 ~ Braintree",Real Estate Agent,26.0,White,No,Weymouth,2,0.0,Single person,75000.0,48200.0,No
215,832958,2024-02-28 19:32:50.000,"501 Commerce Drive, Unit 4-302 ~ Braintree",Real Estate Agent,33.0,Black or African American,No,Quincy,1,0.0,Single person,72000.0,31016.08,Yes
216,832958,2024-02-28 19:32:50.000,"501 Commerce Drive, Unit 4-302 ~ Braintree",Real Estate Agent,33.0,Black or African American,No,Quincy,1,0.0,Single person,72000.0,31016.08,Yes
217,832958,2024-02-28 19:32:50.000,"501 Commerce Drive, Unit 4-302 ~ Braintree",Real Estate Agent,33.0,Black or African American,No,Quincy,1,0.0,Single person,72000.0,31016.08,Yes
218,252456,2024-02-28 22:36:35.000,"501 Commerce Drive, Unit 4-302 ~ Braintree",City of Boston Metrolist,36.0,Asian/Pacific Islander,No,Quincy,1,0.0,Single person,74000.0,35700.0,Yes
219,252456,2024-02-28 22:36:35.000,"501 Commerce Drive, Unit 4-302 ~ Braintree",City of Boston Metrolist,36.0,Asian/Pacific Islander,No,Quincy,1,0.0,Single person,74000.0,35700.0,Yes
220,252456,2024-02-28 22:36:35.000,"501 Commerce Drive, Unit 4-302 ~ Braintree",City of Boston Metrolist,36.0,Asian/Pacific Islander,No,Quincy,1,0.0,Single person,74000.0,35700.0,Yes
221,372544,2024-02-29 12:55:21.000,"501 Commerce Drive, Unit 4-302 ~ Braintree",City of Boston Metrolist,37.0,White,No,Stoughton,1,0.0,Single person,75000.0,8500.0,No
222,372544,2024-02-29 12:55:21.000,"501 Commerce Drive, Unit 4-302 ~ Braintree",City of Boston Metrolist,37.0,White,No,Stoughton,1,0.0,Single person,75000.0,8500.0,No
223,372544,2024-02-29 12:55:21.000,"501 Commerce Drive, Unit 4-302 ~ Braintree",City of Boston Metrolist,37.0,White,No,Stoughton,1,0.0,Single person,75000.0,8500.0,No
224,538336,2024-02-29 18:38:53.000,"84 Cocasset Street, Unit B2 ~ Foxborough - (first come, first serve)",Real Estate Agent,32.0,Black or African American,No,Canton,1,0.0,Single person,73800.0,8239.0,No
225,805909,2024-03-02 01:41:08.000,"501 Commerce Drive, Unit 4-302 ~ Braintree",Redfin,28.0,Asian/Pacific Islander,No,Braintree,2,0.0,"Married/partners/couple, no dependents",43317.0,33000.0,No
226,805909,2024-03-02 01:41:08.000,"501 Commerce Drive, Unit 4-302 ~ Braintree",Redfin,28.0,Asian/Pacific Islander,No,Braintree,2,0.0,"Married/partners/couple, no dependents",43317.0,33000.0,No
227,805909,2024-03-02 01:41:08.000,"501 Commerce Drive, Unit 4-302 ~ Braintree",Redfin,28.0,Asian/Pacific Islander,No,Braintree,2,0.0,"Married/partners/couple, no dependents",43317.0,33000.0,No
228,818528,2024-03-02 08:17:59.000,"501 Commerce Drive, Unit 4-302 ~ Braintree",Real Estate Agent,23.0,Asian/Pacific Islander,No,Braintree,1,0.0,Single person,65000.0,53000.0,No
229,818528,2024-03-02 08:17:59.000,"501 Commerce Drive, Unit 4-302 ~ Braintree",Real Estate Agent,23.0,Asian/Pacific Islander,No,Braintree,1,0.0,Single person,65000.0,53000.0,No
230,818528,2024-03-02 08:17:59.000,"501 Commerce Drive, Unit 4-302 ~ Braintree",Real Estate Agent,23.0,Asian/Pacific Islander,No,Braintree,1,0.0,Single person,65000.0,53000.0,No
231,683662,2024-03-02 17:24:36.000,39 Swifts Beach Road ~ Wareham,Real Estate Agent,42.0,White,No,Barnstable,2,0.0,Single parent,87000.0,45000.0,No
232,455226,2024-03-02 18:19:25.000,39 Swifts Beach Road ~ Wareham,MyMassHome,34.0,Spanish Hispanic/Latino,No,Acushnet,3,1.0,"Married/partners/couple, with dependents",98000.0,6800.0,Yes
233,818443,2024-03-02 19:20:12.000,39 Swifts Beach Road ~ Wareham,Real Estate Agent,33.0,Black or African American,No,Boston,5,3.0,"Married/partners/couple, with dependents",56000.0,30496.0,Yes
234,984278,2024-03-03 00:00:00.000,39 Swifts Beach Road ~ Wareham,,63.0,,,Lynn,5,3.0,Married,73000.0,32000.0,
235,571228,2024-03-03 20:51:34.000,"501 Commerce Drive, Unit 4-302 ~ Braintree",MyMassHome,32.0,Asian/Pacific Islander,No,Braintree,1,0.0,Single person,50000.0,8000.0,Yes
236,20339,2024-03-04 08:56:53.000,39 Swifts Beach Road ~ Wareham,Social Media,39.0,Choose not to answer,No,West Dennis,3,1.0,"More than one related adults, with dependents",96000.0,15000.0,No
237,638503,2024-03-04 13:55:03.000,"501 Commerce Drive, Unit 4-302 ~ Braintree",Real Estate Agent,30.0,Asian/Pacific Islander,No,Quincy,1,0.0,Single person,57300.0,9500.0,No
238,638503,2024-03-04 13:55:03.000,"501 Commerce Drive, Unit 4-302 ~ Braintree",Real Estate Agent,30.0,Asian/Pacific Islander,No,Quincy,1,0.0,Single person,57300.0,9500.0,No
239,617949,2024-03-04 17:05:16.000,39 Swifts Beach Road ~ Wareham,Real Estate Agent,31.0,White,No,New Bedford,1,0.0,Single person,66000.0,21048.0,No
240,514966,2024-03-04 19:41:18.000,"501 Commerce Drive, Unit 4-302 ~ Braintree",Real Estate Agent,43.0,White Hispanic/Latino,No,East Boston,1,0.0,Single person,77783.96,64000.0,Yes
241,514966,2024-03-04 19:41:18.000,"501 Commerce Drive, Unit 4-302 ~ Braintree",Real Estate Agent,43.0,White Hispanic/Latino,No,East Boston,1,0.0,Single person,77783.96,64000.0,Yes
242,96297,2024-03-04 23:21:23.000,"501 Commerce Drive, Unit 4-302 ~ Braintree",Real Estate Agent,23.0,Asian/Pacific Islander,No,Braintree,1,0.0,Single person,60000.0,60476.62,No
243,96297,2024-03-04 23:21:23.000,"501 Commerce Drive, Unit 4-302 ~ Braintree",Real Estate Agent,23.0,Asian/Pacific Islander,No,Braintree,1,0.0,Single person,60000.0,60476.62,No
244,139680,2024-03-04 23:52:24.000,"501 Commerce Drive, Unit 4-302 ~ Braintree",City of Boston Metrolist,59.0,Black or African American,No,Dorchester,1,0.0,Single person,66828.31,41600.26,Yes
245,139680,2024-03-04 23:52:24.000,"501 Commerce Drive, Unit 4-302 ~ Braintree",City of Boston Metrolist,59.0,Black or African American,No,Dorchester,1,0.0,Single person,66828.31,41600.26,Yes
246,139680,2024-03-05 01:01:44.000,2 Marys Way ~ Lakeville (age restricted),City of Boston Metrolist,59.0,Black or African American,No,Dorchester,1,0.0,Single person,65000.0,41600.0,Yes
247,960676,2024-03-05 10:16:02.000,"501 Commerce Drive, Unit 4-302 ~ Braintree",Real Estate Agent,44.0,Asian/Pacific Islander,No,Brockton,3,1.0,"Married/partners/couple, with dependents",53794.0,5200.0,No
248,960676,2024-03-05 10:16:02.000,"501 Commerce Drive, Unit 4-302 ~ Braintree",Real Estate Agent,44.0,Asian/Pacific Islander,No,Brockton,3,1.0,"Married/partners/couple, with dependents",53794.0,5200.0,No
249,441853,2024-03-05 14:41:15.000,"501 Commerce Drive, Unit 4-302 ~ Braintree",MyMassHome,30.0,White,No,Scituate,1,0.0,Single person,54000.0,49000.0,Yes
250,441853,2024-03-05 14:41:15.000,"501 Commerce Drive, Unit 4-302 ~ Braintree",MyMassHome,30.0,White,No,Scituate,1,0.0,Single person,54000.0,49000.0,Yes
251,761925,2024-03-05 15:26:42.000,"501 Commerce Drive, Unit 4-302 ~ Braintree",MyMassHome,45.0,White,Yes,Braintree,2,1.0,Single parent,58450.0,52000.0,No
252,761925,2024-03-05 15:26:42.000,"501 Commerce Drive, Unit 4-302 ~ Braintree",MyMassHome,45.0,White,Yes,Braintree,2,1.0,Single parent,58450.0,52000.0,No
253,214450,2024-03-05 15:57:25.000,"501 Commerce Drive, Unit 4-302 ~ Braintree",MyMassHome,38.0,White,No,Quincy,1,0.0,Single person,79000.0,17000.0,Yes
254,214450,2024-03-05 15:57:25.000,"501 Commerce Drive, Unit 4-302 ~ Braintree",MyMassHome,38.0,White,No,Quincy,1,0.0,Single person,79000.0,17000.0,Yes
255,506763,2024-03-05 16:47:31.000,"501 Commerce Drive, Unit 4-302 ~ Braintree",MyMassHome,29.0,"Black or African American, White",No,Middleboro,1,0.0,Single person,52000.0,40000.0,Yes
256,506763,2024-03-05 16:47:31.000,"501 Commerce Drive, Unit 4-302 ~ Braintree",MyMassHome,29.0,"Black or African American, White",No,Middleboro,1,0.0,Single person,52000.0,40000.0,Yes
257,798926,2024-03-05 19:18:18.000,"501 Commerce Drive, Unit 4-302 ~ Braintree",MyMassHome,25.0,Black or African American Hispanic/Latino,No,braintree,2,0.0,"More than one related adults, no dependents",85000.0,0.0,No
258,798926,2024-03-05 19:18:18.000,"501 Commerce Drive, Unit 4-302 ~ Braintree",MyMassHome,25.0,Black or African American Hispanic/Latino,No,braintree,2,0.0,"More than one related adults, no dependents",85000.0,0.0,No
259,131995,2024-03-06 13:03:15.000,39 Swifts Beach Road ~ Wareham,Friend/Word of Mouth,46.0,"Black or African American, Native American/Alaskan Native, White",No,Carver,4,2.0,"Married/partners/couple, with dependents",113000.0,33875.0,Yes
260,136270,2024-03-06 18:41:35.000,1205 Albion Road ~ Bedford,Zillow/Trulia/Etc.,24.0,White,No,"Marlborough,MA",1,0.0,Single person,78435.24,31616.2,No
261,352214,2024-03-06 20:00:24.000,39 Swifts Beach Road ~ Wareham,MyMassHome,34.0,Spanish Hispanic/Latino,No,Acushnet,3,1.0,"Married/partners/couple, with dependents",98235.0,6800.0,Yes
262,847026,2024-03-07 14:20:57.000,39 Swifts Beach Road ~ Wareham,Real Estate Agent,34.0,Asian/Pacific Islander,No,Holbrook,3,1.0,"Married/partners/couple, with dependents",104000.0,41347.0,Yes
263,805909,2024-03-07 22:11:16.000,1205 Albion Road ~ Bedford,MyMassHome,28.0,Asian/Pacific Islander,No,Braintree,2,0.0,"Married/partners/couple, no dependents",43319.09,34120.38,No
264,349498,2024-03-08 16:01:45.000,39 Swifts Beach Road ~ Wareham,Zillow/Trulia/Etc.,34.0,Black or African American Hispanic/Latino,No,Middletown,1,0.0,Single person,66560.0,15430.99,Yes
265,74357,2024-03-09 20:24:11.000,39 Swifts Beach Road ~ Wareham,Real Estate Agent,39.0,Black or African American,No,fall river,2,0.0,"Married/partners/couple, no dependents",74911.0,28358.0,No
266,552996,2024-03-10 11:14:43.000,39 Swifts Beach Road ~ Wareham,Social Media,34.0,"Black or African American, White",No,Wareham,3,2.0,Single parent,94531.0,54435.78,No
267,129241,2024-03-10 14:20:36.000,39 Swifts Beach Road ~ Wareham,Real Estate Agent,22.0,White,No,Plymouth,1,0.0,Single person,80000.0,49000.0,Yes
268,322889,2024-03-10 14:34:28.000,"501 Commerce Drive, Unit 4-302 ~ Braintree",Real Estate Agent,40.0,Black or African American,No,Boston,2,0.0,"Married/partners/couple, no dependents",66000.0,17925.0,No
269,322889,2024-03-10 14:34:28.000,"501 Commerce Drive, Unit 4-302 ~ Braintree",Real Estate Agent,40.0,Black or African American,No,Boston,2,0.0,"Married/partners/couple, no dependents",66000.0,17925.0,No
270,243787,2024-03-11 09:43:33.000,39 Swifts Beach Road ~ Wareham,MyMassHome,36.0,White,No,Taunton,1,0.0,Single person,62000.0,20000.0,No
271,550313,2024-03-11 10:35:18.000,39 Swifts Beach Road ~ Wareham,Zillow/Trulia/Etc.,23.0,Guatemalan Hispanic/Latino,No,Bridgewater,1,0.0,Single person,52207.0,0.0,No
272,597537,2024-03-11 15:35:18.000,2 Marys Way ~ Lakeville (age restricted),Zillow/Trulia/Etc.,68.0,White,No,"Foxboro, MA",1,0.0,Single person,53000.0,63.0,No
273,323959,2024-03-11 16:29:33.000,39 Swifts Beach Road ~ Wareham,Zillow/Trulia/Etc.,42.0,"Choose not to answer,",No,Braintree,3,0.0,"More than one related adults, no dependents",68000.0,10000.0,No
274,243771,2024-03-12 09:08:05.000,1205 Albion Road ~ Bedford,Zillow/Trulia/Etc.,67.0,Asian/Pacific Islander,Yes,Tewksbury,2,0.0,"Married/partners/couple, no dependents",45000.0,10000.0,Yes
275,973073,2024-03-12 18:37:07.000,1205 Albion Road ~ Bedford,Zillow/Trulia/Etc.,26.0,White,No,Woburn,1,0.0,Single person,78500.0,71000.0,No
276,556172,2024-03-17 20:01:02.000,1205 Albion Road ~ Bedford,MyMassHome,23.0,White,No,Burlington,2,0.0,"Married/partners/couple, no dependents",54900.0,70000.0,Yes
277,521641,2024-03-18 14:27:53.000,1205 Albion Road ~ Bedford,Zillow/Trulia/Etc.,23.0,"Asian/Pacific Islander, White",No,Burlington,1,0.0,Single person,45760.0,44800.0,No
278,697413,2024-03-18 15:07:46.000,1205 Albion Road ~ Bedford,MyMassHome,59.0,Middle Eastern,No,Burlington,1,0.0,Single person,72000.0,85000.0,Yes
279,126948,2024-03-20 11:24:23.000,"170 Haverhill Street, #117 ~ Andover",MyMassHome,34.0,White,No,Andover,3,2.0,Single parent,75000.0,3000.0,Yes
280,611835,2024-03-21 15:54:03.000,"170 Haverhill Street, #117 ~ Andover",Merrimack Valley Housing Partnership,37.0,White,No,Lowell,1,0.0,Single person,46000.0,36000.0,Yes
281,709769,2024-03-21 17:52:34.000,"170 Haverhill Street, #117 ~ Andover",Real Estate Agent,34.0,White,No,Lynn,1,0.0,Single person,70000.0,0.0,Yes
282,441853,2024-03-21 18:38:51.000,"170 Haverhill Street, #117 ~ Andover",MyMassHome,30.0,White,No,Scituate,1,0.0,Single person,54000.0,48000.0,Yes
283,709769,2024-03-23 14:38:44.000,"170 Haverhill Street, #117 ~ Andover",Real Estate Agent,34.0,White,No,Lynn,1,0.0,Single person,70000.0,0.0,Yes
284,478186,2024-04-01 20:17:18.000,"100 Franklin Street, #A1 ~ Whitman",Zillow/Trulia/Etc.,32.0,White,No,Marshfield,1,0.0,Single person,60000.0,33691.77,Yes
285,509311,2024-04-02 11:28:27.000,"5 Woodman Way, #308B ~ Newburyport",MyMassHome,38.0,Afghan,No,south hamilton,5,0.0,"Divorced with More than one related adults, with dependents",53000.0,60000.0,Yes
286,509311,2024-04-02 12:04:05.000,"100 Franklin Street, #A1 ~ Whitman",MyMassHome,38.0,AFGHAN,No,S. Hamilton,1,0.0,"DIVORCED WITH More than one related adults, with dependents",53000.0,60000.0,Yes
287,129557,2024-04-03 09:54:58.000,"5 Woodman Way, #308B ~ Newburyport",MyMassHome,55.0,White,No,Essex,2,0.0,Single parent,50000.0,65000.0,Yes
288,460711,2024-04-03 12:22:14.000,"100 Franklin Street, #A1 ~ Whitman",MyMassHome,26.0,White,No,Quincy,6,0.0,Live with parents,64415.96,14667.27,No
289,571228,2024-04-03 21:25:50.000,"100 Franklin Street, #A1 ~ Whitman",MyMassHome,32.0,Asian/Pacific Islander,No,Braintree,1,0.0,Single person,50000.0,10000.0,Yes
290,194867,2024-04-04 15:40:46.000,"100 Franklin Street, #A1 ~ Whitman",City of Boston Metrolist,37.0,White,No,Stoughton,1,0.0,Single person,70000.0,4000.0,No
291,226830,2024-04-05 08:35:09.000,"100 Franklin Street, #A1 ~ Whitman",Real Estate Agent,55.0,Black or African American,No,Brockton,3,1.0,Single person,73000.0,3500.0,Yes
292,868800,2024-04-06 14:53:09.000,"100 Franklin Street, #A1 ~ Whitman",City of Boston Metrolist,39.0,White,No,Boston,2,0.0,"More than one related adults, with dependents",93600.0,69226.21,Yes
293,51257,2024-04-06 18:22:24.000,"100 Franklin Street, #A1 ~ Whitman",MyMassHome,35.0,White,No,"Mansfield, MA",1,0.0,Single person,80591.29,61185.66,No
294,100899,2024-04-08 16:30:56.000,"5 Woodman Way, #308B ~ Newburyport",Zillow/Trulia/Etc.,42.0,White,No,LOWELL,2,0.0,"Married/partners/couple, no dependents",93600.0,28000.0,No
295,628135,2024-04-09 12:43:55.000,"100 Franklin Street, #A1 ~ Whitman",Real Estate Agent,33.0,Black or African American,No,Brockton,2,1.0,Single parent,54653.0,7000.0,Yes
296,535080,2024-04-09 21:04:25.000,"5 Woodman Way, #308B ~ Newburyport",MyMassHome,27.0,Latin American Hispanic/Latino,No,"West Newbury, MA",1,0.0,Single person,85000.0,51559.78,Yes
297,209217,2024-04-09 21:17:24.000,"5 Woodman Way, #308B ~ Newburyport",Real Estate Agent,41.0,White,No,Andover,2,1.0,Single parent,74693.51,73241.61,No
298,371888,2024-04-10 17:12:37.000,"100 Franklin Street, #A1 ~ Whitman",Zillow/Trulia/Etc.,47.0,White,No,Rockland,2,1.0,Separated with 1 dependent,72000.0,16600.0,No
299,125246,2024-04-10 18:58:11.000,"5 Woodman Way, #308B ~ Newburyport",MyMassHome,39.0,White,No,Danvers,1,0.0,"Single, would like to foster/adopt",81500.0,41000.0,No
300,466553,2024-04-12 11:40:39.000,"5 Woodman Way, #308B ~ Newburyport",MyMassHome,31.0,White,No,Newburyport,1,0.0,Single person,71000.0,26937.0,Yes
301,493376,2024-04-12 12:33:19.000,"100 Franklin Street, #A1 ~ Whitman",MyMassHome,44.0,White,No,Taunton,2,1.0,Single parent,61339.0,17210.0,No
302,406132,2024-04-12 16:22:43.000,"100 Franklin Street, #A1 ~ Whitman",Urban Edge,24.0,Choose not to answer,No,Brockton,1,0.0,Single person,65871.0,19214.0,Yes
303,548098,2024-04-12 20:23:43.000,"5 Woodman Way, #308B ~ Newburyport",Zillow/Trulia/Etc.,50.0,White Hispanic/Latino,No,amesbury,3,0.0,"Married/partners/couple, with dependents",60000.0,50.0,Yes
304,537226,2024-04-13 13:58:49.000,"5 Woodman Way, #308B ~ Newburyport",MyMassHome,25.0,Black or African American,No,Revere,3,0.0,Single person,75816.0,17000.0,Yes
305,163985,2024-04-14 15:57:07.000,"5 Woodman Way, #308B ~ Newburyport",MyMassHome,24.0,White,No,"Kensington, NH",1,0.0,Single person,55510.0,50460.0,No
306,756043,2024-04-14 18:58:08.000,"1 Magnolia Way, Unit 6 ~ Edgartown",Friend/Word of Mouth,28.0,White,No,Edgartown,1,0.0,Married - separated,57217.0,20087.0,No
307,843876,2024-04-15 09:46:53.000,"100 Franklin Street, #A1 ~ Whitman",Real Estate Agent,62.0,White,No,Taunton,2,0.0,"Married/partners/couple, with dependents",4200.0,5000.0,Yes
308,350276,2024-04-15 10:34:25.000,"100 Franklin Street, #A1 ~ Whitman",Real Estate Agent,30.0,"Black or African American, Cherokee Native American",No,Taunton,1,0.0,Single person,50000.0,0.0,Yes
309,964180,2024-04-15 13:22:51.000,"5 Woodman Way, #308B ~ Newburyport",MyMassHome,22.0,White,No,Medford,1,0.0,Single person,62587.0,26549.87,Yes
310,572863,2024-04-15 16:26:46.000,"5 Woodman Way, #308B ~ Newburyport",Zillow/Trulia/Etc.,47.0,Latino Hispanic/Latino,No,Methuen MA,2,1.0,Single person,72183.0,33223.61,Yes
311,139680,2024-04-15 20:13:28.000,"100 Franklin Street, #A1 ~ Whitman",Real Estate Agent,59.0,Black or African American,No,Dorchester,1,0.0,Single person,62313.62,42261.85,No
312,389283,2024-04-16 08:08:03.000,"100 Franklin Street, #A1 ~ Whitman",Real Estate Agent,72.0,Asian/Pacific Islander,Choose not to answer,Braintree,3,0.0,"More than one related adults, no dependents",83392.0,66738.0,No
313,540161,2024-04-16 10:46:18.000,"100 Franklin Street, #A1 ~ Whitman",Real Estate Agent,61.0,White,No,Rehoboth,1,0.0,Single person,69888.0,75000.0,No
314,911542,2024-04-16 12:21:42.000,"100 Franklin Street, #A1 ~ Whitman",Real Estate Agent,38.0,Asian/Pacific Islander,No,Brockton,3,0.0,"More than one related adults, no dependents",84452.0,66738.0,No
315,252864,2024-04-16 13:09:23.000,"5 Woodman Way, #308B ~ Newburyport",Zillow/Trulia/Etc.,72.0,White,Yes,Nahant,1,0.0,Single person,81000.0,4000.0,No
316,121104,2024-04-16 15:21:23.000,"5 Woodman Way, #308B ~ Newburyport",Real Estate Agent,21.0,White,No,"Byfield, MA",1,0.0,Single person,47000.0,17000.0,No
317,364237,2024-04-16 15:32:43.000,"100 Franklin Street, #A1 ~ Whitman",Real Estate Agent,47.0,White,No,Pembroke,2,1.0,Single parent,73454.95,52976.18,No
318,764996,2024-04-16 16:47:55.000,"5 Woodman Way, #308B ~ Newburyport",Zillow/Trulia/Etc.,63.0,White,No,Newberyport,2,0.0,"Married/partners/couple, no dependents",24000.0,7000.0,No
319,412771,2024-04-17 05:15:16.000,"1 Magnolia Way, Unit 6 ~ Edgartown",Martha's Vineyard Dukes County Regional Housing Authority,31.0,"White,",No,"Oak Bluffs, MA",1,0.0,Single person,47217.0,23000.0,Yes
320,72086,2024-04-22 15:05:24.000,"1 Magnolia Way, Unit 6 ~ Edgartown",Friend/Word of Mouth,55.0,White,No,Edgartown,2,0.0,"More than one related adults, no dependents",65000.0,45000.0,No
321,995013,2024-04-22 16:05:42.000,"1 Magnolia Way, Unit 6 ~ Edgartown",Island Housing Trust Terri Keech,68.0,White,No,Vineyard Haven,1,0.0,Single person,88701.6,69895.2,Yes
322,69098,2024-04-22 18:28:28.000,"1 Magnolia Way, Unit 6 ~ Edgartown",Friend/Word of Mouth,27.0,White,No,Vineyard Haven,1,0.0,Single person,59149.0,8000.0,No
323,804105,2024-04-23 22:08:03.000,"1 Magnolia Way, Unit 6 ~ Edgartown",Housing Authority MV,35.0,White,No,Vineyard Haven,1,0.0,Single person,67576.0,14115.45,No
324,567973,2024-04-24 13:20:43.000,"1 Magnolia Way, Unit 6 ~ Edgartown",Friend/Word of Mouth,71.0,White,Choose not to answer,Oak Bluffs,1,0.0,Single person,51247.0,41863.0,No
325,901469,2024-04-24 20:38:09.000,"1 Magnolia Way, Unit 6 ~ Edgartown",Friend/Word of Mouth,36.0,Part South American Indian (Guarani Tribe) Hispanic/Latino,No,Oak Bluffs,1,0.0,Single person,50000.0,2851.0,Yes
326,399829,2024-04-25 13:58:31.000,"1 Magnolia Way, Unit 6 ~ Edgartown",Dukes County Regional Housing Authority,39.0,White,No,Vineyard Haven,1,0.0,Single person,39276.0,6000.0,No
327,86644,2024-04-25 19:17:57.000,"1 Magnolia Way, Unit 6 ~ Edgartown",MyMassHome,31.0,White,No,Oak Bluffs,1,0.0,Single person,47000.0,41000.0,No
328,90905,2024-04-26 18:05:03.000,"1 Magnolia Way, Unit 6 ~ Edgartown",Friend/Word of Mouth,46.0,White,No,Oak Bluffs,1,0.0,Single person,69154.23,39471.8,No
329,979223,2024-04-27 13:43:28.000,"1 Magnolia Way, Unit 6 ~ Edgartown",Friend/Word of Mouth,76.0,White,No,Edgartown,1,0.0,Single person,56222.0,71805.0,Yes
330,4998,2024-04-28 09:33:06.000,"1 Magnolia Way, Unit 6 ~ Edgartown",Friend/Word of Mouth,36.0,White,No,Oak Bluffs,1,0.0,Single person,47000.0,22377.93,No
331,401716,2024-04-28 11:54:52.000,"1 Magnolia Way, Unit 6 ~ Edgartown",Friend/Word of Mouth,42.0,White,No,Edgartown,1,0.0,Single person,68515.0,35587.71,No
332,506440,2024-04-29 10:43:43.000,"1 Magnolia Way, Unit 6 ~ Edgartown",Friend/Word of Mouth,58.0,White,No,Vineyard Haven,3,1.0,"Married/partners/couple, with dependents",70000.0,50.0,Yes
333,554756,2024-04-29 15:14:14.000,"1 Magnolia Way, Unit 6 ~ Edgartown",Friend/Word of Mouth,38.0,White,No,"Edgartown, MA",1,0.0,Single person,60000.0,10000.0,No
334,499727,2024-04-29 16:21:09.000,"1 Magnolia Way, Unit 6 ~ Edgartown",IHT employee,28.0,"Black or African American, White",No,Vineyard Haven,1,0.0,Single person,31000.0,50000.0,Yes
335,74974,2024-05-21 16:27:35.000,"1 Magnolia Way, Unit 6 ~ Edgartown",MyMassHome,63.0,Black or African American,No,lynn,5,3.0,"Married/partners/couple, with dependents",73000.0,28000.0,Yes
336,632587,2024-05-09 09:26:25.000,27 Meeting House Lane ~ Southborough,MyMassHome,43.0,Choose not to answer,No,Cambridge,3,1.0,"Married/partners/couple, with dependents",60000.0,50000.0,Yes
337,998583,2024-05-09 12:14:22.000,27 Meeting House Lane ~ Southborough,MyMassHome,25.0,"Black or African American
Hispanic or Latino",No,Bedford,2,0.0,Siblings,66444.2,15673.18,No
338,293250,2024-05-09 13:18:33.000,27 Meeting House Lane ~ Southborough,Zillow/Trulia/Other Website,40.0,Hispanic or Latino,No,Worcester,2,0.0,Single parent,70000.0,60000.0,No
339,763483,2024-05-09 16:50:22.000,27 Meeting House Lane ~ Southborough,Real Estate Agent,27.0,White,No,Hopkinton,1,0.0,Single person,44000.0,83397.0,No
340,150824,2024-05-09 23:25:37.000,27 Meeting House Lane ~ Southborough,MyMassHome,47.0,White,No,Natick,4,1.0,"Married/partners/couple, with dependents",77000.0,45.391,Yes
341,954465,2024-05-10 10:23:06.000,27 Meeting House Lane ~ Southborough,Friend/Word of Mouth,61.0,White,No,NORTHBOROUGH,5,1.0,"Married/partners/couple, with dependents",3280.0,61276.02,No
342,118773,2024-05-10 10:39:51.000,27 Meeting House Lane ~ Southborough,MyMassHome,41.0,"Asian
Black or African American
Middle Eastern or North African
White",No,Melrose,3,1.0,"Married/partners/couple, with dependents",85000.0,51646.0,Yes
343,105277,2024-05-10 23:05:53.000,27 Meeting House Lane ~ Southborough,MyMassHome,37.0,Asian,No,Worcester,3,1.0,"Married/partners/couple, with dependents",64000.0,14000.0,No
344,954465,2024-05-10 23:14:53.000,27 Meeting House Lane ~ Southborough,Friend/Word of Mouth,61.0,White,No,Northborough,5,1.0,"Married/partners/couple, with dependents",3280.0,61957.83,No
345,401708,2024-05-11 10:20:37.000,27 Meeting House Lane ~ Southborough,Real Estate Agent,58.0,Asian,No,Ashland,4,0.0,"Married/partners/couple, no dependents",84987.0,70000.0,No
346,705521,2024-05-11 10:31:35.000,27 Meeting House Lane ~ Southborough,MyMassHome,30.0,White,No,Ashland,1,0.0,Single person,68800.0,42196.65,No
347,81319,2024-05-12 08:49:18.000,27 Meeting House Lane ~ Southborough,Zillow/Trulia/Other Website,33.0,Choose not to answer,No,Northborough,1,0.0,Single person,62400.0,64611.0,No
348,647258,2024-05-13 10:08:07.000,27 Meeting House Lane ~ Southborough,Real Estate Agent,22.0,Asian,No,Chelmsford,2,0.0,Single person,62000.0,25000.0,Yes
349,706110,2024-05-13 13:07:56.000,27 Meeting House Lane ~ Southborough,Real Estate Agent,41.0,Hispanic or Latino,No,Worcester,1,0.0,Single person,66040.0,13400.0,No
350,399577,2024-05-13 13:47:18.000,27 Meeting House Lane ~ Southborough,Zillow/Trulia/Other Website,44.0,White,No,Hopkinton,1,0.0,Single person,65608.0,72728.42,No
351,100035,2024-05-13 14:13:57.000,27 Meeting House Lane ~ Southborough,Real Estate Agent,40.0,Black or African American,No,Worcester,2,0.0,"Married/partners/couple, no dependents",49920.0,2572.9,No
352,399577,2024-05-13 15:06:33.000,27 Meeting House Lane ~ Southborough,Zillow/Trulia/Other Website,44.0,White,No,Hopkinton,1,0.0,Single person,65608.0,72728.42,No
353,698838,2024-05-13 18:00:38.000,"74 Riley Road, Unit 88  ~ Tyngsborough",Real Estate Agent,28.0,White,No,TYNGSBORO,2,1.0,Single parent,25000.0,10000.0,No
354,618962,2024-05-13 23:01:14.000,"74 Riley Road, Unit 88  ~ Tyngsborough",Real Estate Agent,30.0,Black or African American,No,Lowell,1,0.0,Single person,65000.0,20000.0,No
355,33704,2024-05-14 13:24:42.000,27 Meeting House Lane ~ Southborough,MySouthborough.com,21.0,White,Yes,Southborough,2,0.0,myself and grandmother,46760.0,42000.0,No
356,317090,2024-05-14 15:20:14.000,"74 Riley Road, Unit 88  ~ Tyngsborough",Real Estate Agent,31.0,Asian,No,Nashua,1,0.0,Single person,50000.0,30000.0,No
357,825529,2024-05-14 16:46:07.000,"74 Riley Road, Unit 88  ~ Tyngsborough",MyMassHome,43.0,Asian,No,Lowell,3,1.0,"Married/partners/couple, with dependents",41000.0,34500.0,No
358,723309,2024-05-14 16:46:10.000,"74 Riley Road, Unit 88  ~ Tyngsborough",MyMassHome,28.0,Asian,No,Tyngsboro,3,1.0,"Married/partners/couple, with dependents",69500.0,29459.0,No
359,721950,2024-05-14 17:06:17.000,27 Meeting House Lane ~ Southborough,MyMassHome,37.0,"Middle Eastern or North African
White",No,Ashland,4,2.0,"Married/partners/couple, with dependents",95000.0,65080.27,Yes
360,680351,2024-05-14 17:39:31.000,"74 Riley Road, Unit 88  ~ Tyngsborough",MyMassHome,31.0,Middle Eastern or North African,No,Topsfield,1,0.0,Single person,46620.0,74316.0,Yes
361,23677,2024-05-14 19:37:07.000,27 Meeting House Lane ~ Southborough,Zillow/Trulia/Other Website,25.0,White,No,Framingham,2,0.0,"Married/partners/couple, no dependents",78000.0,41553.35,Yes
362,599537,2024-05-14 21:06:16.000,27 Meeting House Lane ~ Southborough,Zillow/Trulia/Other Website,36.0,Asian,No,Worcester,1,0.0,Single person,58968.0,36358.0,No
363,215545,2024-05-14 21:24:42.000,27 Meeting House Lane ~ Southborough,Zillow/Trulia/Other Website,47.0,White,No,Lynn,2,0.0,Single person,64000.0,20000.0,No
364,767203,2024-05-14 21:27:15.000,"74 Riley Road, Unit 88  ~ Tyngsborough",MyMassHome,33.0,Black or African American,No,Weymouth,2,1.0,Single parent,75979.02,13000.0,Yes
365,72068,2024-05-14 22:47:20.000,27 Meeting House Lane ~ Southborough,MyMassHome,33.0,Asian,No,Malden,3,2.0,Single parent,55000.0,72625.0,Yes
366,126183,2024-05-15 06:47:36.000,"74 Riley Road, Unit 88  ~ Tyngsborough",Zillow/Trulia/Other Website,30.0,Choose not to answer,No,CHELMSFORD,1,0.0,Single person,58000.0,4000.0,Yes
367,985439,2024-05-15 08:57:50.000,27 Meeting House Lane ~ Southborough,Zillow/Trulia/Other Website,41.0,"Black or African American
White",No,Worcester,3,1.0,Single parent,60681.0,36000.0,Yes
368,552119,2024-05-15 10:13:44.000,27 Meeting House Lane ~ Southborough,MyMassHome,55.0,Black or African American,No,shrewsbury,5,3.0,"Married/partners/couple, with dependents",55000.0,100000.0,No
369,100035,2024-05-15 12:17:58.000,"74 Riley Road, Unit 88  ~ Tyngsborough",Real Estate Agent,40.0,Black or African American,No,Worcester,2,0.0,"Married/partners/couple, no dependents",49920.0,2572.9,No
370,587614,2024-05-15 12:23:45.000,27 Meeting House Lane ~ Southborough,Zillow/Trulia/Other Website,34.0,White,No,Brighton,1,0.0,Single person,68500.0,18000.0,Yes
371,380499,2024-05-15 12:36:29.000,"74 Riley Road, Unit 88  ~ Tyngsborough",Real Estate Agent,43.0,Brazilian,No,LOWELL,4,2.0,"Married/partners/couple, with dependents",85000.0,30.0,Yes
372,587614,2024-05-15 12:50:07.000,"74 Riley Road, Unit 88  ~ Tyngsborough",Zillow/Trulia/Other Website,34.0,White,No,Brighton,1,0.0,Single person,68500.0,18000.0,Yes
373,410038,2024-05-15 17:08:42.000,27 Meeting House Lane ~ Southborough,MyMassHome,52.0,White,No,Westborough,1,0.0,Single person,62528.0,28080.1,Yes
374,380499,2024-05-15 21:44:57.000,"74 Riley Road, Unit 88  ~ Tyngsborough",Real Estate Agent,43.0,Brazilian,No,LOWELL,4,2.0,"Married/partners/couple, with dependents",85000.0,28.0,Yes
375,380499,2024-05-15 21:49:31.000,"74 Riley Road, Unit 88  ~ Tyngsborough",Real Estate Agent,43.0,Brazilian,No,LOWELL,4,2.0,"Married/partners/couple, with dependents",85000.0,28.0,Yes
376,890778,2024-05-15 21:52:06.000,"74 Riley Road, Unit 88  ~ Tyngsborough",Real Estate Agent,39.0,Brazilian,No,LOWELL,4,2.0,"Married/partners/couple, with dependents",85000.0,28.0,Yes
377,22132,2024-05-15 22:43:35.000,"74 Riley Road, Unit 88  ~ Tyngsborough",Real Estate Agent,33.0,Hispanic or Latino,No,Methuen,4,2.0,"Married/partners/couple, with dependents",75000.0,8000.0,No
378,552119,2024-05-16 09:57:15.000,27 Meeting House Lane ~ Southborough,MyMassHome,55.0,Black or African American,No,shrewsbury,5,3.0,"Married/partners/couple, with dependents",55000.0,75000.0,No
379,53058,2024-05-16 11:09:26.000,27 Meeting House Lane ~ Southborough,MyMassHome,4.0,Black or African American,No,Boston,4,0.0,"Married/partners/couple, no dependents",12000.0,55555.0,No
380,740585,2024-05-16 11:24:40.000,"74 Riley Road, Unit 88  ~ Tyngsborough",MyMassHome,49.0,Asian,No,Lowell,4,2.0,"Married/partners/couple, with dependents",97000.0,30500.0,No
381,834335,2024-05-16 13:32:46.000,27 Meeting House Lane ~ Southborough,MyMassHome,33.0,Choose not to answer,No,"Wellesley, MA",2,0.0,"Married/partners/couple, no dependents",67500.0,73473.61,Yes
382,537471,2024-05-16 16:19:06.000,27 Meeting House Lane ~ Southborough,MyMassHome,52.0,White,No,Saugus,2,1.0,Single parent,61862.0,50710.0,Yes
383,537471,2024-05-16 16:37:59.000,"74 Riley Road, Unit 88  ~ Tyngsborough",MyMassHome,52.0,White,No,Saugus,2,1.0,Single parent,61862.0,50710.6,Yes
384,188125,2024-05-16 16:40:30.000,27 Meeting House Lane ~ Southborough,Friend/Word of Mouth,27.0,"Asian
White",No,Milford,1,0.0,Single person,59800.0,46859.0,Yes
385,752712,2024-05-16 18:35:35.000,"74 Riley Road, Unit 88  ~ Tyngsborough",Real Estate Agent,42.0,"Hispanic or Latino
White",No,Methuen,4,1.0,Single parent,51337.28,14509.0,No
386,494491,2024-05-16 19:18:54.000,"74 Riley Road, Unit 88  ~ Tyngsborough",Real Estate Agent,43.0,Black or African American,No,Lowell,3,2.0,Single parent,56000.0,35000.0,No
387,740720,2024-05-16 19:59:36.000,27 Meeting House Lane ~ Southborough,Zillow/Trulia/Other Website,39.0,Asian,No,Bellingham,2,0.0,Single person,50000.0,262000.0,No
388,207266,2024-05-16 23:24:51.000,"74 Riley Road, Unit 88  ~ Tyngsborough",Real Estate Agent,48.0,Asian,No,Tyngsboro,2,0.0,Single parent,55000.0,18000.0,Yes
389,689589,2024-05-17 03:29:25.000,"74 Riley Road, Unit 88  ~ Tyngsborough",Real Estate Agent,45.0,Black or African American,No,Lowell,2,1.0,Single parent,65000.0,10000.0,Yes
390,227670,2024-05-17 08:04:34.000,27 Meeting House Lane ~ Southborough,MyMassHome,21.0,White,No,Billerica,1,0.0,Single person,64480.0,34460.05,Yes
391,691515,2024-05-17 10:24:23.000,"74 Riley Road, Unit 88  ~ Tyngsborough",Zillow/Trulia/Other Website,21.0,Hispanic or Latino,No,Saugus,1,0.0,Single person,65000.0,18000.0,Yes
392,935913,2024-05-17 11:37:11.000,27 Meeting House Lane ~ Southborough,Real Estate Agent,23.0,Hispanic or Latino,No,Milford,1,0.0,Single person,53040.0,25882.0,No
393,380499,2024-05-17 14:10:01.000,"74 Riley Road, Unit 88  ~ Tyngsborough",Real Estate Agent,43.0,Brazilian,No,LOWELL,4,2.0,"Married/partners/couple, with dependents",85000.0,28.0,Yes
394,376948,2024-05-17 18:28:08.000,27 Meeting House Lane ~ Southborough,Zillow/Trulia/Other Website,31.0,White,No,Southborough,1,0.0,Single person,51510.0,61707.33,No
395,536088,2024-05-17 18:56:45.000,27 Meeting House Lane ~ Southborough,MyMassHome,40.0,Choose not to answer,No,Tewksbury ma,3,2.0,Single parent,61605.0,4400.0,Yes
396,14347,2024-05-18 07:49:47.000,"74 Riley Road, Unit 88  ~ Tyngsborough",Real Estate Agent,43.0,Middle Eastern or North African,No,Billerica,3,1.0,"Married/partners/couple, with dependents",33000.0,65000.0,No
397,463660,2024-05-18 09:11:54.000,"74 Riley Road, Unit 88  ~ Tyngsborough",MyMassHome,34.0,Black or African American,No,"Taunton, MA",2,1.0,Single parent,56000.0,19133.02,Yes
398,463660,2024-05-18 09:25:52.000,27 Meeting House Lane ~ Southborough,MyMassHome,34.0,Black or African American,No,"Taunton, MA",2,1.0,Single parent,56200.0,19133.02,Yes
399,982486,2024-05-18 13:50:37.000,"74 Riley Road, Unit 88  ~ Tyngsborough",Zillow/Trulia/Other Website,29.0,White,No,Tewksbury,2,1.0,Single parent,40000.0,4222.0,No
400,647028,2024-05-18 15:13:42.000,"74 Riley Road, Unit 88  ~ Tyngsborough",Friend/Word of Mouth,56.0,Asian,No,Lowell,2,0.0,"Married/partners/couple, no dependents",34320.0,0.0,No
401,633939,2024-05-18 16:07:41.000,"74 Riley Road, Unit 88  ~ Tyngsborough",MyMassHome,27.0,Hispanic or Latino,No,Lowell,1,0.0,Single person,61000.0,44000.0,Yes
402,937165,2024-05-18 17:26:12.000,27 Meeting House Lane ~ Southborough,Real Estate Agent,57.0,White,No,Worcester,4,0.0,Single parent,88185.0,12500.0,No
403,995246,2024-05-19 00:39:39.000,27 Meeting House Lane ~ Southborough,Friend/Word of Mouth,47.0,White,No,FRAMINGHAM,4,1.0,"Married/partners/couple, with dependents",66146.91,66146.91,No
404,723718,2024-05-19 13:37:45.000,27 Meeting House Lane ~ Southborough,Real Estate Agent,63.0,White,No,Natick,1,0.0,Single parent,54836.56,69859.44,Yes
405,699839,2024-05-19 15:33:50.000,"74 Riley Road, Unit 88  ~ Tyngsborough",MyMassHome,45.0,Asian,No,Dracut,3,1.0,"Married/partners/couple, with dependents",70720.0,82169.71,No
406,699839,2024-05-19 15:58:51.000,"74 Riley Road, Unit 88  ~ Tyngsborough",MyMassHome,45.0,Asian,No,Dracut,3,1.0,"Married/partners/couple, with dependents",70720.0,82169.71,Yes
407,109119,2024-05-19 16:36:23.000,27 Meeting House Lane ~ Southborough,Zillow/Trulia/Other Website,23.0,Choose not to answer,No,Westborough,1,0.0,Single person,62899.0,18919.0,No
408,253600,2024-05-19 16:47:10.000,27 Meeting House Lane ~ Southborough,Zillow/Trulia/Other Website,58.0,Asian,No,Shrewsbury,2,0.0,Single parent,35000.0,14102.09,Yes
409,629546,2024-05-19 18:23:52.000,27 Meeting House Lane ~ Southborough,Zillow/Trulia/Other Website,26.0,White,No,Westborough,1,0.0,Single person,52000.0,43280.0,Yes
410,643774,2024-05-19 20:21:33.000,"74 Riley Road, Unit 88  ~ Tyngsborough",Zillow/Trulia/Other Website,26.0,White,No,Chelmsford,2,0.0,Single person,,100.0,No
411,333090,2024-05-19 22:28:59.000,27 Meeting House Lane ~ Southborough,MyMassHome,54.0,Asian,No,belmont,4,0.0,"Married/partners/couple, with dependents",59328.0,55000.0,No
412,555456,2024-05-19 23:04:49.000,27 Meeting House Lane ~ Southborough,Zillow/Trulia/Other Website,24.0,White,No,Framingham,1,0.0,Single person,43500.0,56887.58,No
413,215545,2024-05-19 23:34:40.000,"74 Riley Road, Unit 88  ~ Tyngsborough",Zillow/Trulia/Other Website,47.0,White,No,Lynn,2,0.0,"Married/partners/couple, no dependents",64000.0,21000.0,No
414,727219,2024-05-20 11:36:11.000,27 Meeting House Lane ~ Southborough,Zillow/Trulia/Other Website,58.0,White,No,Marlborough,1,0.0,Single person,53863.0,18227.92,No
415,375962,2024-05-20 11:44:21.000,"74 Riley Road, Unit 88  ~ Tyngsborough",Zillow/Trulia/Other Website,28.0,White,No,Tyngsboro,4,2.0,"Married/partners/couple, with dependents",96000.0,0.0,No
416,530839,2024-05-20 12:58:47.000,27 Meeting House Lane ~ Southborough,Zillow/Trulia/Other Website,38.0,Asian,No,Southborough,2,1.0,Single parent,43616.0,46000.0,No
417,527071,2024-05-20 13:32:35.000,27 Meeting House Lane ~ Southborough,Zillow/Trulia/Other Website,35.0,Asian,No,Lowell,5,1.0,"Married/partners/couple, with dependents",56000.0,26577.39,No
418,963324,2024-05-20 13:36:27.000,27 Meeting House Lane ~ Southborough,MyMassHome,47.0,White,No,watertown,2,1.0,Single parent,67000.0,16650.0,Yes
419,879806,2024-05-20 13:50:08.000,27 Meeting House Lane ~ Southborough,Real Estate Agent,47.0,White,No,Milford,1,0.0,Single person,65358.0,52500.0,No
420,698838,2024-05-20 14:05:30.000,"74 Riley Road, Unit 88  ~ Tyngsborough",Real Estate Agent,28.0,White,No,TYNGSBORO,2,1.0,Single parent,2300.0,49000.0,Yes
421,251857,2024-05-20 15:02:03.000,27 Meeting House Lane ~ Southborough,MyMassHome,66.0,Black or African American,Yes,Worcester,4,1.0,"Married/partners/couple, with dependents",94152.0,38800.0,No
422,972164,2024-05-20 17:00:34.000,27 Meeting House Lane ~ Southborough,Real Estate Agent,36.0,"Asian
Pacific Islander or Native Hawaiian",No,"Pawtucket, RI",3,2.0,Single parent,55460.0,30000.0,No
423,677674,2024-05-20 19:17:16.000,27 Meeting House Lane ~ Southborough,Real Estate Agent,56.0,White,No,West Brookfield,1,0.0,Single person,64666.4,21763.61,No
424,241153,2024-05-20 20:18:11.000,27 Meeting House Lane ~ Southborough,Friend/Word of Mouth,34.0,White,No,"Marlborough, MA",4,2.0,"Married/partners/couple, with dependents",91000.0,43000.0,No
425,179782,2024-05-20 22:25:23.000,"74 Riley Road, Unit 88  ~ Tyngsborough",Social Media,40.0,Asian,No,Billerica,5,1.0,"Married/partners/couple, with dependents",44136.24,54171.73,No
426,614040,2024-05-20 23:03:44.000,27 Meeting House Lane ~ Southborough,MyMassHome,31.0,Black or African American,No,Peabody,1,0.0,Single person,68411.14,8090.06,Yes
427,937708,2024-05-21 00:36:10.000,27 Meeting House Lane ~ Southborough,Real Estate Agent,65.0,Brazilian,No,Marlboro,2,0.0,"Married/partners/couple, no dependents",48000.0,5.0,No
428,89860,2024-05-21 09:14:42.000,27 Meeting House Lane ~ Southborough,MyMassHome,25.0,Black or African American,Yes,Grafton,1,0.0,Single person,60000.0,50000.0,Yes
429,163836,2024-05-21 11:44:14.000,27 Meeting House Lane ~ Southborough,Real Estate Agent,27.0,Asian,No,West Roxbury,3,1.0,"Married/partners/couple, with dependents",80000.0,41000.0,Yes
430,946609,2024-05-21 12:23:14.000,"74 Riley Road, Unit 88  ~ Tyngsborough",Zillow/Trulia/Other Website,31.0,White,No,Lawrence,1,0.0,Single person,65000.0,18000.0,No
431,942974,2024-05-21 13:11:23.000,27 Meeting House Lane ~ Southborough,MyMassHome,37.0,Black or African American,No,Boston,2,1.0,Single parent,60000.0,0.0,Yes
432,753912,2024-05-21 14:18:33.000,27 Meeting House Lane ~ Southborough,MyMassHome,28.0,Black or African American,No,Worcester,5,1.0,Parents/sisters,250000.0,10700.0,No
433,20056,2024-05-21 14:26:11.000,27 Meeting House Lane ~ Southborough,Real Estate Agent,71.0,Hispanic or Latino,No,Framingham,1,0.0,Single person,67924.0,13576.0,No
434,997147,2024-05-21 14:36:02.000,27 Meeting House Lane ~ Southborough,MyMassHome,35.0,Choose not to answer,No,Marlborough,2,0.0,"Married/partners/couple, no dependents",74829.0,59000.0,No
435,14615,2024-05-21 14:59:46.000,27 Meeting House Lane ~ Southborough,MyMassHome,34.0,White,No,Clinton,4,2.0,"Married/partners/couple, with dependents",68400.0,48181.0,Yes
436,470225,2024-05-21 15:24:14.000,27 Meeting House Lane ~ Southborough,Real Estate Agent,52.0,Hispanic or Latino,No,Hudson,4,2.0,"Married/partners/couple, with dependents",61696.0,88436.0,No
437,933811,2024-05-21 15:29:08.000,"74 Riley Road, Unit 88  ~ Tyngsborough",Zillow/Trulia/Other Website,39.0,Hispanic or Latino,No,Lawrence,2,1.0,Single parent,45000.0,3200.0,Yes
438,134351,2024-05-21 16:08:31.000,27 Meeting House Lane ~ Southborough,Zillow/Trulia/Other Website,47.0,Hispanic or Latino,No,Southborough,2,0.0,Single parent,56000.0,32776.0,No
439,360081,2024-05-21 16:36:28.000,"74 Riley Road, Unit 88  ~ Tyngsborough",Zillow/Trulia/Other Website,24.0,White,No,Plaistow,1,0.0,Single person,57000.0,71228.48,No
440,515738,2024-05-21 16:54:13.000,27 Meeting House Lane ~ Southborough,MyMassHome,62.0,White,No,Hopedale,2,0.0,Single parent,82488.0,70000.0,No
441,984278,2024-05-21 17:02:38.000,27 Meeting House Lane ~ Southborough,MyMassHome,63.0,Black or African American,No,Lynn,5,3.0,"Married/partners/couple, with dependents",73000.0,28000.0,Yes
442,587614,2024-05-21 17:27:32.000,"14 Caspian Way, Unit 23 ~ Leominster",Real Estate Agent,34.0,White,No,Brighton,1,0.0,Single person,68500.0,18000.0,Yes
443,360081,2024-05-21 18:13:47.000,"14 Caspian Way, Unit 23 ~ Leominster",Zillow/Trulia/Other Website,24.0,White,No,Plaistow,1,0.0,Single person,57000.0,71228.48,No
444,964714,2024-05-21 19:52:04.000,"14 Caspian Way, Unit 23 ~ Leominster",Social Media,53.0,Hispanic or Latino,No,Lunenburg,2,0.0,Single/ mothers caregiver,63000.0,0.0,No
445,394997,2024-05-21 23:26:49.000,27 Meeting House Lane ~ Southborough,MyMassHome,38.0,Hispanic or Latino,No,Worcester,4,2.0,"Married/partners/couple, no dependents",55000.0,15.0,No
446,463660,2024-05-22 09:46:30.000,"14 Caspian Way, Unit 23 ~ Leominster",MyMassHome,34.0,Black or African American,No,Taunton,2,1.0,Single parent,56200.0,18248.36,Yes
447,263003,2024-05-22 10:12:45.000,"74 Riley Road, Unit 88  ~ Tyngsborough",MyMassHome,42.0,Asian,No,Lowell,3,2.0,Single parent,44834.0,50677.75,Yes
448,100035,2024-05-22 12:54:56.000,"14 Caspian Way, Unit 23 ~ Leominster",Real Estate Agent,40.0,Black or African American,No,Worcester,2,0.0,"Married/partners/couple, no dependents",49920.0,2572.9,No
449,959213,2024-05-22 13:08:06.000,"74 Riley Road, Unit 88  ~ Tyngsborough",Zillow/Trulia/Other Website,28.0,Asian,No,Leominster,2,0.0,"Married/partners/couple, no dependents",72000.0,50000.0,No
450,284519,2024-05-22 13:54:11.000,"74 Riley Road, Unit 88  ~ Tyngsborough",MyMassHome,38.0,Middle Eastern or North African,No,Malden,2,1.0,"Married/partners/couple, with dependents",49000.0,25000.0,Yes
451,639124,2024-05-22 16:39:09.000,"74 Riley Road, Unit 88  ~ Tyngsborough",Zillow/Trulia/Other Website,28.0,White,No,Malden,4,2.0,"Married/partners/couple, with dependents",53000.0,48681.74,No
452,639124,2024-05-22 16:42:15.000,"14 Caspian Way, Unit 23 ~ Leominster",Zillow/Trulia/Other Website,28.0,White,No,Malden,4,2.0,"Married/partners/couple, with dependents",53000.0,48681.74,No
453,698838,2024-05-22 17:06:08.000,"14 Caspian Way, Unit 23 ~ Leominster",Real Estate Agent,28.0,White,No,TYNGSBORO,2,1.0,Single parent,27000.0,49000.0,Yes
454,671324,2024-05-22 22:51:44.000,"14 Caspian Way, Unit 23 ~ Leominster",Real Estate Agent,33.0,Hispanic or Latino,No,"Clinton, MA",3,1.0,"Married/partners/couple, with dependents",55000.0,21465.0,Yes
455,767502,2024-05-23 05:19:50.000,"74 Riley Road, Unit 88  ~ Tyngsborough",Real Estate Agent,51.0,Asian,No,Lowell,3,1.0,"Married/partners/couple, with dependents",73000.0,73000.0,No
456,410038,2024-05-23 07:30:59.000,"14 Caspian Way, Unit 23 ~ Leominster",MyMassHome,52.0,White,No,Westborough,1,0.0,Single person,62528.0,29336.0,Yes
457,998583,2024-05-23 08:32:23.000,"74 Riley Road, Unit 88  ~ Tyngsborough",MyMassHome,25.0,"Black or African American
Hispanic or Latino",No,Bedford,2,0.0,Siblings,66444.2,15842.12,Yes
458,394997,2024-05-23 09:48:21.000,"74 Riley Road, Unit 88  ~ Tyngsborough",MyMassHome,38.0,Hispanic or Latino,No,Worcester,4,2.0,"Married/partners/couple, no dependents",55000.0,15000.0,No
459,103168,2024-05-23 10:21:36.000,"74 Riley Road, Unit 88  ~ Tyngsborough",Real Estate Agent,30.0,White,No,Pelham,1,0.0,Single person,62000.0,20644.13,Yes
460,347780,2024-05-23 10:44:39.000,"74 Riley Road, Unit 88  ~ Tyngsborough",MyMassHome,33.0,"Hispanic or Latino
White",No,"Lowell, MA",2,1.0,Single parent,51627.2,0.0,Yes
461,527071,2024-05-23 10:48:01.000,"74 Riley Road, Unit 88  ~ Tyngsborough",Zillow/Trulia/Other Website,35.0,Asian,No,Lowell,5,1.0,"Married/partners/couple, with dependents",56000.0,33018.57,No
462,462978,2024-05-23 16:44:15.000,"74 Riley Road, Unit 88  ~ Tyngsborough",Real Estate Agent,45.0,Black or African American,No,Lowell,4,3.0,Single parent,75000.0,5000.0,Yes
463,174666,2024-05-23 19:03:05.000,"74 Riley Road, Unit 88  ~ Tyngsborough",Zillow/Trulia/Other Website,30.0,White,No,Chelmsford,1,0.0,Single person,49598.93,68429.84,Yes
464,494956,2024-05-23 20:39:34.000,"14 Caspian Way, Unit 23 ~ Leominster",Zillow/Trulia/Other Website,41.0,Hispanic or Latino,No,Leominster,4,2.0,"Married/partners/couple, with dependents",120000.0,28500.0,No
465,799057,2024-05-24 08:14:42.000,"14 Caspian Way, Unit 23 ~ Leominster",Zillow/Trulia/Other Website,36.0,Hispanic or Latino,No,Leominster,4,2.0,"Married/partners/couple, with dependents",90000.0,28000.0,No
466,82905,2024-05-24 09:50:03.000,"74 Riley Road, Unit 88  ~ Tyngsborough",Real Estate Agent,46.0,Asian,No,Lowell,2,0.0,Single person,68000.0,27000.0,No
467,658386,2024-05-24 10:33:36.000,"74 Riley Road, Unit 88  ~ Tyngsborough",MyMassHome,23.0,White,No,Derry,2,0.0,"Brother and Sister (both adults, require 2 bedrooms)",61000.0,35300.0,No
468,865519,2024-05-24 14:25:30.000,"74 Riley Road, Unit 88  ~ Tyngsborough",Zillow/Trulia/Other Website,26.0,"Hispanic or Latino
White",No,Tyngsborough,1,0.0,Single person,54195.0,42317.0,Yes
469,194527,2024-05-24 16:33:13.000,"14 Caspian Way, Unit 23 ~ Leominster",Zillow/Trulia/Other Website,25.0,White,No,Fitchburg,1,0.0,Single person,60000.0,72000.0,No
470,803520,2024-05-25 13:06:13.000,"74 Riley Road, Unit 88  ~ Tyngsborough",Zillow/Trulia/Other Website,24.0,Hispanic or Latino,No,Lawrence,2,1.0,Single person,47000.0,5500.0,No
471,689305,2024-05-25 14:17:21.000,"14 Caspian Way, Unit 23 ~ Leominster",Friend/Word of Mouth,38.0,Choose not to answer,No,Ayer MA,3,1.0,"Married/partners/couple, with dependents",31220.0,10000.0,Yes
472,974414,2024-05-25 16:08:48.000,"14 Caspian Way, Unit 23 ~ Leominster",MyMassHome,64.0,White,No,Worcester,1,0.0,Single person,25985.76,462964.0,No
473,317927,2024-05-25 23:10:35.000,"74 Riley Road, Unit 88  ~ Tyngsborough",Zillow/Trulia/Other Website,42.0,Hispanic or Latino,No,Wenham,3,1.0,"Married/partners/couple, with dependents",70000.0,0.0,No
474,518558,2024-05-26 14:28:02.000,"74 Riley Road, Unit 88  ~ Tyngsborough",Zillow/Trulia/Other Website,24.0,White,No,Chelmsford,2,0.0,"Married/partners/couple, no dependents",76960.0,48700.0,No
475,209217,2024-05-26 16:30:40.000,"74 Riley Road, Unit 88  ~ Tyngsborough",Zillow/Trulia/Other Website,41.0,White,No,Andover,2,1.0,Single parent,74693.51,70773.0,No
476,901533,2024-05-26 19:10:29.000,"74 Riley Road, Unit 88  ~ Tyngsborough",Zillow/Trulia/Other Website,30.0,"Hispanic or Latino
White",No,Lowell,1,0.0,Single person,64509.46,40000.0,No
477,818824,2024-05-26 19:44:45.000,"74 Riley Road, Unit 88  ~ Tyngsborough",Zillow/Trulia/Other Website,61.0,White,No,Groton,1,0.0,Single person,42135.6,7429.99,No
478,637003,2024-05-26 19:56:09.000,"74 Riley Road, Unit 88  ~ Tyngsborough",Friend/Word of Mouth,43.0,Asian,No,Lowell,3,1.0,"Married/partners/couple, with dependents",83760.04,15049.66,No
479,966547,2024-05-26 20:26:08.000,"74 Riley Road, Unit 88  ~ Tyngsborough",Friend/Word of Mouth,67.0,Hispanic or Latino,No,Lawrence,3,0.0,"Married/partners/couple, no dependents",54448.0,6429.0,No
480,966547,2024-05-26 20:30:37.000,"14 Caspian Way, Unit 23 ~ Leominster",Friend/Word of Mouth,67.0,Hispanic or Latino,No,Lawrence,3,0.0,Married couple and one adult,54448.0,6429.0,No
481,579766,2024-05-26 21:41:18.000,"14 Caspian Way, Unit 23 ~ Leominster",Zillow/Trulia/Other Website,58.0,Asian,No,Fitchburg,2,1.0,Single parent,67721.0,0.0,No
482,237953,2024-05-26 23:39:16.000,"74 Riley Road, Unit 88  ~ Tyngsborough",MyMassHome,47.0,White,No,Haverhill,2,1.0,Single parent,51088.0,3868.0,Yes
483,984278,2024-05-27 05:38:20.000,"74 Riley Road, Unit 88  ~ Tyngsborough",MyMassHome,63.0,Black or African American,No,lynn,5,3.0,"Married/partners/couple, with dependents",73000.0,26000.0,Yes
484,424238,2024-05-27 12:35:10.000,"14 Caspian Way, Unit 23 ~ Leominster",Zillow/Trulia/Other Website,47.0,Hispanic or Latino,No,Fitchburg,2,1.0,Single parent,49000.0,20.0,Yes
485,817780,2024-05-27 15:00:00.000,"74 Riley Road, Unit 88  ~ Tyngsborough",Real Estate Agent,48.0,Black or African American,Yes,Lowell,2,1.0,Single parent,62000.0,25000.0,Yes
486,658445,2024-05-27 18:59:22.000,"74 Riley Road, Unit 88  ~ Tyngsborough",Real Estate Agent,35.0,Asian,No,"Dracut, MA",1,0.0,Single person,55000.0,66000.0,Yes
487,723237,2024-05-27 20:28:54.000,"74 Riley Road, Unit 88  ~ Tyngsborough",Zillow/Trulia/Other Website,24.0,White,No,"Litchfield, NH",2,1.0,Single parent,67500.0,15000.0,No
488,301202,2024-05-28 09:36:12.000,"74 Riley Road, Unit 88  ~ Tyngsborough",Zillow/Trulia/Other Website,23.0,Asian,No,Lowell,1,0.0,Single person,62000.0,12000.0,No
489,998386,2024-05-28 09:44:55.000,"74 Riley Road, Unit 88  ~ Tyngsborough",Zillow/Trulia/Other Website,49.0,Hispanic or Latino,No,Lowell,3,1.0,"Married/partners/couple, with dependents",75000.0,8550.0,No
490,677674,2024-05-28 11:31:36.000,"74 Riley Road, Unit 88  ~ Tyngsborough",Real Estate Agent,56.0,White,No,West Brookfield,1,0.0,Single person,64666.4,42290.95,No
491,440452,2024-05-28 11:36:48.000,"14 Caspian Way, Unit 23 ~ Leominster",MyMassHome,43.0,White,No,Oxford,1,0.0,Single person,65000.0,21000.0,Yes
492,285602,2024-05-28 12:47:21.000,"74 Riley Road, Unit 88  ~ Tyngsborough",Real Estate Agent,62.0,White,No,nasuha nh,1,0.0,Single person,48153.0,75000.0,No
493,262430,2024-05-28 12:47:37.000,"14 Caspian Way, Unit 23 ~ Leominster",Zillow/Trulia/Other Website,42.0,Hispanic or Latino,No,Leominster,2,0.0,Single parent,64510.45,68823.47,No
494,81723,2024-05-28 13:05:19.000,"74 Riley Road, Unit 88  ~ Tyngsborough",Zillow/Trulia/Other Website,30.0,White,No,North Billerica,1,0.0,Single person,57509.0,38909.44,No
495,972164,2024-05-28 13:23:45.000,"74 Riley Road, Unit 88  ~ Tyngsborough",MyMassHome,36.0,Asian,No,pawtucket,3,2.0,Single parent,38000.0,30000.0,No
496,101,2024-05-28 13:31:01.000,"14 Caspian Way, Unit 23 ~ Leominster",MyMassHome,65.0,White,No,Newtonville,1,0.0,Single person,46000.0,0.0,No
497,515979,2024-05-28 13:44:17.000,"74 Riley Road, Unit 88  ~ Tyngsborough",MVHP,63.0,Hispanic or Latino,No,Lowell,1,0.0,Single person,59900.0,48000.0,Yes
498,942181,2024-05-28 14:51:47.000,"74 Riley Road, Unit 88  ~ Tyngsborough",Real Estate Agent,54.0,White,No,Andover,2,0.0,Single parent,72650.0,13756.0,Yes
499,301292,2024-05-28 15:16:43.000,"74 Riley Road, Unit 88  ~ Tyngsborough",MyMassHome,36.0,Black or African American,No,Lowell,2,1.0,Single parent,63876.8,73431.61,Yes
500,666832,2024-05-28 15:21:51.000,"74 Riley Road, Unit 88  ~ Tyngsborough",MyMassHome,41.0,"Hispanic or Latino
White",No,"Waltham MA 02453, US",2,1.0,Single parent,59079.0,72842.32,Yes
501,885642,2024-05-28 15:34:59.000,"74 Riley Road, Unit 88  ~ Tyngsborough",Zillow/Trulia/Other Website,34.0,White,No,MALDEN,4,2.0,"Married/partners/couple, with dependents",88068.0,20000.0,No
502,34070,2024-05-28 15:36:53.000,"74 Riley Road, Unit 88  ~ Tyngsborough",Zillow/Trulia/Other Website,36.0,Black or African American,No,Tyngsborough,3,2.0,Single parent,55000.0,100.0,No
503,803579,2024-05-28 16:33:42.000,"74 Riley Road, Unit 88  ~ Tyngsborough",MyMassHome,23.0,White,No,BRIDGEWATER,3,1.0,Single person,73035.0,14109.0,Yes
504,402547,2024-05-28 16:43:44.000,"74 Riley Road, Unit 88  ~ Tyngsborough",Real Estate Agent,38.0,Black or African American,No,lowell massachusetts,1,0.0,"Married/partners/couple, no dependents",56543.89,15000.0,No
505,23099,2024-05-28 16:47:19.000,"74 Riley Road, Unit 88  ~ Tyngsborough",MyMassHome,32.0,Black or African American,No,Peabody,1,0.0,Single person,68411.14,11688.78,Yes
506,9851,2024-05-28 16:49:54.000,"74 Riley Road, Unit 88  ~ Tyngsborough",MyMassHome,34.0,White,Yes,Methuen,2,0.0,Partners,63974.0,17982.87,Yes
507,167285,2024-05-28 16:56:05.000,"74 Riley Road, Unit 88  ~ Tyngsborough",Zillow/Trulia/Other Website,26.0,White,No,Nashua,1,0.0,Single person,59000.0,7000.0,No
508,402547,2024-05-28 16:58:21.000,"74 Riley Road, Unit 88  ~ Tyngsborough",Real Estate Agent,38.0,Black or African American,No,LOWELL,1,0.0,"Married/partners/couple, no dependents",56543.89,15000.0,No
509,292972,2024-05-28 17:54:54.000,"14 Caspian Way, Unit 23 ~ Leominster",Friend/Word of Mouth,34.0,Black or African American,No,Leominster,3,2.0,Single parent,2115.39,0.0,No
510,329998,2024-05-29 09:12:37.000,"14 Caspian Way, Unit 23 ~ Leominster",Zillow/Trulia/Other Website,49.0,Hispanic or Latino,No,Foxboro,1,0.0,Single person,61799.78,37338.39,No
511,984025,2024-05-29 15:31:39.000,"14 Caspian Way, Unit 23 ~ Leominster",Zillow/Trulia/Other Website,31.0,White,No,Leominster,3,1.0,"Married/partners/couple, with dependents",76128.0,34173.0,No
512,618962,2024-05-29 17:34:19.000,"14 Caspian Way, Unit 23 ~ Leominster",Zillow/Trulia/Other Website,30.0,Black or African American,No,Lowell,2,1.0,Single person,65000.0,20000.0,No
513,394997,2024-05-29 18:07:13.000,"14 Caspian Way, Unit 23 ~ Leominster",MyMassHome,38.0,Hispanic or Latino,No,Worcester,4,2.0,"Married/partners/couple, no dependents",56000.0,15000.0,No
514,791157,2024-05-29 20:52:28.000,"14 Caspian Way, Unit 23 ~ Leominster",Zillow/Trulia/Other Website,24.0,White,Yes,Woburn,1,0.0,Single person,62000.0,0.0,No
515,119740,2024-05-30 12:20:24.000,"14 Caspian Way, Unit 23 ~ Leominster",Real Estate Agent,58.0,Black or African American,No,Leominster,2,0.0,Single person,66789.87,9559.84,Yes
516,83776,2024-05-30 17:10:17.000,"14 Caspian Way, Unit 23 ~ Leominster",Real Estate Agent,39.0,White,No,Holden,2,0.0,"Married/partners/couple, no dependents",66161.0,9821.0,Yes
517,630323,2024-05-30 20:48:44.000,"14 Caspian Way, Unit 23 ~ Leominster",Zillow/Trulia/Other Website,42.0,Asian,No,Leominster,3,1.0,Single parent,59107.2,59308.58,No
518,244087,2024-05-31 09:45:36.000,"14 Caspian Way, Unit 23 ~ Leominster",MyMassHome,31.0,White,No,Westminster,1,0.0,Single person,45000.0,50000.0,Yes
519,861750,2024-05-31 09:55:50.000,"14 Caspian Way, Unit 23 ~ Leominster",Real Estate Agent,33.0,Hispanic or Latino,No,Leominster,2,1.0,Single parent,52000.0,23490.0,No
520,894048,2024-05-31 10:16:23.000,"14 Caspian Way, Unit 23 ~ Leominster",Real Estate Agent,25.0,Hispanic or Latino,No,Lawrence,1,0.0,Single person,56056.0,29000.0,No
521,998583,2024-05-31 10:22:06.000,"14 Caspian Way, Unit 23 ~ Leominster",MyMassHome,25.0,"Black or African American
Hispanic or Latino",No,Bedford,2,0.0,Siblings,66444.2,15842.12,Yes
522,468240,2024-05-31 14:14:35.000,"14 Caspian Way, Unit 23 ~ Leominster",Zillow/Trulia/Other Website,59.0,White,No,"Clinton, MA",2,1.0,Single person,59000.0,50000.0,No
523,542528,2024-05-31 15:20:19.000,"14 Caspian Way, Unit 23 ~ Leominster",Zillow/Trulia/Other Website,59.0,White,No,Leominster,1,0.0,Single person,59059.74,369394.35,Yes
524,159233,2024-05-31 15:48:54.000,"14 Caspian Way, Unit 23 ~ Leominster",Zillow/Trulia/Other Website,38.0,Black or African American,No,Leominster,2,1.0,Single parent,59945.6,5028.15,No
525,342865,2024-05-31 16:06:26.000,"14 Caspian Way, Unit 23 ~ Leominster",Real Estate Agent,27.0,White,Yes,Lancaster,1,0.0,Single person,64000.0,6000.0,No
526,750614,2024-05-31 16:22:30.000,"14 Caspian Way, Unit 23 ~ Leominster",Zillow/Trulia/Other Website,42.0,"Hispanic or Latino
White",No,Leominster,4,2.0,"Married/partners/couple, with dependents",95518.7,70123.12,Yes
527,105982,2024-06-01 10:48:56.000,"14 Caspian Way, Unit 23 ~ Leominster",Zillow/Trulia/Other Website,29.0,White,Yes,Millbury,4,2.0,"Married/partners/couple, with dependents",78900.0,35052.0,No
528,325099,2024-06-01 17:13:54.000,"14 Caspian Way, Unit 23 ~ Leominster",MASS.GOV,45.0,"Black or African American
White",Yes,Hudson,4,2.0,Single parent,76752.0,2260.89,Yes
529,241263,2024-06-01 20:26:40.000,"14 Caspian Way, Unit 23 ~ Leominster",Real Estate Agent,25.0,White,No,Worcester,1,0.0,Single person,63546.98,32468.75,Yes
530,393223,2024-06-01 23:04:58.000,"14 Caspian Way, Unit 23 ~ Leominster",Real Estate Agent,27.0,White,No,Gardner,2,0.0,"Married/partners/couple, no dependents",66907.0,20000.0,No
531,532416,2024-06-02 15:04:38.000,"14 Caspian Way, Unit 23 ~ Leominster",Zillow/Trulia/Other Website,43.0,Hispanic or Latino,No,"Rutland,Ma",3,2.0,Single person,70000.0,30000.0,No
532,73463,2024-06-02 17:58:07.000,"14 Caspian Way, Unit 23 ~ Leominster",Real Estate Agent,31.0,"Black or African American
Hispanic or Latino",No,Fitchburg,3,2.0,"Married/partners/couple, with dependents",104000.0,20662.0,No
533,782927,2024-06-02 21:30:47.000,"14 Caspian Way, Unit 23 ~ Leominster",MyMassHome,26.0,Choose not to answer,No,Sterling,2,1.0,Single parent,65000.0,23000.0,No
534,81723,2024-06-02 23:39:31.000,"14 Caspian Way, Unit 23 ~ Leominster",Zillow/Trulia/Other Website,30.0,White,No,North Billerica,1,0.0,Single person,57509.0,28185.17,No
535,548380,2024-06-02 23:42:52.000,"14 Caspian Way, Unit 23 ~ Leominster",Real Estate Agent,64.0,White,Yes,Haverhill,1,0.0,Single person,60000.0,14000.0,No
536,677674,2024-06-03 11:22:04.000,"14 Caspian Way, Unit 23 ~ Leominster",Real Estate Agent,56.0,White,No,West Brookfield,1,0.0,Single person,64666.4,41005.33,No
537,328174,2024-06-03 12:18:38.000,"14 Caspian Way, Unit 23 ~ Leominster",Zillow/Trulia/Other Website,34.0,Asian,No,Worcester,2,1.0,Single parent,71000.0,18000.0,No
538,203991,2024-06-03 12:22:17.000,"14 Caspian Way, Unit 23 ~ Leominster",Zillow/Trulia/Other Website,23.0,White,No,"Francestown, NH",1,0.0,Single person,50000.0,11386.35,No
539,614040,2024-06-03 12:23:27.000,"14 Caspian Way, Unit 23 ~ Leominster",MyMassHome,32.0,Black or African American,No,Peabody,1,0.0,Single person,29276.65,11688.78,Yes
540,100035,2024-06-03 12:37:44.000,"14 Caspian Way, Unit 23 ~ Leominster",Real Estate Agent,40.0,Black or African American,No,Worcester,1,0.0,"Married/partners/couple, no dependents",49920.0,2572.9,No
541,105588,2024-06-03 15:13:12.000,"14 Caspian Way, Unit 23 ~ Leominster",Real Estate Agent,34.0,Asian,Yes,BOYLSTON,1,0.0,Single person,32000.0,40000.0,No
542,606058,2024-06-03 15:54:55.000,"14 Caspian Way, Unit 23 ~ Leominster",Friend/Word of Mouth,53.0,Hispanic or Latino,No,Sterling,2,0.0,Single parent,63613.0,60000.0,No
543,470225,2024-06-03 15:55:23.000,"14 Caspian Way, Unit 23 ~ Leominster",Real Estate Agent,48.0,Hispanic or Latino,No,Hudson,4,2.0,"Married/partners/couple, with dependents",61696.0,88436.0,No
544,822786,2024-06-03 16:25:26.000,"14 Caspian Way, Unit 23 ~ Leominster",Zillow/Trulia/Other Website,25.0,White,No,Lunenburg,1,0.0,Single person,45000.0,37000.0,No
545,179782,2024-06-03 16:26:40.000,"14 Caspian Way, Unit 23 ~ Leominster",Social Media,41.0,Asian,No,Billerica,5,1.0,"Married/partners/couple, with dependents",44136.24,57741.81,No
546,470225,2024-06-03 16:44:37.000,"14 Caspian Way, Unit 23 ~ Leominster",Real Estate Agent,48.0,Hispanic or Latino,No,Hudson,4,2.0,"Married/partners/couple, with dependents",61696.0,88436.0,No
547,808423,2024-06-03 22:01:37.000,"14 Caspian Way, Unit 23 ~ Leominster",Zillow/Trulia/Other Website,29.0,White,Yes,Fitchburg,1,0.0,Single person,56784.0,54000.0,No
548,761275,2024-06-04 16:23:48.000,"14 Caspian Way, Unit 23 ~ Leominster",Zillow/Trulia/Other Website,36.0,White,Yes,Warwick,1,0.0,Single person,38796.0,0.0,Yes
549,352542,2024-06-05 09:55:50.000,"105 Metacomet Ave, ~ East Taunton",Real Estate Agent,35.0,Black or African American,No,Quincy,3,1.0,Single parent,66000.0,3824.39,Yes
550,352542,2024-06-05 10:13:21.000,"105 Metacomet Ave, ~ East Taunton",Real Estate Agent,35.0,Black or African American,No,Quincy,3,1.0,Single parent,66000.0,3824.39,Yes
551,875817,2024-06-05 10:45:13.000,"105 Metacomet Ave, ~ East Taunton",Real Estate Agent,35.0,Black or African American,No,Brockton,3,2.0,Single person,80000.0,26161.84,Yes
552,677674,2024-06-09 16:31:20.000,"7 Crescent Way, Unit 103 ~ Sturbridge (age restricted)",Real Estate Agent,56.0,White,No,West Brookfield,1,0.0,Single person,64666.4,41268.59,Yes
553,463660,2024-06-10 15:57:30.000,42 Pine Street ~ Newton,MyMassHome,34.0,Black or African American,No,Taunton,2,1.0,Single parent,56200.0,18000.0,Yes
554,136270,2024-06-10 21:54:07.000,42 Pine Street ~ Newton,MyMassHome,25.0,White,Yes,"Marlborough,MA",1,0.0,Single person,78435.24,37838.41,No
555,767203,2024-06-11 08:37:28.000,42 Pine Street ~ Newton,MyMassHome,33.0,Black or African American,No,Weymouth,2,1.0,Single parent,75969.02,12000.0,Yes
556,394997,2024-06-11 08:51:43.000,42 Pine Street ~ Newton,MyMassHome,38.0,Hispanic or Latino,No,Worcester,4,2.0,"Married/partners/couple, with dependents",56000.0,15000.0,No
557,251858,2024-06-11 09:53:02.000,42 Pine Street ~ Newton,MyMassHome,29.0,White,No,Brighton,1,0.0,Single person,87000.0,21000.0,Yes
558,599804,2024-06-11 09:56:44.000,42 Pine Street ~ Newton,MyMassHome,31.0,"Black or African American
Hispanic or Latino",Yes,Dorchester,1,0.0,Single person,72000.0,4403.75,Yes
559,744018,2024-06-11 10:10:21.000,42 Pine Street ~ Newton,MyMassHome,35.0,Black or African American,No,Malden,3,1.0,"Married/partners/couple, with dependents",95000.0,18000.0,Yes
560,821004,2024-06-11 13:57:03.000,"7 Crescent Way, Unit 103 ~ Sturbridge (age restricted)",Friend/Word of Mouth,63.0,White,No,"Hollis, NH",1,0.0,Single person,20784.0,245553.0,No
561,251858,2024-06-11 14:10:17.000,"33 Intrepid Circle, Unit 305 ~ Marblehead",MyMassHome,29.0,White,No,Brighton,1,0.0,Single person,87000.0,2100.0,Yes
562,143473,2024-06-11 14:44:19.000,"105 Metacomet Ave, ~ East Taunton",Real Estate Agent,65.0,South Asia - Pakistan,No,Fall River,4,1.0,"Married/partners/couple, with dependents",57200.0,65543.0,No
563,67136,2024-06-11 14:50:06.000,42 Pine Street ~ Newton,MyMassHome,28.0,White,No,walthan,3,1.0,"Married/partners/couple, with dependents",74000.0,35000.0,Yes
564,871906,2024-06-11 22:47:48.000,"105 Metacomet Ave, ~ East Taunton",MyMassHome,32.0,Black or African American,No,New Bedford,3,2.0,Single parent,72000.0,10000.0,Yes
565,945154,2024-06-11 23:09:18.000,42 Pine Street ~ Newton,MyMassHome,43.0,Asian,No,Saugus,2,0.0,Single parent,65000.0,0.0,Yes
566,226830,2024-06-12 10:18:50.000,"105 Metacomet Ave, ~ East Taunton",MyMassHome,56.0,Black or African American,No,Brockton,2,1.0,Single person,71000.0,19.82248,Yes
567,825529,2024-06-12 11:34:25.000,42 Pine Street ~ Newton,MyMassHome,43.0,Asian,No,Lowell,3,1.0,"Married/partners/couple, with dependents",48000.0,33540.0,No
568,624585,2024-06-12 18:25:01.000,"105 Metacomet Ave, ~ East Taunton",Friend/Word of Mouth,30.0,Black or African American,No,Taunton,5,3.0,Single parent,88169.41,10558.58,Yes
569,146444,2024-06-12 21:11:11.000,42 Pine Street ~ Newton,MyMassHome,33.0,Middle Eastern or North African,Yes,Boston,3,1.0,"Married/partners/couple, with dependents",89887.0,37372.74,Yes
570,72068,2024-06-12 22:11:53.000,42 Pine Street ~ Newton,MyMassHome,33.0,Asian,No,Malden,3,2.0,Single parent,54000.0,52964.0,Yes
571,527071,2024-06-12 22:41:32.000,42 Pine Street ~ Newton,MyMassHome,35.0,Asian,No,Lowell,5,1.0,"Married/partners/couple, with dependents",55000.0,33548.57,No
572,922065,2024-06-13 08:59:25.000,"105 Metacomet Ave, ~ East Taunton",MyMassHome,37.0,White,No,Duxbury,6,4.0,Single parent,109000.0,20000.0,Yes
573,980322,2024-06-13 10:37:44.000,"105 Metacomet Ave, ~ East Taunton",MyMassHome,38.0,Hispanic or Latino,No,Boston/Jamaica Plain,3,1.0,"Married/partners/couple, with dependents",95300.0,7815.81,Yes
574,547306,2024-06-13 14:56:44.000,42 Pine Street ~ Newton,MyMassHome,64.0,Black or African American,No,Mattapan,0,0.0,Single person,82000.0,75000.0,Yes
575,458383,2024-06-13 17:56:34.000,42 Pine Street ~ Newton,MyMassHome,57.0,White,No,Waltham. Massachussettes,6,4.0,"Married/partners/couple, with dependents",86000.0,47000.0,Yes
576,834335,2024-06-14 07:13:55.000,42 Pine Street ~ Newton,MyMassHome,34.0,Asian,No,"Wellesley, MA",2,0.0,"Married/partners/couple, no dependents",67500.0,73473.61,Yes
577,980322,2024-06-14 08:59:37.000,42 Pine Street ~ Newton,MyMassHome,38.0,Hispanic or Latino,No,Boston,3,1.0,"Married/partners/couple, with dependents",95300.0,7815.81,Yes
578,886431,2024-06-14 15:30:37.000,"105 Metacomet Ave, ~ East Taunton",MyMassHome,50.0,Native American or Alaskan Native,No,Middleboro,5,3.0,"Married/partners/couple, with dependents",73500.0,15102.0,Yes
579,458383,2024-06-14 15:33:13.000,42 Pine Street ~ Newton,MyMassHome,57.0,White,No,Waltham massachussettes,6,4.0,"Married/partners/couple, with dependents",86000.0,47000.0,Yes
580,95361,2024-06-14 17:14:38.000,"105 Metacomet Ave, ~ East Taunton",Zillow/Trulia/Other Website,34.0,White,No,Plymouth,6,4.0,"Married/partners/couple, with dependents",90000.0,8157.0,Yes
581,438952,2024-06-15 12:21:02.000,"105 Metacomet Ave, ~ East Taunton",Real Estate Agent,37.0,cape Verde Portuguese,No,Raynham,3,1.0,engaged with a child 16 months old,64000.0,15400.0,No
582,388714,2024-06-16 18:07:36.000,"105 Metacomet Ave, ~ East Taunton",Real Estate Agent,57.0,European/African,No,"Brockton, MA",5,1.0,"Married/partners/couple, with dependents",88000.0,19552.72,Yes
583,705521,2024-06-17 09:53:28.000,42 Pine Street ~ Newton,MyMassHome,31.0,White,No,Ashland,1,0.0,Single person,68800.0,37000.0,Yes
584,374925,2024-06-17 11:11:17.000,42 Pine Street ~ Newton,MyMassHome,39.0,White,No,Malden,3,1.0,"Married/partners/couple, with dependents",102833.0,73510.55,No
585,629379,2024-06-17 13:56:15.000,42 Pine Street ~ Newton,MyMassHome,41.0,White,No,Waltham,3,1.0,"Married/partners/couple, with dependents",103215.0,45555.0,Yes
586,639093,2024-06-17 16:01:38.000,"105 Metacomet Ave, ~ East Taunton",Real Estate Agent,30.0,White,No,Taunton,2,0.0,"Married/partners/couple, no dependents",80000.0,0.0,Yes
587,596192,2024-06-17 16:27:13.000,"105 Metacomet Ave, ~ East Taunton",MyMassHome,58.0,Black or African American,No,Brockton,1,0.0,Single person,53000.0,15000.0,Yes
588,662596,2024-06-17 17:13:38.000,"105 Metacomet Ave, ~ East Taunton",Zillow/Trulia/Other Website,32.0,White,Yes,taunton,2,1.0,Single parent,76000.0,20000.0,Yes
589,188403,2024-06-17 21:35:11.000,42 Pine Street ~ Newton,MyMassHome,48.0,Black or African American,No,Mattapan,2,1.0,Single parent,89128.0,15500.0,Yes
590,188403,2024-06-17 22:00:39.000,"33 Intrepid Circle, Unit 305 ~ Marblehead",MyMassHome,48.0,Black or African American,No,Mattapan,2,1.0,Single parent,89128.0,15500.0,Yes
591,520448,2024-06-18 07:55:10.000,42 Pine Street ~ Newton,MyMassHome,44.0,Black or African American,No,Malden,2,1.0,Single parent,85560.0,85560.0,Yes
592,520448,2024-06-18 07:58:41.000,"33 Intrepid Circle, Unit 305 ~ Marblehead",MyMassHome,44.0,Black or African American,No,Malden,2,1.0,Single parent,85560.0,85560.0,Yes
593,19507,2024-06-18 21:21:48.000,42 Pine Street ~ Newton,MyMassHome,78.0,Asian,No,Newton,2,0.0,"Married/partners/couple, no dependents",48850.0,4189.88,No
594,19507,2024-06-18 21:28:01.000,28 Longview Circle ~Ayer,MyMassHome,78.0,Asian,No,Newton,2,0.0,"Married/partners/couple, no dependents",48852.0,4189.88,No
595,458383,2024-06-19 03:56:31.000,28 Longview Circle ~Ayer,MyMassHome,57.0,Middle Eastern or North African,No,Waltham,6,4.0,"Married/partners/couple, with dependents",86000.0,47000.0,Yes
596,264658,2024-06-19 10:21:12.000,42 Pine Street ~ Newton,MyMassHome,36.0,White,No,WEST ROXBURY,3,1.0,"Married/partners/couple, with dependents",61000.0,30000.0,Yes
597,969583,2024-06-19 12:21:02.000,42 Pine Street ~ Newton,MyMassHome,35.0,Asian,No,Cambridge,2,0.0,"Married/partners/couple, no dependents",90000.0,73995.89,Yes
598,179782,2024-06-19 14:21:26.000,28 Longview Circle ~Ayer,MyMassHome,40.0,Asian,No,BILLERICA,5,1.0,"Married/partners/couple, with dependents",44136.24,55147.25,No
599,618962,2024-06-19 18:41:42.000,28 Longview Circle ~Ayer,Agent,30.0,Black or African American,No,Lowell,1,0.0,Single person,70000.0,50000.0,Yes
600,423841,2024-06-19 22:39:06.000,42 Pine Street ~ Newton,Friend/Word of Mouth,44.0,Black or African American,No,Waltham,2,1.0,Single person,75000.0,30000.0,Yes
601,487515,2024-06-20 11:54:46.000,28 Longview Circle ~Ayer,MyMassHome,38.0,White,No,Watertown,1,0.0,Single person,75000.0,73000.0,Yes
602,853419,2024-06-20 12:14:44.000,28 Longview Circle ~Ayer,Zillow/Trulia/Other Website,41.0,Hispanic or Latino,No,Brighton,3,1.0,Single parent,62000.0,45300.0,Yes
603,634825,2024-06-20 16:20:35.000,28 Longview Circle ~Ayer,Zillow/Trulia/Other Website,48.0,White,No,Tyngsborough,3,0.0,Single parent,78771.0,65908.02,No
604,361180,2024-06-20 20:41:23.000,28 Longview Circle ~Ayer,Zillow/Trulia/Other Website,27.0,White,No,Westford,1,0.0,Single person,87381.0,48767.0,No
605,511609,2024-06-20 20:55:30.000,42 Pine Street ~ Newton,MyMassHome,25.0,White,No,Norwood,1,0.0,Single person,58175.0,18598.0,Yes
606,647258,2024-06-21 09:49:40.000,42 Pine Street ~ Newton,MyMassHome,22.0,Asian,No,chelmsford,2,0.0,Single person,69000.0,24000.0,Yes
607,666832,2024-06-21 12:15:47.000,42 Pine Street ~ Newton,MyMassHome,41.0,"Hispanic or Latino
White",No,Waltham,2,1.0,Single parent,69079.0,70560.0,Yes
608,263793,2024-06-21 16:08:35.000,28 Longview Circle ~Ayer,MyMassHome,27.0,White,No,Peabody,1,0.0,Single person,83200.0,52852.68,Yes
609,848976,2024-06-21 18:50:26.000,42 Pine Street ~ Newton,MyMassHome,48.0,Black or African American,No,Norwood,4,2.0,Single parent,92000.0,25000.0,Yes
610,997147,2024-06-21 19:48:29.000,42 Pine Street ~ Newton,MyMassHome,35.0,Choose not to answer,No,Marlborugh,2,0.0,"Married/partners/couple, no dependents",74829.0,32307.0,No
611,899194,2024-06-22 01:15:02.000,28 Longview Circle ~Ayer,MyMassHome,35.0,Middle Eastern or North African,No,Ashland,5,3.0,"Married/partners/couple, with dependents",124000.0,23693.67,No
612,874473,2024-06-22 11:19:47.000,28 Longview Circle ~Ayer,MyMassHome,69.0,Choose not to answer,Yes,Gardner,2,0.0,"Married/partners/couple, no dependents",92793.0,5050.0,No
613,515258,2024-06-22 21:06:05.000,28 Longview Circle ~Ayer,Zillow/Trulia/Other Website,47.0,Black or African American,No,Bedford,4,2.0,Single parent,118425.0,54865.0,Yes
614,955189,2024-06-23 07:53:04.000,42 Pine Street ~ Newton,MyMassHome,26.0,White,Yes,East Boston,1,0.0,Single person,90000.0,10000.0,Yes
615,95361,2024-06-23 09:17:32.000,28 Longview Circle ~Ayer,MyMassHome,34.0,White,No,Plymouth,6,4.0,"Married/partners/couple, with dependents",90000.0,6940.0,Yes
616,874473,2024-06-23 13:47:19.000,42 Pine Street ~ Newton,MyMassHome,69.0,Choose not to answer,Yes,Gardner,2,0.0,"Married/partners/couple, no dependents",92793.0,4784.0,No
617,860454,2024-06-23 22:01:02.000,28 Longview Circle ~Ayer,Zillow/Trulia/Other Website,29.0,"Asian
White",No,Lowell,3,2.0,Single parent,61193.0,70000.0,Yes
618,457683,2024-06-23 23:12:13.000,"33 Intrepid Circle, Unit 305 ~ Marblehead",MyMassHome,35.0,White,No,Marblehead,5,3.0,"Married/partners/couple, with dependents",138000.0,5000.0,Yes
619,308975,2024-06-24 09:11:29.000,42 Pine Street ~ Newton,MyMassHome,28.0,White,Yes,Brookline,1,0.0,Single person,65000.0,13000.0,Yes
620,369259,2024-06-24 10:34:31.000,28 Longview Circle ~Ayer,Real Estate Agent,45.0,Hispanic or Latino,No,"LOWELL, MA",0,1.0,Single parent,83832.59,11200.0,No
621,561665,2024-06-24 11:24:30.000,42 Pine Street ~ Newton,MyMassHome,42.0,Middle Eastern or North African,No,"Upton,MA",2,0.0,Single person,100000.0,28000.0,Yes
622,262692,2024-06-24 11:58:29.000,28 Longview Circle ~Ayer,Real Estate Agent,32.0,"Black or African American
Hispanic or Latino",No,Dorchester,3,2.0,Single parent,60000.0,72847.39,Yes
623,828884,2024-06-24 12:26:02.000,42 Pine Street ~ Newton,MyMassHome,44.0,White,No,Newton,4,2.0,"Married/partners/couple, with dependents",104000.0,70000.0,No
624,306219,2024-06-24 12:39:38.000,42 Pine Street ~ Newton,Friend/Word of Mouth,22.0,White,No,Natick,1,0.0,Single person,72000.0,65595.0,No
625,288855,2024-06-24 12:52:19.000,42 Pine Street ~ Newton,MyMassHome,49.0,White,No,Newton,4,2.0,"Married/partners/couple, with dependents",47027.0,68859.16,Yes
626,614040,2024-06-24 13:09:13.000,42 Pine Street ~ Newton,MyMassHome,32.0,Black or African American,Yes,Peabody,1,0.0,Single person,68411.14,8667.55,Yes
627,46408,2024-06-24 13:27:14.000,42 Pine Street ~ Newton,MyMassHome,57.0,Middle Eastern or North African,Yes,Dorchester,1,0.0,Single person,25476.0,15000.0,Yes
628,697413,2024-06-24 13:33:58.000,42 Pine Street ~ Newton,MyMassHome,60.0,White,No,Burlington,1,0.0,Single person,72000.0,75000.0,Yes
629,644846,2024-06-24 14:45:57.000,28 Longview Circle ~Ayer,Zillow/Trulia/Other Website,31.0,White,Yes,Worcester,1,0.0,Single person,80000.0,18000.0,No
630,660731,2024-06-24 14:51:38.000,28 Longview Circle ~Ayer,Real Estate Agent,69.0,White,No,Haverhill Massachusetts,2,0.0,"Married/partners/couple, no dependents",95311.0,95313.0,No
631,269110,2024-06-24 15:38:29.000,42 Pine Street ~ Newton,MyMassHome,31.0,"Hispanic or Latino
White",No,East Boston,3,1.0,"Married/partners/couple, with dependents",87400.0,3250.0,Yes
632,594300,2024-06-24 15:41:49.000,42 Pine Street ~ Newton,MyMassHome,32.0,"Asian
White",No,Brockton,3,1.0,"Married/partners/couple, with dependents",64000.0,30000.0,Yes
633,447647,2024-06-24 16:22:27.000,42 Pine Street ~ Newton,MyMassHome,24.0,White,No,Needham,1,0.0,Single person,88000.0,50006.18,No
634,60116,2024-06-24 21:40:15.000,42 Pine Street ~ Newton,Friend/Word of Mouth,48.0,Hispanic or Latino,No,Canton,2,1.0,Single parent,85000.0,4000.0,No
635,27043,2024-06-24 23:14:59.000,28 Longview Circle ~Ayer,Zillow/Trulia/Other Website,37.0,Black or African American,No,Acton,1,0.0,Single person,85000.0,122288.0,Yes
636,748130,2024-06-25 07:31:01.000,28 Longview Circle ~Ayer,Real Estate Agent,31.0,White,No,Dracut,3,1.0,"Married/partners/couple, with dependents",109000.0,35608.0,Yes
637,905717,2024-06-25 07:43:39.000,28 Longview Circle ~Ayer,Zillow/Trulia/Other Website,35.0,White,Yes,Groton,1,0.0,Single person,86500.0,35000.0,No
638,660731,2024-06-26 10:33:06.000,28 Longview Circle ~Ayer,Real Estate Agent,69.0,White,No,Haverhill  Massachusetts,2,0.0,"Married/partners/couple, no dependents",95313.0,13771.0,No
639,57178,2024-06-26 10:40:45.000,28 Longview Circle ~Ayer,Flyhomes.com,55.0,Black or African American,No,Shrewsbury,2,0.0,Single parent,75096.59,50725.11,No
640,721950,2024-06-26 11:04:01.000,28 Longview Circle ~Ayer,MyMassHome,37.0,Middle Eastern or North African,No,Ashland,4,2.0,"Married/partners/couple, with dependents",100000.0,71370.0,Yes
641,267357,2024-06-26 18:59:27.000,28 Longview Circle ~Ayer,Zillow/Trulia/Other Website,43.0,Black or African American,No,Groton,3,1.0,Single parent,70921.0,40577.0,Yes
642,78544,2024-06-26 20:14:13.000,28 Longview Circle ~Ayer,Zillow/Trulia/Other Website,34.0,White,No,WOBURN,1,0.0,Single person,79172.86,71467.37,No
643,764373,2024-06-26 20:59:13.000,28 Longview Circle ~Ayer,Real Estate Agent,35.0,White,No,"Littleton, MA",2,1.0,Single parent,78094.4,26787.52,No
644,459184,2024-06-27 08:33:08.000,28 Longview Circle ~Ayer,Zillow/Trulia/Other Website,49.0,Hispanic or Latino,No,LOWELL,2,0.0,"Married/partners/couple, no dependents",96000.0,0.0,No
645,740585,2024-06-27 12:40:29.000,28 Longview Circle ~Ayer,MyMassHome,49.0,Asian,No,Lowell,6,2.0,"Married/partners/couple, with dependents",110500.0,33000.0,No
646,955189,2024-06-27 12:53:04.000,28 Longview Circle ~Ayer,Zillow/Trulia/Other Website,26.0,White,Yes,Watertown,5,3.0,"Married/partners/couple, with dependents",90000.0,10000.0,Yes
647,733548,2024-06-27 13:46:08.000,28 Longview Circle ~Ayer,Zillow/Trulia/Other Website,43.0,Black or African American,No,Ayer,4,2.0,"Married/partners/couple, with dependents",92408.88,3135.34,Yes
648,411460,2024-06-27 15:25:01.000,28 Longview Circle ~Ayer,MyMassHome,25.0,White,No,Fitchburg,2,0.0,"Married/partners/couple, no dependents",94326.0,70000.0,No
649,612431,2024-06-27 17:03:33.000,28 Longview Circle ~Ayer,Zillow/Trulia/Other Website,39.0,Choose not to answer,No,Woburn,6,2.0,"Married/partners/couple, with dependents",96610.0,36610.0,No
650,282175,2024-06-27 19:11:34.000,28 Longview Circle ~Ayer,Real Estate Agent,52.0,Black or African American,No,Lowell,2,0.0,"Married/partners/couple, with dependents",82000.0,100000.0,No
651,860451,2024-06-27 21:52:26.000,28 Longview Circle ~Ayer,MyMassHome,41.0,Black or African American,No,Billerica,4,3.0,Single parent,117164.0,15000.0,Yes
652,819137,2024-06-28 10:11:59.000,28 Longview Circle ~Ayer,MyMassHome,35.0,Asian,No,Dracut,2,0.0,"Married/partners/couple, no dependents",70000.0,80000.0,No
653,959912,2024-06-28 12:20:56.000,28 Longview Circle ~Ayer,Friend/Word of Mouth,51.0,Uyghur,No,"Andover, MA",4,2.0,"Married/partners/couple, with dependents",90000.0,68000.0,Yes
654,227728,2024-06-29 17:21:04.000,28 Longview Circle ~Ayer,Zillow/Trulia/Other Website,42.0,Hispanic or Latino,No,methuen,4,0.0,"Married/partners/couple, no dependents",122433.0,32000.0,Yes
655,227728,2024-06-29 17:30:15.000,28 Longview Circle ~Ayer,Zillow/Trulia/Other Website,42.0,Hispanic or Latino,No,methuen,4,0.0,"Married/partners/couple, no dependents",122433.0,32000.0,Yes
656,227728,2024-06-29 17:56:02.000,28 Longview Circle ~Ayer,Zillow/Trulia/Other Website,42.0,Hispanic or Latino,No,methuen,4,0.0,"Married/partners/couple, no dependents",122433.0,32000.0,Yes
657,642464,2024-06-29 21:24:48.000,28 Longview Circle ~Ayer,MyMassHome,49.0,Middle Eastern or North African,No,Revere,4,2.0,"Married/partners/couple, with dependents",103000.0,32000.0,No
658,741440,2024-06-29 22:23:11.000,28 Longview Circle ~Ayer,MLS search,25.0,White,No,Sterling,2,0.0,Single person,96000.0,72480.0,Yes
659,462978,2024-06-30 10:25:54.000,28 Longview Circle ~Ayer,MyMassHome,45.0,Black or African American,No,Lowell,4,3.0,Single person,110000.0,4300.0,Yes
660,631126,2024-06-30 10:55:18.000,28 Longview Circle ~Ayer,MyMassHome,48.0,Black or African American,No,"Norwood , MA",4,2.0,Single parent,92688.0,25122.59,Yes
661,808707,2024-06-30 12:06:59.000,28 Longview Circle ~Ayer,Real Estate Agent,23.0,"Black or African American
White",No,Lawrence,6,0.0,Living with parents,150000.0,50000.0,No
662,891031,2024-06-30 13:18:36.000,28 Longview Circle ~Ayer,MyMassHome,34.0,White,No,Tyngsboro,1,0.0,Single person,74912.76,65126.61,No
663,461400,2024-06-30 13:29:56.000,28 Longview Circle ~Ayer,Zillow/Trulia/Other Website,28.0,White,No,Shrewsbury,2,0.0,"Married/partners/couple, no dependents",95000.0,38000.0,No
664,767373,2024-06-30 14:09:17.000,28 Longview Circle ~Ayer,MyMassHome,29.0,Asian,No,Menomonie,2,0.0,"Married/partners/couple, no dependents",100000.0,40255.0,Yes
665,524601,2024-06-30 19:36:45.000,28 Longview Circle ~Ayer,Zillow/Trulia/Other Website,27.0,Hispanic or Latino,No,Cambridge,2,0.0,"Married/partners/couple, no dependents",69000.0,24158.23,Yes
666,979956,2024-06-30 20:00:57.000,28 Longview Circle ~Ayer,Zillow/Trulia/Other Website,24.0,Hispanic or Latino,No,Lynn,1,0.0,Single person,63000.0,20000.0,No
667,707435,2024-07-01 07:49:44.000,28 Longview Circle ~Ayer,MyMassHome,26.0,Hispanic or Latino,No,Andover,4,2.0,"Married/partners/couple, with dependents",92297.0,40000.0,Yes
668,495316,2024-07-01 10:37:54.000,28 Longview Circle ~Ayer,MyMassHome,62.0,White,No,Ayer,1,0.0,Single person,57454.68,59915.43,Yes
669,542424,2024-07-01 10:52:26.000,28 Longview Circle ~Ayer,Real Estate Agent,40.0,White,No,Ashland,4,2.0,"Married/partners/couple, with dependents",71000.0,50000.0,No
670,232411,2024-07-01 10:59:11.000,28 Longview Circle ~Ayer,Social Media,47.0,Middle Eastern or North African,No,REVERE,3,2.0,Single parent,71000.0,20000.0,No
671,227728,2024-07-01 11:09:35.000,28 Longview Circle ~Ayer,Zillow/Trulia/Other Website,42.0,Hispanic or Latino,No,methuen,4,0.0,Single person,122000.0,32000.0,Yes
672,461400,2024-07-01 12:20:02.000,28 Longview Circle ~Ayer,Zillow/Trulia/Other Website,28.0,White,No,Shrewsbury,2,0.0,"Married/partners/couple, no dependents",95000.0,38000.0,No
673,849827,2024-07-01 12:27:03.000,28 Longview Circle ~Ayer,Real Estate Agent,40.0,White,No,Ashland,4,2.0,"Married/partners/couple, with dependents",71000.0,20000.0,No
674,119595,2024-07-01 12:44:30.000,28 Longview Circle ~Ayer,Friend/Word of Mouth,61.0,Black or African American,No,Leominster,2,0.0,"Married/partners/couple, no dependents",86800.0,25000.0,Yes
675,251857,2024-07-01 13:41:48.000,28 Longview Circle ~Ayer,MyMassHome,66.0,Black or African American,Yes,Worcester,4,2.0,"Married/partners/couple, with dependents",123152.0,31463.83,No
676,828208,2024-07-01 14:22:25.000,28 Longview Circle ~Ayer,MyMassHome,36.0,"Middle Eastern or North African
White",No,Stoneham,2,1.0,"Married/partners/couple, with dependents",112200.0,70000.0,Yes
677,491659,2024-07-01 14:27:37.000,28 Longview Circle ~Ayer,Zillow/Trulia/Other Website,24.0,White,No,Townsend,1,0.0,Single person,81963.0,29343.0,No
678,655968,2024-07-01 15:26:03.000,28 Longview Circle ~Ayer,Social Media,39.0,Black or African American,No,Billerica,5,3.0,"Married/partners/couple, with dependents",96000.0,18000.0,No
679,954616,2024-07-01 19:28:37.000,28 Longview Circle ~Ayer,Zillow/Trulia/Other Website,61.0,White,No,"Littleton, MA",1,0.0,Single person,82562.78,365198.7,No
680,684406,2024-07-12 18:58:38.000,2 Nancy Anne Lane ~ Merrimac (55+),Zillow/Trulia/Other Website,57.0,White,No,Amesbury,2,0.0,"Married/partners/couple, no dependents",67274.6,64396.04,Yes
681,905358,2024-07-13 14:48:34.000,2 Nancy Anne Lane ~ Merrimac (55+),listing on line,55.0,White,Yes,Methuen,1,0.0,Single person,25200.0,25200.0,No
682,466553,2024-07-15 14:16:41.000,2 Nancy Anne Lane ~ Merrimac (55+),MyMassHome,32.0,White,No,Newburyport,1,0.0,Single person,71000.0,31384.0,Yes
683,466553,2024-07-15 14:58:17.000,1 Millbrook Lane Unit 213 ~ Wakefield,MyMassHome,32.0,White,No,newburyport,1,0.0,Single person,71000.0,31384.0,Yes
684,561665,2024-07-15 16:41:23.000,1 Millbrook Lane Unit 213 ~ Wakefield,MyMassHome,42.0,White,No,Upton,2,0.0,Single person,100000.0,35000.0,Yes
685,424994,2024-07-15 17:59:26.000,1 Millbrook Lane Unit 213 ~ Wakefield,MyMassHome,27.0,White,No,Saugus,1,0.0,Single person,50000.0,54000.0,Yes
686,658445,2024-07-15 20:03:12.000,1 Millbrook Lane Unit 213 ~ Wakefield,MyMassHome,36.0,Asian,No,"Dracut, MA",1,0.0,Single person,55000.0,53000.0,Yes
687,671640,2024-07-16 08:34:09.000,1 Millbrook Lane Unit 213 ~ Wakefield,MyMassHome,41.0,White,No,Saugus,1,0.0,Single person,48000.0,67689.38,Yes
688,895819,2024-07-16 13:26:32.000,1 Millbrook Lane Unit 213 ~ Wakefield,MyMassHome,53.0,White,No,North Reading,1,0.0,Single person,62000.0,0.0,No
689,587614,2024-07-16 14:37:01.000,1 Millbrook Lane Unit 213 ~ Wakefield,MyMassHome,34.0,White,No,Brighton,1,0.0,Single person,68500.0,17000.0,Yes
690,394990,2024-07-17 15:45:27.000,1 Millbrook Lane Unit 213 ~ Wakefield,Real Estate Agent,64.0,White,No,"hudson, ma",3,2.0,Single parent,4875.5,118746.0,No
691,268960,2024-07-18 11:36:55.000,1 Millbrook Lane Unit 213 ~ Wakefield,MyMassHome,24.0,White,Yes,Medford,1,0.0,Single person,60000.0,34900.0,No
692,893543,2024-07-18 12:14:29.000,1 Millbrook Lane Unit 213 ~ Wakefield,MyMassHome,70.0,White,Yes,North Reading,1,0.0,Single person,36041.0,75000.0,Yes
693,670611,2024-07-19 20:22:12.000,2 Nancy Anne Lane ~ Merrimac (55+),Friend/Word of Mouth,70.0,White,No,Woburn,2,0.0,"Married/partners/couple, no dependents",48992.0,98405.0,No
694,713219,2024-07-21 15:46:09.000,1 Millbrook Lane Unit 213 ~ Wakefield,MyMassHome,23.0,White,No,Woburn,1,0.0,Single person,70928.0,28890.5,Yes
695,101,2024-07-21 17:33:34.000,1 Millbrook Lane Unit 213 ~ Wakefield,MyMassHome,65.0,White,No,Newtonville,1,0.0,Single person,46000.0,0.0,No
696,262692,2024-07-22 11:40:14.000,24 Haywood Circle ~ Mendon,MyMassHome,32.0,"Black or African American
Hispanic or Latino",No,Boston,3,2.0,Single person,60000.0,19000.0,Yes
697,736900,2024-07-22 11:44:26.000,24 Haywood Circle ~ Mendon,MyMassHome,46.0,Hispanic or Latino,Yes,Taunton,4,0.0,Single parent,66838.8,11575.0,Yes
698,37946,2024-07-22 13:17:31.000,2 Nancy Anne Lane ~ Merrimac (55+),Real Estate Agent,73.0,White,Yes,Englewood FL (health issues need to be closer to family and can't afford anything so this would be perfect.,2,0.0,"Married/partners/couple, no dependents",41882.0,275000.0,No
699,171217,2024-07-22 14:06:49.000,24 Haywood Circle ~ Mendon,Zillow/Trulia/Other Website,33.0,Hispanic or Latino,No,Franklin,5,3.0,"Married/partners/couple, with dependents",90000.0,26000.0,No
700,41300,2024-07-22 14:13:06.000,24 Haywood Circle ~ Mendon,MyMassHome,61.0,White,No,Northborough,5,1.0,"Married/partners/couple, with dependents",42140.0,65115.17,No
701,680351,2024-07-22 16:01:37.000,1 Millbrook Lane Unit 213 ~ Wakefield,MyMassHome,31.0,Middle Eastern or North African,No,Topsfield,1,0.0,Single person,50631.0,74533.0,Yes
702,379627,2024-07-22 19:07:40.000,24 Haywood Circle ~ Mendon,Zillow/Trulia/Other Website,29.0,Hispanic or Latino,No,LOWELL,5,3.0,"Married/partners/couple, with dependents",30000.0,0.0,Yes
703,971031,2024-07-22 19:37:05.000,24 Haywood Circle ~ Mendon,Zillow/Trulia/Other Website,29.0,White,No,Medway,2,0.0,"Married/partners/couple, no dependents",100000.0,30000.0,No
704,932088,2024-07-22 21:59:28.000,1 Millbrook Lane Unit 213 ~ Wakefield,Social Media,33.0,White,No,Wakefield,1,0.0,Single person,46900.0,60000.0,Yes
705,2159,2024-07-22 23:33:59.000,24 Haywood Circle ~ Mendon,Zillow/Trulia/Other Website,30.0,Black or African American,No,Hyde park,4,2.0,"Married/partners/couple, with dependents",8000.0,70000.0,Yes
706,172672,2024-07-23 01:06:45.000,1 Millbrook Lane Unit 213 ~ Wakefield,MyMassHome,44.0,Choose not to answer,No,Danvers,2,1.0,Single parent,75000.0,1000.0,Yes
707,783241,2024-07-23 17:09:33.000,24 Haywood Circle ~ Mendon,Real Estate Agent,41.0,Hispanic or Latino,No,"Milford, MA",3,1.0,"Married/partners/couple, with dependents",89482.0,40100.0,No
708,476871,2024-07-23 20:27:57.000,1 Millbrook Lane Unit 213 ~ Wakefield,Friend/Word of Mouth,28.0,White,No,melrose,1,0.0,Single person,58000.0,16938.37,No
709,150824,2024-07-23 22:02:58.000,24 Haywood Circle ~ Mendon,MyMassHome,47.0,White,No,Natick,4,1.0,"Married/partners/couple, with dependents",77334.0,47098.0,Yes
710,511885,2024-07-24 02:06:23.000,24 Haywood Circle ~ Mendon,Real Estate Agent,39.0,White,No,Mendon,1,0.0,Single person,56926.01,60916.07,Yes
711,106210,2024-07-24 06:40:37.000,1 Millbrook Lane Unit 213 ~ Wakefield,MyMassHome,32.0,White,No,Methuen,3,2.0,Single parent,68200.0,36400.0,Yes
712,156621,2024-07-24 11:01:23.000,24 Haywood Circle ~ Mendon,Real Estate Agent,25.0,"Black or African American
Hispanic or Latino",No,Milford,3,0.0,Single person,65000.0,27000.0,No
713,286565,2024-07-24 16:35:56.000,24 Haywood Circle ~ Mendon,Real Estate Agent,41.0,other,No,Chelsea,4,2.0,"Married/partners/couple, with dependents",95000.0,0.0,No
714,144402,2024-07-24 18:47:17.000,24 Haywood Circle ~ Mendon,MyMassHome,30.0,White,No,"Hingham, Massachusetts",1,0.0,Single person,67898.0,12000.0,Yes
715,631126,2024-07-24 22:34:58.000,24 Haywood Circle ~ Mendon,MyMassHome,48.0,Black or African American,No,"Norwood, Ma",4,2.0,Single parent,92688.0,11692.48,Yes
716,843569,2024-07-24 22:59:39.000,24 Haywood Circle ~ Mendon,Zillow/Trulia/Other Website,58.0,Black or African American,No,Whitinsville,7,6.0,"Married/partners/couple, with dependents",94186.0,5200.0,No
717,193665,2024-07-25 00:23:39.000,24 Haywood Circle ~ Mendon,MyMassHome,27.0,Hispanic or Latino,No,Brockton,3,1.0,Single parent,60840.0,15000.0,No
718,394997,2024-07-25 09:14:02.000,24 Haywood Circle ~ Mendon,Social Media,38.0,Hispanic or Latino,No,Worcester,4,2.0,"Married/partners/couple, with dependents",56000.0,56.0,No
719,980658,2024-07-25 10:29:43.000,24 Haywood Circle ~ Mendon,Zillow/Trulia/Other Website,28.0,White,No,Bellingham,4,2.0,"Married/partners/couple, with dependents",93576.0,4878.0,Yes
720,14615,2024-07-25 13:00:12.000,24 Haywood Circle ~ Mendon,MyMassHome,35.0,White,No,Clinton,4,2.0,"Married/partners/couple, with dependents",68769.12,71239.98,No
721,209789,2024-07-25 13:03:50.000,24 Haywood Circle ~ Mendon,MyMassHome,35.0,Choose not to answer,No,East Boston,1,0.0,Single person,52000.0,10000.0,Yes
722,953464,2024-07-25 14:32:21.000,1 Millbrook Lane Unit 213 ~ Wakefield,MyMassHome,31.0,White,No,Stoneham,1,0.0,Single person,68432.0,27234.95,Yes
723,80519,2024-07-25 18:04:10.000,24 Haywood Circle ~ Mendon,MyMassHome,34.0,Cape Verdean,No,Scituate,4,2.0,"Married/partners/couple, with dependents",79902.0,49070.35,Yes
724,939229,2024-07-26 09:44:01.000,1 Millbrook Lane Unit 213 ~ Wakefield,Real Estate Agent,34.0,Hispanic or Latino,No,Malden,2,1.0,Single parent,103816.0,28847.35,Yes
725,333718,2024-07-26 10:40:48.000,24 Haywood Circle ~ Mendon,Friend/Word of Mouth,26.0,White,No,Hopedale,1,0.0,Single person,50000.0,0.0,No
726,931863,2024-07-26 11:01:49.000,24 Haywood Circle ~ Mendon,Real Estate Agent,48.0,White,No,Taunton,2,0.0,Single parent,70752.0,72232.0,Yes
727,281020,2024-07-26 12:10:08.000,1 Millbrook Lane Unit 213 ~ Wakefield,Zillow/Trulia/Other Website,24.0,White,No,Lynnfield,1,0.0,Single person,40000.0,16000.0,No
728,259188,2024-07-26 15:46:11.000,1 Millbrook Lane Unit 213 ~ Wakefield,Zillow/Trulia/Other Website,57.0,Hispanic or Latino,No,Wakefield,2,0.0,Single parent,93948.0,73418.97,No
729,508442,2024-07-26 18:43:10.000,1 Millbrook Lane Unit 213 ~ Wakefield,Friend/Word of Mouth,33.0,White,No,Woburn,1,0.0,Single person,66301.0,58000.0,No
730,63124,2024-07-26 20:31:36.000,24 Haywood Circle ~ Mendon,Real Estate Agent,47.0,Hispanic or Latino,No,Milford,3,2.0,Single parent,42240.0,104983.0,Yes
731,728778,2024-07-26 23:03:59.000,1 Millbrook Lane Unit 213 ~ Wakefield,Zillow/Trulia/Other Website,36.0,White,No,Wakefield,1,0.0,Single person,66809.6,23717.36,No
732,103168,2024-07-27 11:38:46.000,1 Millbrook Lane Unit 213 ~ Wakefield,Real Estate Agent,30.0,White,No,Pelham,1,0.0,Single person,62000.0,20126.0,Yes
733,688513,2024-07-27 18:49:01.000,1 Millbrook Lane Unit 213 ~ Wakefield,MyMassHome,48.0,White,Yes,Methuen,2,1.0,Single parent,4800.0,72101.0,Yes
734,666656,2024-07-27 20:59:29.000,24 Haywood Circle ~ Mendon,Real Estate Agent,27.0,White,No,Northborough,1,0.0,Single person,65000.0,31400.0,No
735,545392,2024-07-28 14:16:32.000,24 Haywood Circle ~ Mendon,Real Estate Agent,50.0,Pakistani & Ukrainian,No,Milford,1,0.0,Single person,72959.0,60391.0,No
736,16294,2024-07-28 17:56:36.000,1 Millbrook Lane Unit 213 ~ Wakefield,Real Estate Agent,43.0,Hispanic or Latino,No,Lawrence,2,1.0,Single parent,52000.0,25000.0,No
737,16294,2024-07-28 18:03:49.000,24 Haywood Circle ~ Mendon,Real Estate Agent,43.0,Hispanic or Latino,No,Lawrence,2,1.0,Single parent,52000.0,25000.0,No
738,184411,2024-07-28 19:21:10.000,1 Millbrook Lane Unit 213 ~ Wakefield,Real Estate Agent,29.0,White,No,Stoneham,1,0.0,Single person,77000.0,68431.0,Yes
739,128956,2024-07-28 20:00:43.000,1 Millbrook Lane Unit 213 ~ Wakefield,Zillow/Trulia/Other Website,43.0,White,No,Melrose,1,0.0,Single person,76900.0,4000.0,Yes
740,732606,2024-07-28 23:05:23.000,1 Millbrook Lane Unit 213 ~ Wakefield,MyMassHome,38.0,White,No,Haverhill,3,2.0,"Separated, with dependents",64330.72,28124.24,Yes
741,330554,2024-07-29 10:48:56.000,1 Millbrook Lane Unit 213 ~ Wakefield,Real Estate Agent,47.0,"Hispanic or Latino
Native American or Alaskan Native",Yes,Revere,2,0.0,"Married/partners/couple, no dependents",38400.0,221612.45,No
742,83439,2024-07-29 12:44:28.000,1 Millbrook Lane Unit 213 ~ Wakefield,MyMassHome,59.0,White,No,Wakefield,2,0.0,"Married/partners/couple, no dependents",103188.0,48042.0,No
743,790480,2024-07-29 13:14:09.000,1 Millbrook Lane Unit 213 ~ Wakefield,MyMassHome,30.0,"Hispanic or Latino
White",No,Malden,4,0.0,"Married/partners/couple, with dependents",131000.0,13000.0,No
744,578302,2024-07-29 14:10:49.000,24 Haywood Circle ~ Mendon,Real Estate Agent,41.0,Choose not to answer,No,Woonsocket,2,1.0,Single parent,52432.0,12000.0,No
745,277531,2024-07-29 15:23:45.000,24 Haywood Circle ~ Mendon,Zillow/Trulia/Other Website,39.0,Black or African American,No,North Attleboro,2,1.0,Single parent,57950.0,372.0,Yes
746,277531,2024-07-29 15:30:57.000,24 Haywood Circle ~ Mendon,Zillow/Trulia/Other Website,39.0,Black or African American,No,North Attleboro,2,1.0,Single parent,57950.0,372.0,Yes
747,75035,2024-07-29 16:12:08.000,1 Millbrook Lane Unit 213 ~ Wakefield,Zillow/Trulia/Other Website,31.0,Choose not to answer,No,Saugus,2,0.0,"Married/partners/couple, no dependents",89000.0,8500.0,No
748,286501,2024-07-29 16:22:02.000,1 Millbrook Lane Unit 213 ~ Wakefield,Zillow/Trulia/Other Website,24.0,White,No,Wakefield,1,0.0,Single person,65000.0,16642.0,Yes
749,841100,2024-07-29 17:03:27.000,24 Haywood Circle ~ Mendon,Zillow/Trulia/Other Website,36.0,Hispanic or Latino,No,Southbridge,4,2.0,Single parent,52000.0,0.0,No
750,698729,2024-07-29 17:15:53.000,1 Millbrook Lane Unit 213 ~ Wakefield,MyMassHome,27.0,Asian,No,North Reading,1,0.0,Single person,52000.0,42000.0,Yes
751,930199,2024-07-29 17:40:31.000,24 Haywood Circle ~ Mendon,Zillow/Trulia/Other Website,45.0,White,No,Bellingham,2,1.0,Single parent,75400.0,32253.97,No
752,662596,2024-07-30 06:39:30.000,8 Kayak Trail ~ Norton,MyMassHome,31.0,White,No,Taunton,2,1.0,Single person,72072.0,20390.63,No
753,383181,2024-07-30 09:55:01.000,24 Haywood Circle ~ Mendon,Zillow/Trulia/Other Website,34.0,Black or African American,No,Woodstock,4,2.0,"Married/partners/couple, with dependents",90500.0,40042.26,Yes
754,736900,2024-07-30 10:51:55.000,8 Kayak Trail ~ Norton,MyMassHome,46.0,Hispanic or Latino,Yes,Taunton,4,0.0,Single parent,66838.8,11575.0,Yes
755,268586,2024-07-30 16:50:36.000,24 Haywood Circle ~ Mendon,Zillow/Trulia/Other Website,25.0,White,No,Millville,1,0.0,Single person,35500.0,70637.0,No
756,846460,2024-07-30 18:24:54.000,8 Kayak Trail ~ Norton,Zillow/Trulia/Other Website,29.0,Hispanic or Latino,No,LOWELL,5,3.0,"Married/partners/couple, with dependents",54000.0,0.0,Yes
757,224270,2024-07-30 21:46:23.000,24 Haywood Circle ~ Mendon,MyMassHome,35.0,White,No,Douglas,3,2.0,Single parent,77220.0,49093.0,Yes
758,839334,2024-07-30 22:05:59.000,24 Haywood Circle ~ Mendon,Real Estate Agent,29.0,Hispanic or Latino,No,Marlborough,6,2.0,"Single/living with parents, with dependents",82395.55,36000.0,No
759,273639,2024-07-31 10:21:07.000,8 Kayak Trail ~ Norton,MyMassHome,28.0,White,No,Easton,3,1.0,"Married/partners/couple, with dependents",79556.0,9727.0,Yes
760,965050,2024-07-31 12:40:00.000,8 Kayak Trail ~ Norton,Real Estate Agent,66.0,White,No,Holliston,1,0.0,Single person,53578.0,7256.0,No
761,965050,2024-07-31 14:42:45.000,24 Haywood Circle ~ Mendon,Real Estate Agent,66.0,White,No,Holliston,1,0.0,Single person,53578.0,7256.0,No
762,942147,2024-07-31 16:12:23.000,24 Haywood Circle ~ Mendon,Friend/Word of Mouth,25.0,White,No,"Mendon, MA",1,0.0,Single person,58746.0,10308.83,No
763,262443,2024-07-31 20:41:54.000,8 Kayak Trail ~ Norton,Real Estate Agent,42.0,White,No,FALL RIVER,2,1.0,Single parent,60000.0,58025.0,No
764,199588,2024-07-31 21:40:40.000,8 Kayak Trail ~ Norton,Zillow/Trulia/Other Website,40.0,Black or African American,No,Brockton,5,3.0,"Married/partners/couple, with dependents",65000.0,12.0,No
765,394997,2024-08-01 08:07:56.000,24 Haywood Circle ~ Mendon,MyMassHome,38.0,Hispanic or Latino,No,Worcester,4,2.0,"Married/partners/couple, with dependents",56000.0,56000.0,No
766,886431,2024-08-01 08:52:06.000,8 Kayak Trail ~ Norton,MyMassHome,50.0,Native American or Alaskan Native,No,Middleboro,5,3.0,"Married/partners/couple, with dependents",73500.0,13220.0,Yes
767,886431,2024-08-01 09:25:36.000,24 Haywood Circle ~ Mendon,MyMassHome,50.0,Native American or Alaskan Native,No,Middleboro,5,3.0,"Married/partners/couple, with dependents",73500.0,13220.0,Yes
768,755068,2024-08-01 09:53:11.000,"401 West Center St, F2, ~ West Bridgewater",Real Estate Agent,35.0,Black or African American,No,brockton,1,0.0,Single person,36000.0,33.80738,No
769,409409,2024-08-01 10:30:05.000,8 Kayak Trail ~ Norton,Real Estate Agent,44.0,White,No,Fall River,3,2.0,Single person,47135.28,113973.22,Yes
770,323022,2024-08-01 11:21:00.000,24 Haywood Circle ~ Mendon,Zillow/Trulia/Other Website,66.0,White,No,Mendon,1,0.0,Single person,43800.0,324000.0,No
771,210210,2024-08-01 12:01:21.000,24 Haywood Circle ~ Mendon,Zillow/Trulia/Other Website,56.0,White,No,Bellingham,3,1.0,Single parent,85500.0,20000.0,No
772,961283,2024-08-01 14:15:29.000,"401 West Center St, F2, ~ West Bridgewater",Zillow/Trulia/Other Website,29.0,White,No,EAST BRIDGEWATER,3,1.0,Single parent,7924.21,14482.0,No
773,295530,2024-08-01 15:07:43.000,"401 West Center St, F2, ~ West Bridgewater",Real Estate Agent,38.0,Black or African American,No,Brockton,1,0.0,Single person,58000.0,23000.0,No
774,895477,2024-08-01 18:21:38.000,8 Kayak Trail ~ Norton,zillow/ MyMasshome,33.0,White,No,Dighton,3,1.0,"Married/partners/couple, with dependents",51417.6,27177.59,No
775,866897,2024-08-01 18:27:25.000,"401 West Center St, F2, ~ West Bridgewater",Zillow/Trulia/Other Website,30.0,White,No,"Fort Smith, AR",5,3.0,"Married/partners/couple, with dependents",77250.0,0.0,No
776,866897,2024-08-01 18:47:59.000,24 Haywood Circle ~ Mendon,Zillow/Trulia/Other Website,30.0,White,No,"Fort Smith, AR",5,3.0,"Married/partners/couple, with dependents",77250.0,0.0,No
777,843569,2024-08-01 22:20:07.000,8 Kayak Trail ~ Norton,Zillow/Trulia/Other Website,58.0,Black or African American,No,Whitinsville,7,7.0,"Married/partners/couple, with dependents",94000.0,50000.0,No
778,848976,2024-08-01 23:13:33.000,8 Kayak Trail ~ Norton,MyMassHome,48.0,Choose not to answer,No,Norwood,4,3.0,Single parent,92000.0,11692.0,Yes
779,729044,2024-08-02 10:09:46.000,24 Haywood Circle ~ Mendon,Zillow/Trulia/Other Website,40.0,Choose not to answer,Yes,shrewsbury,1,0.0,Single person,51000.0,10000.0,Yes
780,443029,2024-08-02 11:02:35.000,"401 West Center St, F2, ~ West Bridgewater",Zillow/Trulia/Other Website,33.0,Black or African American,No,Brockton,3,2.0,Single parent,63457.0,16684.0,No
781,559487,2024-08-02 12:11:03.000,24 Haywood Circle ~ Mendon,MyMassHome,35.0,White,No,Mendon,2,0.0,Daughter and Father,77992.264,68075.58,No
782,221486,2024-08-02 12:33:39.000,8 Kayak Trail ~ Norton,Zillow/Trulia/Other Website,39.0,White,No,Norwood,3,2.0,Single parent,78000.0,33000.0,Yes
783,550650,2024-08-02 16:49:52.000,8 Kayak Trail ~ Norton,Real Estate Agent,52.0,Black or African American,No,FOXBORO,4,1.0,Single parent,97000.0,47000.0,No
784,692496,2024-08-02 17:05:25.000,24 Haywood Circle ~ Mendon,MyMassHome,30.0,Asian,No,Boston,2,1.0,Single parent,56160.0,28000.0,No
785,424164,2024-08-02 17:47:45.000,24 Haywood Circle ~ Mendon,Zillow/Trulia/Other Website,40.0,Black or African American,No,Westborough,5,3.0,"Married/partners/couple, with dependents",119000.0,26000.0,No
786,980475,2024-08-02 18:24:06.000,24 Haywood Circle ~ Mendon,Friend/Word of Mouth,33.0,White,No,Bellingham,3,1.0,"Married/partners/couple, with dependents",46049.0,80000.0,No
787,729044,2024-08-02 19:14:08.000,24 Haywood Circle ~ Mendon,Zillow/Trulia/Other Website,40.0,White,Yes,shrewsbury,1,0.0,Single person,51000.0,10000.0,Yes
788,875817,2024-08-02 21:50:42.000,8 Kayak Trail ~ Norton,Zillow/Trulia/Other Website,36.0,Black or African American,No,Brockton,3,2.0,Single parent,85000.0,30000.0,Yes
789,848976,2024-08-03 12:59:42.000,8 Kayak Trail ~ Norton,MyMassHome,48.0,Black or African American,No,Norwood,4,2.0,Single person,92000.0,11692.0,Yes
790,413811,2024-08-03 14:32:23.000,8 Kayak Trail ~ Norton,Friend/Word of Mouth,41.0,"Hispanic or Latino
White",No,Stoughton,1,0.0,Single person,61250.0,50000.0,No
791,817323,2024-08-03 17:31:19.000,24 Haywood Circle ~ Mendon,Zillow/Trulia/Other Website,29.0,White,No,"Mansfield, MA",1,0.0,Single person,68000.0,72000.0,No
792,424164,2024-08-04 11:34:27.000,8 Kayak Trail ~ Norton,Zillow/Trulia/Other Website,40.0,Black or African American,No,Westborough,5,3.0,"Married/partners/couple, with dependents",113215.0,24500.0,No
793,277531,2024-08-04 12:44:50.000,24 Haywood Circle ~ Mendon,Real Estate Agent,39.0,Black or African American,No,east providence,2,1.0,Single parent,57000.0,23000.0,No
794,853419,2024-08-04 13:34:47.000,24 Haywood Circle ~ Mendon,Friend/Word of Mouth,41.0,Hispanic or Latino,No,Brighton,3,1.0,Single parent,82000.0,45000.0,Yes
795,695333,2024-08-04 15:56:03.000,24 Haywood Circle ~ Mendon,Real Estate Agent,22.0,Asian,No,Ashland,4,0.0,"Married/partners/couple, with dependents",90896.0,69157.0,No
796,581996,2024-08-04 15:58:26.000,24 Haywood Circle ~ Mendon,MyMassHome,63.0,White,No,"Wilmington, MA",1,0.0,Single person,64244.0,20500.0,Yes
797,990761,2024-08-04 16:56:14.000,24 Haywood Circle ~ Mendon,Real Estate Agent,36.0,Hispanic or Latino,No,Milford,4,2.0,"Married/partners/couple, with dependents",187000.0,20000.0,Yes
798,990761,2024-08-04 17:05:29.000,8 Kayak Trail ~ Norton,MyMassHome,36.0,Hispanic or Latino,No,Milford,4,2.0,"Married/partners/couple, with dependents",187000.0,94000.0,Yes
799,204301,2024-08-04 18:19:33.000,24 Haywood Circle ~ Mendon,Friend/Word of Mouth,39.0,Black or African American,Yes,Windham NH,1,0.0,Single person,70252.0,29093.0,No
800,644920,2024-08-04 18:26:02.000,24 Haywood Circle ~ Mendon,Friend/Word of Mouth,42.0,White,No,"Hopedale, MA",4,2.0,"Married/partners/couple, with dependents",90750.0,8739.82,No
801,990852,2024-08-04 19:30:23.000,8 Kayak Trail ~ Norton,Zillow/Trulia/Other Website,36.0,White,No,Haverhill,3,1.0,"Married/partners/couple, with dependents",95160.0,23000.0,No
802,990852,2024-08-04 19:31:53.000,24 Haywood Circle ~ Mendon,Zillow/Trulia/Other Website,36.0,White,No,Haverhill,3,1.0,"Married/partners/couple, with dependents",95160.0,23000.0,No
803,634043,2024-08-05 08:28:43.000,24 Haywood Circle ~ Mendon,Friend/Word of Mouth,23.0,White,No,Hopkinton,1,0.0,Single person,51480.0,38170.0,No
804,286565,2024-08-05 08:31:13.000,8 Kayak Trail ~ Norton,Real Estate Agent,41.0,Hispanic or Latino,No,Chelsea,4,2.0,"Married/partners/couple, with dependents",95000.0,0.0,No
805,205696,2024-08-05 09:52:44.000,24 Haywood Circle ~ Mendon,Real Estate Agent,41.0,White,Yes,Quincy,3,0.0,"Single, with live in aide",20000.0,5000.0,No
806,550650,2024-08-05 10:51:42.000,24 Haywood Circle ~ Mendon,MyMassHome,52.0,Black or African American,No,FOXBORO,4,1.0,Single parent,97000.0,47000.0,No
807,630071,2024-08-05 12:18:13.000,"401 West Center St, F2, ~ West Bridgewater",Zillow/Trulia/Other Website,29.0,White,No,lakeville,2,1.0,"Married/partners/couple, with dependents",72233.0,30910.0,No
808,349842,2024-08-05 12:29:42.000,8 Kayak Trail ~ Norton,MyMassHome,38.0,"Black or African American
Hispanic or Latino",No,Hyde park,3,2.0,Single person,84000.0,22000.0,Yes
809,466553,2024-08-05 13:17:09.000,59 River Point Drive ~ Ipswich,MyMassHome,32.0,White,No,newburyport,1,0.0,Single person,71000.0,33496.0,Yes
810,577864,2024-08-05 13:27:12.000,24 Haywood Circle ~ Mendon,Zillow/Trulia/Other Website,27.0,White,No,"Franklin, MA",1,0.0,Single person,49000.0,65000.0,No
811,247669,2024-08-05 13:41:29.000,"401 West Center St, F2, ~ West Bridgewater",Zillow/Trulia/Other Website,52.0,White,No,Waltham,2,0.0,Single parent,67496.0,2000.0,Yes
812,247669,2024-08-05 14:06:02.000,"401 West Center St, F2, ~ West Bridgewater",Zillow/Trulia/Other Website,52.0,White,No,Waltham,2,0.0,Single parent,67496.0,2000.0,Yes
813,550650,2024-08-05 14:06:42.000,8 Kayak Trail ~ Norton,MyMassHome,52.0,Black or African American,No,FOXBORO,4,1.0,Single parent,97000.0,47000.0,No
814,33801,2024-08-05 14:17:17.000,24 Haywood Circle ~ Mendon,Realtor,24.0,Hispanic or Latino,No,Hopedale,4,1.0,Single person,67000.0,15000.0,No
815,834207,2024-08-05 14:31:52.000,24 Haywood Circle ~ Mendon,MyMassHome,41.0,White,No,"Boston, MA",3,2.0,Single parent,65975.0,22321.29,No
816,554264,2024-08-05 14:49:10.000,24 Haywood Circle ~ Mendon,Zillow/Trulia/Other Website,29.0,White,No,Newton,1,0.0,Single person,68494.4,5000.0,Yes
817,146497,2024-08-05 16:20:01.000,24 Haywood Circle ~ Mendon,MyMassHome,30.0,White,No,Walpole,1,0.0,Single person,61000.0,22029.49,No
818,467102,2024-08-05 16:20:29.000,24 Haywood Circle ~ Mendon,Zillow/Trulia/Other Website,43.0,White,Yes,"Charlestown, RI",2,0.0,retired mother and disabled son,40191.12,61100.0,Yes
819,549584,2024-08-05 16:57:41.000,24 Haywood Circle ~ Mendon,Real Estate Agent,44.0,Hispanic or Latino,No,Uxbridge,2,1.0,Single parent,34000.0,15500.0,No
820,172207,2024-08-05 17:30:39.000,24 Haywood Circle ~ Mendon,MyMassHome,37.0,Choose not to answer,No,framingham,3,2.0,Single parent,78000.0,70000.0,Yes
821,348350,2024-08-05 19:39:34.000,8 Kayak Trail ~ Norton,Real Estate Agent,31.0,Black or African American,No,Brockton,1,0.0,Single person,56220.87,98000.0,No
822,344605,2024-08-06 14:48:25.000,8 Kayak Trail ~ Norton,MyMassHome,30.0,Hispanic or Latino,No,Mansfield,4,3.0,Single person,90330.0,30145.0,No
823,240777,2024-08-06 20:54:58.000,8 Kayak Trail ~ Norton,Real Estate Agent,53.0,Black or African American,No,Brockton,4,1.0,Single parent,80000.0,16000.0,No
824,281020,2024-08-07 09:01:47.000,59 River Point Drive ~ Ipswich,Zillow/Trulia/Other Website,24.0,White,No,lynnfield,1,0.0,Single person,40000.0,16178.73,No
825,842422,2024-08-07 09:13:30.000,"401 West Center St, F2, ~ West Bridgewater",MyMassHome,55.0,White,No,EAST BRIDGEWATER,2,1.0,Single parent,65782.5,19200.0,Yes
826,416648,2024-08-07 13:25:49.000,8 Kayak Trail ~ Norton,Zillow/Trulia/Other Website,35.0,Choose not to answer,No,Easton,3,2.0,Single parent,75971.0,72000.0,No
827,478470,2024-08-07 15:08:55.000,8 Kayak Trail ~ Norton,Real Estate Agent,40.0,White,No,40,2,1.0,Single parent,57000.0,38868.93,No
828,845893,2024-08-07 15:22:34.000,8 Kayak Trail ~ Norton,Zillow/Trulia/Other Website,52.0,Black or African American,No,Brockton,2,1.0,Single parent,70835.0,26722.0,Yes
829,510381,2024-08-07 17:33:52.000,59 River Point Drive ~ Ipswich,Real Estate Agent,32.0,White,No,Medford,1,0.0,Single person,89000.0,73000.0,Yes
830,224270,2024-08-07 19:27:23.000,8 Kayak Trail ~ Norton,MyMassHome,35.0,White,No,Douglas,3,2.0,Single parent,77220.0,49093.0,Yes
831,845516,2024-08-08 09:55:42.000,8 Kayak Trail ~ Norton,Real Estate Agent,35.0,Choose not to answer,No,Raynham,1,0.0,Single person,55782.0,0.0,Yes
832,250592,2024-08-08 10:14:20.000,59 River Point Drive ~ Ipswich,MyMassHome,30.0,White,No,"Rockport, MA",1,0.0,Single person,50000.0,33995.0,Yes
833,221486,2024-08-08 10:29:18.000,8 Kayak Trail ~ Norton,Zillow/Trulia/Other Website,39.0,White,No,Norwood,3,2.0,Single parent,80000.0,35000.0,Yes
834,709769,2024-08-08 12:47:25.000,"33 Intrepid Circle, 305 ~ Marblehead (First Come, First Served)",MyMassHome,35.0,White,No,Lynn,1,0.0,Single person,81000.0,0.0,Yes
835,449422,2024-08-08 13:07:09.000,59 River Point Drive ~ Ipswich,Real Estate Agent,35.0,White,Yes,Saugus,1,0.0,Single person,65345.0,36302.15,No
836,542505,2024-08-08 13:19:41.000,59 River Point Drive ~ Ipswich,Zillow/Trulia/Other Website,39.0,Hispanic or Latino,No,Danvers,3,1.0,"Married/partners/couple, with dependents",120000.0,11077.15,Yes
837,371888,2024-08-08 15:17:56.000,"401 West Center St, F2, ~ West Bridgewater",MyMassHome,47.0,White,No,Rockland,2,1.0,Single parent,74000.0,5200.0,Yes
838,621790,2024-08-08 15:38:11.000,"33 Intrepid Circle, 305 ~ Marblehead (First Come, First Served)",MyMassHome,28.0,Asian,No,Boston,1,0.0,Single person,90500.0,46000.0,Yes
839,621790,2024-08-08 15:43:15.000,59 River Point Drive ~ Ipswich,MyMassHome,28.0,Asian,No,Boston,1,0.0,Single person,90500.0,46000.0,Yes
840,593495,2024-08-08 20:26:42.000,59 River Point Drive ~ Ipswich,MyMassHome,58.0,Asian,No,Lowell,2,0.0,"Married/partners/couple, no dependents",84648.0,70432.0,No
841,261209,2024-08-09 08:56:21.000,8 Kayak Trail ~ Norton,Zillow/Trulia/Other Website,45.0,Hispanic or Latino,No,Boston,3,2.0,Single parent,86138.05,66685.22,Yes
842,427691,2024-08-09 17:58:21.000,59 River Point Drive ~ Ipswich,Real Estate Agent,33.0,White,No,Andover,3,1.0,"Married/partners/couple, with dependents",109000.0,22500.0,Yes
843,326843,2024-08-09 20:31:06.000,8 Kayak Trail ~ Norton,Zillow/Trulia/Other Website,26.0,White,No,Rehoboth,1,0.0,Single person,50000.0,28145.0,No
844,246430,2024-08-10 11:51:08.000,"401 West Center St, F2, ~ West Bridgewater",MyMassHome,33.0,White,No,Franklin,3,0.0,Living with Parents,65415.0,60000.0,No
845,938500,2024-08-10 18:20:41.000,8 Kayak Trail ~ Norton,Real Estate Agent,44.0,White,No,Taunton,5,3.0,"Married/partners/couple, with dependents",105000.0,34000.0,No
846,736900,2024-08-11 13:26:44.000,"401 West Center St, F2, ~ West Bridgewater",Real Estate Agent,46.0,Hispanic or Latino,Yes,Taunton,4,0.0,Single parent,67011.0,10085.0,Yes
847,117747,2024-08-11 18:05:30.000,8 Kayak Trail ~ Norton,Zillow/Trulia/Other Website,32.0,White,No,Attleboro,2,1.0,Single parent,58307.6,18255.69,No
848,871906,2024-08-11 18:11:18.000,8 Kayak Trail ~ Norton,MyMassHome,32.0,Black or African American,No,New Bedford,3,2.0,Single parent,72000.0,10000.0,Yes
849,871906,2024-08-11 18:16:32.000,"401 West Center St, F2, ~ West Bridgewater",MyMassHome,32.0,Black or African American,No,New Bedford,3,2.0,Single parent,72000.0,10000.0,Yes
850,221486,2024-08-11 18:35:48.000,8 Kayak Trail ~ Norton,Zillow/Trulia/Other Website,39.0,Choose not to answer,No,Norwood,3,2.0,Single parent,80000.0,35000.0,Yes
851,472632,2024-08-11 23:33:07.000,8 Kayak Trail ~ Norton,Real Estate Agent,44.0,Black or African American,No,Boston,2,1.0,Single parent,69684.0,28845.85,Yes
852,146497,2024-08-12 08:17:58.000,8 Kayak Trail ~ Norton,MyMassHome,30.0,White,No,Walpole,1,0.0,Single person,61000.0,22030.77,No
853,146497,2024-08-12 08:22:12.000,"401 West Center St, F2, ~ West Bridgewater",MyMassHome,30.0,White,No,Walpole,1,0.0,Single person,61000.0,22030.77,No
854,853228,2024-08-12 11:31:19.000,8 Kayak Trail ~ Norton,Friend/Word of Mouth,30.0,White,No,North Attleboro,1,0.0,Single person,42932.5,34000.0,No
855,961283,2024-08-12 12:28:01.000,"401 West Center St, F2, ~ West Bridgewater",Zillow/Trulia/Other Website,29.0,White,No,EAST BRIDGEWATER,3,1.0,Single parent,7924.21,14482.0,No
856,225869,2024-08-12 12:39:59.000,"401 West Center St, F2, ~ West Bridgewater",MyMassHome,36.0,Choose not to answer,No,Mendon,1,0.0,Single person,48377.0,3000.0,No
857,129636,2024-08-12 13:01:16.000,8 Kayak Trail ~ Norton,Real Estate Agent,65.0,White,Yes,Rosindale,2,0.0,"Married/partners/couple, no dependents",53089.0,9483.0,No
858,414864,2024-08-12 13:06:04.000,8 Kayak Trail ~ Norton,MyMassHome,47.0,White,No,Swansea,2,0.0,"Married/partners/couple, no dependents",63000.0,10000.0,Yes
859,383181,2024-08-12 14:59:46.000,8 Kayak Trail ~ Norton,MyMassHome,34.0,Black or African American,No,Woodstock,4,2.0,"Married/partners/couple, with dependents",96298.33,40042.26,Yes
860,226830,2024-08-12 16:21:44.000,"401 West Center St, F2, ~ West Bridgewater",MyMassHome,55.0,Black or African American,No,Brockton,2,1.0,Single person,68000.0,19.0,Yes
861,370874,2024-08-12 16:30:25.000,8 Kayak Trail ~ Norton,Zillow/Trulia/Other Website,46.0,Black or African American,No,Pawtucket,2,0.0,"Married/partners/couple, no dependents",79000.0,62000.0,No
862,95353,2024-08-12 16:33:22.000,8 Kayak Trail ~ Norton,Zillow/Trulia/Other Website,40.0,White,No,ROSLINDALE,5,2.0,Single parent,72960.0,0.0,No
863,614040,2024-08-12 16:54:15.000,"401 West Center St, F2, ~ West Bridgewater",MyMassHome,32.0,Black or African American,No,Peabody,1,0.0,Single person,68411.14,9100.99,Yes
864,770290,2024-08-12 21:45:46.000,8 Kayak Trail ~ Norton,Real Estate Agent,39.0,White,No,Fall River,2,1.0,Single parent,40000.0,60000.0,No
865,821465,2024-08-13 09:45:56.000,59 River Point Drive ~ Ipswich,Zillow/Trulia/Other Website,35.0,White,No,"Newburyport, MA",1,0.0,Single person,71972.0,24989.07,No
866,905337,2024-08-13 18:06:02.000,59 River Point Drive ~ Ipswich,MyMassHome,52.0,White,No,Newburyport,2,0.0,Single parent,99716.0,46401.71,Yes
867,362707,2024-08-14 07:41:54.000,59 River Point Drive ~ Ipswich,Friend/Word of Mouth,45.0,Choose not to answer,Yes,Ipswich,2,1.0,Single parent,93000.0,71271.66,Yes
868,200895,2024-08-14 10:32:09.000,59 River Point Drive ~ Ipswich,MyMassHome,61.0,Hispanic or Latino,No,Reading,1,0.0,Single person,78117.0,38280.0,No
869,517819,2024-08-14 12:46:12.000,59 River Point Drive ~ Ipswich,MyMassHome,33.0,White,No,Saugus,3,2.0,Single parent,98000.0,10.0,No
870,196221,2024-08-14 19:12:06.000,59 River Point Drive ~ Ipswich,Zillow/Trulia/Other Website,31.0,"Asian
Kazakh",No,Beverly,1,0.0,Single person,81600.0,48176.0,Yes
871,685042,2024-08-14 19:24:01.000,59 River Point Drive ~ Ipswich,Friend/Word of Mouth,30.0,White,No,Boxford,3,0.0,Single person,81500.0,48400.0,No
872,196221,2024-08-15 12:51:28.000,"33 Intrepid Circle, 305 ~ Marblehead (First Come, First Served)",MyMassHome,31.0,"Asian
Kazakh",No,Beverly,1,0.0,Single person,81600.0,48176.0,Yes
873,251857,2024-08-18 10:14:44.000,"248 Main Street, 204 ~ Hudson (55+)",MyMassHome,66.0,Black or African American,Yes,Worcester,4,1.0,"Married/partners/couple, with dependents",109167.0,2750.0,No
874,933765,2024-08-18 11:43:47.000,59 River Point Drive ~ Ipswich,Friend/Word of Mouth,33.0,White,No,Beverly,1,0.0,Single person,90600.0,19951.03,Yes
875,685042,2024-08-19 09:57:04.000,59 River Point Drive ~ Ipswich,Friend/Word of Mouth,30.0,White,No,Boxford,1,0.0,Single person,81500.0,48400.0,No
876,684277,2024-08-19 16:17:01.000,59 River Point Drive ~ Ipswich,Zillow/Trulia/Other Website,37.0,White,No,Somerville,1,0.0,Single person,89084.0,74099.0,No
877,575564,2024-08-20 20:42:01.000,"12 Rebecca Way, Unit 9 ~ Methuen (55+)",Real Estate Agent,72.0,White,Yes,Lowell,2,0.0,"Married/partners/couple, no dependents",66731.0,37627.67,No
878,287577,2024-08-21 12:59:03.000,"12 Rebecca Way, Unit 9 ~ Methuen (55+)",MyMassHome,55.0,White,Yes,Methuen,1,1.0,Single person,25200.0,5000.0,No
879,893543,2024-08-21 17:16:44.000,"12 Rebecca Way, Unit 9 ~ Methuen (55+)",MyMassHome,70.0,White,No,North Reading,1,0.0,Single person,42923.0,161296.0,Yes
880,534913,2024-08-23 15:09:56.000,"12 Rebecca Way, Unit 9 ~ Methuen (55+)",MyMassHome,58.0,Hispanic or Latino,No,North Andover,3,0.0,Single person,73000.0,23000.0,No
881,653600,2024-08-26 14:06:23.000,"12 Rebecca Way, Unit 9 ~ Methuen (55+)",Real Estate Agent,66.0,White,No,Stow,1,0.0,Single person,21356.14,271502.0,No
882,955839,2024-08-26 15:51:42.000,"12 Rebecca Way, Unit 9 ~ Methuen (55+)",Real Estate Agent,75.0,White,No,Lynn ma,1,0.0,Single person,28428.0,200.0,No
883,478509,2024-08-27 15:13:52.000,"12 Rebecca Way, Unit 9 ~ Methuen (55+)",Real Estate Agent,72.0,"Native American or Alaskan Native
White",Yes,Springfield,2,0.0,"Married/partners/couple, no dependents",66142.32,270000.0,No
884,196221,2024-08-27 15:14:50.000,"6 Woodman Way, unit 204A ~ Newburyport",MyMassHome,31.0,"Asian
Kazakh",No,Beverly,1,0.0,Single person,81600.0,43141.01,Yes
885,132785,2024-08-27 16:58:33.000,"12 Rebecca Way, Unit 9 ~ Methuen (55+)",Real Estate Agent,60.0,Hispanic or Latino,No,Haverhill,2,0.0,"Married/partners/couple, no dependents",79000.0,16750.0,No
886,466553,2024-08-28 08:00:53.000,"6 Woodman Way, unit 204A ~ Newburyport",MyMassHome,32.0,White,No,newburyport,1,0.0,Single person,71000.0,35365.0,Yes
887,2685,2024-08-28 10:50:33.000,"6 Woodman Way, unit 204A ~ Newburyport",Real Estate Agent,58.0,White,No,Haverhill MA,1,0.0,Single person,75370.88,68047.61,No
888,611965,2024-08-28 22:31:05.000,"6 Woodman Way, unit 204A ~ Newburyport",Real Estate Agent,34.0,Asian,No,Andover,5,3.0,"Married/partners/couple, with dependents",101164.0,12454.0,No
889,611965,2024-08-28 22:35:30.000,"513 Main St, Unit D ~ Groton",Real Estate Agent,34.0,Asian,No,Andover,5,3.0,"Married/partners/couple, with dependents",101164.0,12454.0,No
890,221989,2024-08-29 09:00:14.000,"12 Rebecca Way, Unit 9 ~ Methuen (55+)",Real Estate Agent,76.0,White,No,Arlington,1,0.0,Single person,60999.0,274947.0,No
891,935957,2024-08-29 11:14:20.000,"6 Woodman Way, unit 204A ~ Newburyport",MyMassHome,44.0,Hispanic or Latino,No,Newburyport,3,0.0,"Married/partners/couple, with dependents",55000.0,36961.0,No
892,848849,2024-08-29 11:18:49.000,"513 Main St, Unit D ~ Groton",MyMassHome,39.0,Choose not to answer,No,Groton,2,1.0,Single parent,76865.92,37847.94,Yes
893,697163,2024-08-29 16:33:21.000,"12 Rebecca Way, Unit 9 ~ Methuen (55+)",Zillow/Trulia/Other Website,82.0,White,Yes,Haverhill,2,0.0,"Married/partners/couple, no dependents",64843.0,49.94,No
894,105588,2024-08-30 09:34:15.000,"513 Main St, Unit D ~ Groton",MyMassHome,35.0,Asian,Yes,BOYLSTON,1,0.0,Single person,33000.0,56000.0,No
895,733981,2024-08-30 10:05:46.000,"12 Rebecca Way, Unit 9 ~ Methuen (55+)",MyMassHome,62.0,White,No,Methuen,2,0.0,"Married/partners/couple, no dependents",58000.0,5000.0,No
896,491130,2024-08-30 10:40:20.000,"513 Main St, Unit D ~ Groton",Zillow/Trulia/Other Website,37.0,Hispanic or Latino,No,ayer,2,1.0,divorced,5000.0,5000.0,No
897,528057,2024-08-30 14:39:29.000,"6 Woodman Way, unit 204A ~ Newburyport",MyMassHome,31.0,White,No,"Peabody, MA",1,0.0,Single person,85000.0,53866.99,Yes
898,257868,2024-08-30 14:48:14.000,"513 Main St, Unit D ~ Groton",Zillow/Trulia/Other Website,28.0,White,No,Nashua,2,1.0,Single parent,2300.0,10000.0,Yes
899,449054,2024-08-30 19:03:33.000,"12 Rebecca Way, Unit 9 ~ Methuen (55+)",MyMassHome,77.0,White,No,Methuen,1,0.0,Single person,47906.71,43104.44,No
900,970167,2024-08-30 22:33:36.000,"513 Main St, Unit D ~ Groton",Zillow/Trulia/Other Website,35.0,White,Yes,Bedford,1,1.0,"Married/partners/couple, no dependents",64500.0,23000.0,No
901,158662,2024-08-31 07:41:42.000,"12 Rebecca Way, Unit 9 ~ Methuen (55+)",Zillow/Trulia/Other Website,65.0,Choose not to answer,No,North Andover,2,0.0,Single parent,67849.76,201200.0,No
902,528057,2024-08-31 08:45:34.000,"6 Woodman Way, unit 204A ~ Newburyport",MyMassHome,31.0,White,No,Peabody,1,0.0,Single person,85000.0,53866.99,Yes
903,491130,2024-09-02 10:11:01.000,"513 Main St, Unit D ~ Groton",Social Media,37.0,Hispanic or Latino,No,ayer,2,1.0,Single parent,4000.0,5500.0,No
904,797133,2024-09-02 19:11:02.000,"12 Rebecca Way, Unit 9 ~ Methuen (55+)",MyMassHome,79.0,Hispanic or Latino,No,Dracut,1,0.0,Single person,34502.0,250324.0,No
905,575564,2024-09-03 15:41:19.000,"12 Rebecca Way, Unit 9 ~ Methuen (55+)",Real Estate Agent,72.0,White,Yes,Lowell,2,0.0,"Married/partners/couple, no dependents",66731.0,37627.67,No
906,355052,2024-09-03 16:31:42.000,"248 Main Street, 204 ~ Hudson (55+)",MyMassHome,74.0,White,Yes,"Osterville, Mass",1,0.0,Single person,11452.92,0.0,No
907,881956,2024-09-03 16:38:58.000,"12 Rebecca Way, Unit 9 ~ Methuen (55+)",Friend/Word of Mouth,63.0,Hispanic or Latino,No,Methuen,3,0.0,"Married/partners/couple, no dependents",75000.0,13000.0,No
908,578877,2024-09-03 16:56:01.000,"12 Rebecca Way, Unit 9 ~ Methuen (55+)",Zillow/Trulia/Other Website,57.0,White,Yes,Amesbury,1,0.0,Single person,36408.0,225000.0,No
909,581091,2024-09-03 17:24:20.000,"12 Rebecca Way, Unit 9 ~ Methuen (55+)",Real Estate Agent,69.0,Middle Eastern or North African,Yes,Londonderry,1,0.0,Single person,45000.0,340000.0,No
910,685042,2024-09-03 20:01:32.000,"6 Woodman Way, unit 204A ~ Newburyport",Zillow/Trulia/Other Website,30.0,White,No,Boxford,1,0.0,Single person,81500.0,49400.0,No
911,92947,2024-09-04 09:22:52.000,"513 Main St, Unit D ~ Groton",MyMassHome,28.0,White,No,Lowell,2,1.0,Single parent,71420.0,34303.0,Yes
912,647166,2024-09-04 12:01:54.000,"513 Main St, Unit D ~ Groton",Googled lottery’s,29.0,Hispanic or Latino,No,Chelsea,2,1.0,Single parent,30000.0,30000.0,Yes
913,220498,2024-09-04 20:46:48.000,"513 Main St, Unit D ~ Groton",Real Estate Agent,47.0,Hispanic or Latino,No,Ashland-MA,2,0.0,Single person,58767.0,800.0,Yes
914,220081,2024-09-05 18:06:27.000,"513 Main St, Unit D ~ Groton",Real Estate Agent,29.0,White,No,Nashua,1,0.0,Single person,60000.0,23500.0,No
915,653600,2024-09-05 19:06:11.000,178 Cortland Drive ~ North Andover,MyMassHome,66.0,White,Yes,STOW,1,0.0,Single person,213556.0,265081.0,No
916,955839,2024-09-05 19:39:48.000,178 Cortland Drive ~ North Andover,Real Estate Agent,75.0,White,No,Lynn ma,1,0.0,Single person,28098.0,200.0,No
917,485004,2024-09-05 20:56:37.000,178 Cortland Drive ~ North Andover,MyMassHome,59.0,Hispanic or Latino,No,Southborough,2,1.0,Single person,55209.0,35286.0,Yes
918,893543,2024-09-06 10:20:34.000,178 Cortland Drive ~ North Andover,MyMassHome,70.0,White,Yes,North Reading,1,0.0,Single person,42923.0,122848.0,Yes
919,638778,2024-09-06 21:11:34.000,178 Cortland Drive ~ North Andover,MyMassHome,60.0,"Middle Eastern or North African
White",No,"Andover, MA",1,0.0,Single person,40875.0,79686.0,Yes
920,656503,2024-09-07 10:00:30.000,"513 Main St, Unit D ~ Groton",Real Estate Agent,54.0,White,No,"Townsend,Ma",1,0.0,Single person,58000.0,30000.0,No
921,478509,2024-09-07 20:32:05.000,178 Cortland Drive ~ North Andover,Real Estate Agent,72.0,"Native American or Alaskan Native
White",Yes,Springfield,2,0.0,"Married/partners/couple, no dependents",66142.32,83011.33,No
922,106210,2024-09-08 07:50:33.000,"513 Main St, Unit D ~ Groton",MyMassHome,33.0,White,No,Methuen,3,2.0,Single parent,68200.0,37120.0,Yes
923,575564,2024-09-08 13:16:05.000,178 Cortland Drive ~ North Andover,Real Estate Agent,72.0,White,Yes,Lowell,2,0.0,"Married/partners/couple, no dependents",66731.0,37627.67,No
924,908428,2024-09-09 10:54:15.000,"6 Woodman Way, unit 204A ~ Newburyport",MyMassHome,32.0,White,No,Peabody,1,0.0,Single person,68692.14,46901.68,Yes
925,658386,2024-09-09 11:49:09.000,"513 Main St, Unit D ~ Groton",MyMassHome,23.0,White,No,Derry,2,0.0,"Brother and Sister (both adults, require 2 bedrooms)",62000.0,34000.0,Yes
926,973801,2024-09-09 16:17:28.000,"513 Main St, Unit D ~ Groton",MyMassHome,28.0,Asian,Yes,"CLINTON, MA",2,0.0,Single person,75200.0,8000.0,Yes
927,8268,2024-09-12 14:02:50.000,178 Cortland Drive ~ North Andover,Real Estate Agent,76.0,White,No,Lynnfield,1,0.0,Single person,53364.0,56462.52,No
928,243767,2024-09-13 16:14:08.000,178 Cortland Drive ~ North Andover,Real Estate Agent,72.0,White,No,Methuen,1,0.0,Single person,34630.0,34600.0,No
929,404993,2024-09-13 17:11:02.000,178 Cortland Drive ~ North Andover,Zillow/Trulia/Other Website,66.0,White,Yes,"Myrtle Beach, SC",1,0.0,Single person,28480.4,3757.0,No
930,928299,2024-09-13 17:36:26.000,178 Cortland Drive ~ North Andover,Zillow/Trulia/Other Website,69.0,Asian,No,Tewksbury,2,0.0,"Married/partners/couple, no dependents",74000.0,168000.0,No
931,9656,2024-09-13 20:35:42.000,178 Cortland Drive ~ North Andover,Friend/Word of Mouth,73.0,Middle Eastern or North African,No,Methuen,2,0.0,"Married/partners/couple, no dependents",47612.0,24842.47,No
932,445280,2024-09-14 11:47:32.000,178 Cortland Drive ~ North Andover,Real Estate Agent,66.0,Asian,No,"ATKINSON,NH",2,0.0,"Married/partners/couple, no dependents",67199.0,46000.0,No
933,810396,2024-09-14 13:05:03.000,178 Cortland Drive ~ North Andover,Zillow/Trulia/Other Website,72.0,White,Yes,Hooksett,2,0.0,Single person,35520.0,461268.75,No
934,677756,2024-09-15 12:28:38.000,"110 Dillingham Ave, Unit 105 ~ Falmouth (62+)... (first come, first served)",Have Family that Live in Sandwich and Falmouth,66.0,White,No,WEST BRIDGEWATER,2,0.0,Brother and Sister,28000.0,250000.0,Yes
935,158662,2024-09-15 16:16:57.000,178 Cortland Drive ~ North Andover,Zillow/Trulia/Other Website,65.0,Choose not to answer,No,North Andover,2,0.0,Single parent,67849.76,201200.0,No
936,548641,2024-09-15 17:30:01.000,178 Cortland Drive ~ North Andover,MyMassHome,58.0,Asian,No,HAVERHILL,2,0.0,Single parent,75539.0,120284.0,Yes
937,735920,2024-09-15 18:32:28.000,178 Cortland Drive ~ North Andover,MyMassHome,66.5,White,No,Haverhill,1,0.0,Single person,5438.0,8334.72,No
938,201763,2024-09-15 22:47:04.000,178 Cortland Drive ~ North Andover,Zillow/Trulia/Other Website,56.0,White,No,"salem,ma",4,0.0,"Married/partners/couple, with dependents",82000.0,143000.0,No
939,714458,2024-09-15 22:47:37.000,178 Cortland Drive ~ North Andover,Friend/Word of Mouth,65.0,White,No,Andover,1,0.0,Single person,64614.0,70000.0,No
940,680334,2024-09-15 23:55:38.000,178 Cortland Drive ~ North Andover,Friend/Word of Mouth,64.0,White,No,"Hudson, NH",1,0.0,Single person,43411.64,163260.52,No
941,492673,2024-09-16 10:17:47.000,"110 Dillingham Ave, Unit 105 ~ Falmouth (62+)... (first come, first served)",Friend/Word of Mouth,0.0,White,Yes,East Falmouth,2,0.0,"Married/partners/couple, no dependents",65024.0,330000.0,No
942,428705,2024-09-16 11:45:43.000,"110 Dillingham Ave, Unit 105 ~ Falmouth (62+)... (first come, first served)",MyMassHome,65.0,Asian,No,Boston,1,0.0,Single person,68000.0,223000.0,No
943,915277,2024-09-16 12:27:50.000,178 Cortland Drive ~ North Andover,Real Estate Agent,85.0,White,No,"Melrose, MA",1,0.0,Single person,34847.76,125661.0,No
944,230209,2024-09-16 16:03:46.000,178 Cortland Drive ~ North Andover,Zillow/Trulia/Other Website,55.0,Asian,No,Andover,3,0.0,"Married/partners/couple, with dependents",55864.98,57354.42,Yes
945,580020,2024-09-16 18:07:08.000,178 Cortland Drive ~ North Andover,Zillow/Trulia/Other Website,69.0,White,Yes,Woburn,2,0.0,"Married/partners/couple, no dependents",63876.0,175551.74,No
946,104341,2024-09-16 20:19:00.000,178 Cortland Drive ~ North Andover,Zillow/Trulia/Other Website,77.0,White,No,Lowell,2,0.0,"Married/partners/couple, no dependents",17907.72,2362.84,No
947,593406,2024-09-16 20:41:52.000,178 Cortland Drive ~ North Andover,MyMassHome,56.0,White,Yes,methuen,1,0.0,Single person,24512.0,29590.0,Yes
948,455151,2024-09-16 21:35:31.000,178 Cortland Drive ~ North Andover,Real Estate Agent,77.0,Hispanic or Latino,No,North Andover,1,0.0,Single person,27117.6,380000.0,No
949,967508,2024-09-16 23:03:43.000,16 Cobblestone Way ~ Sandwich,MyMassHome,46.0,"Asian
Middle Eastern or North African
White",No,Boston,7,2.0,"Married/partners/couple, with dependents",99744.0,50000.0,No
950,723340,2024-09-17 12:14:18.000,178 Cortland Drive ~ North Andover,Zillow/Trulia/Other Website,58.0,White,No,North Andover,2,1.0,Single parent,72891.0,74931.54,No
951,221989,2024-09-17 13:08:37.000,178 Cortland Drive ~ North Andover,Real Estate Agent,76.0,White,No,Arlington,1,0.0,Single person,61079.0,272295.0,No
952,908399,2024-09-17 13:56:02.000,178 Cortland Drive ~ North Andover,MyMassHome,67.0,White,No,WEST HARTFORD,2,0.0,"Married/partners/couple, no dependents",37296.0,272479.07,No
953,578877,2024-09-17 14:49:51.000,178 Cortland Drive ~ North Andover,Zillow/Trulia/Other Website,57.0,White,Yes,Amesbury,1,0.0,Single person,36408.0,225000.0,No
954,262536,2024-09-17 14:52:20.000,178 Cortland Drive ~ North Andover,Real Estate Agent,64.0,White,No,Andover,2,0.0,"Married/partners/couple, no dependents",71265.0,29000.0,No
955,537091,2024-09-17 14:59:16.000,178 Cortland Drive ~ North Andover,Zillow/Trulia/Other Website,68.0,White,No,Andover,2,0.0,"Married/partners/couple, no dependents",64560.0,174222.0,Yes
956,381744,2024-09-17 15:19:35.000,178 Cortland Drive ~ North Andover,Zillow/Trulia/Other Website,55.0,Asian,No,Lawrence,3,0.0,"Married/partners/couple, no dependents",58716.0,120000.0,No
957,262536,2024-09-17 16:24:49.000,178 Cortland Drive ~ North Andover,Friend/Word of Mouth,64.0,White,No,Andover,2,0.0,"Married/partners/couple, no dependents",86110.0,29000.0,No
958,566937,2024-09-17 16:38:53.000,178 Cortland Drive ~ North Andover,Friend/Word of Mouth,60.0,White,Yes,Beverly,1,0.0,Single person,44332.0,26000.0,No
959,895588,2024-09-17 16:44:12.000,178 Cortland Drive ~ North Andover,Real Estate Agent,61.0,Middle Eastern or North African,No,Quincy,2,0.0,"Married/partners/couple, no dependents",68500.0,13963.75,No
960,729141,2024-09-17 16:46:29.000,178 Cortland Drive ~ North Andover,Zillow/Trulia/Other Website,55.0,White,No,"Hudson, New Hampshire",1,0.0,Single person,52000.0,8346.19,No
961,973801,2024-09-17 16:49:19.000,178 Cortland Drive ~ North Andover,MyMassHome,28.0,Asian,Yes,"CLINTON, MA",2,0.0,Single person,75000.0,12000.0,Yes
962,152451,2024-09-17 16:56:13.000,178 Cortland Drive ~ North Andover,MyMassHome,29.0,Asian,Yes,"METHEUN, MA",2,0.0,Single person,61000.0,10000.0,Yes
963,487817,2024-09-17 17:02:16.000,178 Cortland Drive ~ North Andover,MyMassHome,57.0,White,Yes,Lynn,1,0.0,Single person,22400.0,125666.7,Yes
964,764169,2024-09-18 19:50:10.000,"1A Lindas Way, Unit 13 ~ Sterling",MyMassHome,25.0,White,No,Westminster,1,0.0,Single person,66171.0,72043.97,Yes
965,187846,2024-09-18 20:07:37.000,"1A Lindas Way, Unit 13 ~ Sterling",Real Estate Agent,59.0,Black or African American,No,Worcester,2,1.0,Single person,65816.0,30000.0,Yes
966,6732,2024-09-19 12:49:57.000,"1A Lindas Way, Unit 13 ~ Sterling",Real Estate Agent,44.0,Native American or Alaskan Native,Yes,Marlborough,1,0.0,Single person,88000.0,0.0,No
967,182109,2024-09-19 13:32:44.000,"1A Lindas Way, Unit 13 ~ Sterling",Real Estate Agent,33.0,White,No,Clinton,1,0.0,Single person,50800.0,0.0,No
968,134565,2024-09-19 15:18:21.000,,Real Estate Agent,35.0,White,No,Taunton,2,1.0,Single parent,60762.0,0.0,No
969,849391,2024-09-20 10:10:46.000,"1A Lindas Way, Unit 13 ~ Sterling",Real Estate Agent,56.0,White,No,Worcester,1,0.0,Single person,66767.0,66882.17,Yes
970,647166,2024-09-20 11:36:32.000,"1A Lindas Way, Unit 13 ~ Sterling",MyMassHome,29.0,Hispanic or Latino,No,Chelsea,2,1.0,Single parent,47000.0,30000.0,Yes
971,720335,2024-09-22 05:54:40.000,"110 Dillingham Ave, Unit 105 ~ Falmouth (62+) (first come, first served)",Family lives nearby,67.0,White,Yes,WEST BRIDGEWATER,1,0.0,Single person,15000.0,150000.0,Yes
972,231469,2024-09-22 19:26:04.000,"250 Main St, Unit 317 ~ Hudson (first come, first served)",MyMassHome,74.0,White,Yes,"Osterville, Mass",1,0.0,Single person,11730.24,23192.61,No
973,835041,2024-09-22 21:37:23.000,16 Cobblestone Way ~ Sandwich,MyMassHome,42.0,Black or African American,No,Hyde Park,6,4.0,"Married/partners/couple, with dependents",75000.0,23089.0,Yes
974,90449,2024-09-23 10:15:03.000,"1A Lindas Way, Unit 13 ~ Sterling",Zillow/Trulia/Other Website,43.0,Choose not to answer,No,Millbury,1,0.0,Single person,70200.0,4000.0,Yes
975,706110,2024-09-23 16:18:31.000,"1A Lindas Way, Unit 13 ~ Sterling",Real Estate Agent,41.0,Hispanic or Latino,No,STERLING,1,0.0,Single person,66040.0,3100.0,No
976,587614,2024-09-23 17:36:27.000,"1A Lindas Way, Unit 13 ~ Sterling",MyMassHome,35.0,White,No,Holden,1,0.0,Single person,68500.0,18000.0,Yes
977,105277,2024-09-23 23:11:37.000,"1A Lindas Way, Unit 13 ~ Sterling",MyMassHome,37.0,Asian,No,Worcester,3,1.0,"Married/partners/couple, with dependents",71500.0,19000.0,No
978,187259,2024-09-24 11:09:00.000,"1A Lindas Way, Unit 13 ~ Sterling",Friend/Word of Mouth,29.0,White,No,Leominster,1,0.0,Single person,64000.0,46000.0,No
979,411734,2024-09-24 19:03:32.000,"1A Lindas Way, Unit 13 ~ Sterling",MyMassHome,40.0,White,No,Lawrence,1,0.0,Single person,61463.74,66854.82,No
980,695624,2024-09-24 20:26:44.000,"1A Lindas Way, Unit 13 ~ Sterling",Zillow/Trulia/Other Website,29.0,White,No,Auburn,1,0.0,Single person,63177.0,59814.33,No
981,237815,2024-09-25 12:23:23.000,"1A Lindas Way, Unit 13 ~ Sterling",Real Estate Agent,53.0,White,No,Hudson,1,0.0,Single parent,62937.0,78484.77,No
982,537471,2024-09-25 16:45:49.000,"1A Lindas Way, Unit 13 ~ Sterling",MyMassHome,53.0,White,No,Andover,2,1.0,Single parent,65000.0,42000.0,Yes
983,754821,2024-09-26 08:59:43.000,"250 Main St, Unit 317 ~ Hudson (first come, first served)",MyMassHome,60.0,Hispanic or Latino,No,Marlborough,2,0.0,Single parent,84480.0,130989.14,Yes
984,893543,2024-09-26 09:02:03.000,"63 Central St., #107 ~ North Reading (55+)",MyMassHome,70.0,White,No,North Reading,1,0.0,Single person,42923.0,132848.0,Yes
985,985439,2024-09-26 13:00:31.000,"1A Lindas Way, Unit 13 ~ Sterling",MyMassHome,41.0,"Black or African American
Hispanic or Latino",No,Worcester,3,1.0,Single parent,60681.0,32000.0,Yes
986,204344,2024-09-26 14:00:41.000,"1A Lindas Way, Unit 13 ~ Sterling",Zillow/Trulia/Other Website,55.0,Choose not to answer,No,Clinton,3,1.0,"Married/partners/couple, with dependents",87000.0,9900.0,Yes
987,275090,2024-09-26 18:26:54.000,"1A Lindas Way, Unit 13 ~ Sterling",Zillow/Trulia/Other Website,60.0,White,No,Phillipston,1,0.0,Single person,35045.0,130120.0,Yes
988,893939,2024-09-26 18:43:55.000,"1A Lindas Way, Unit 13 ~ Sterling",Zillow/Trulia/Other Website,34.0,Choose not to answer,No,Worcester,1,0.0,Single person,69000.0,18000.0,No
989,503964,2024-09-26 19:28:34.000,"1A Lindas Way, Unit 13 ~ Sterling",MyMassHome,64.0,Asian,No,Worcester,2,0.0,Single person,72084.6,20000.0,No
990,220498,2024-09-26 20:37:10.000,"1A Lindas Way, Unit 13 ~ Sterling",Real Estate Agent,47.0,Hispanic or Latino,No,Ashland,2,0.0,Single parent,58767.0,800.0,No
991,308794,2024-09-26 21:26:13.000,"1A Lindas Way, Unit 13 ~ Sterling",Real Estate Agent,39.0,Asian,No,Woburn,1,0.0,Single person,57200.0,45161.49,No
992,444057,2024-09-26 22:02:00.000,16 Cobblestone Way ~ Sandwich,Friend/Word of Mouth,31.0,Black or African American,No,Harwich,1,0.0,Single person,63292.0,0.0,No
993,290265,2024-09-27 21:02:09.000,"63 Central St., #107 ~ North Reading (55+)",Zillow/Trulia/Other Website,60.0,White,No,Lynnfield MA,1,0.0,Single person,59989.0,105000.0,No
994,159233,2024-09-29 00:16:07.000,"1A Lindas Way, Unit 13 ~ Sterling",Real Estate Agent,39.0,Black or African American,No,Leominster,2,1.0,Single parent,60548.0,12497.41,No
995,533347,2024-09-29 13:54:17.000,"1A Lindas Way, Unit 13 ~ Sterling",Friend/Word of Mouth,41.0,White,No,Clinton,1,0.0,Single person,50000.0,52000.0,Yes
996,614735,2024-09-29 14:11:37.000,16 Cobblestone Way ~ Sandwich,Friend/Word of Mouth,28.0,White,No,Sandwich,3,1.0,"Married/partners/couple, with dependents",67200.0,33000.0,No
997,105277,2024-09-29 21:23:17.000,"1A Lindas Way, Unit 13 ~ Sterling",MyMassHome,37.0,Asian,No,Worcester,3,1.0,"Married/partners/couple, with dependents",73000.0,19000.0,No
998,781791,2024-09-29 21:28:29.000,"1A Lindas Way, Unit 13 ~ Sterling",MyMassHome,49.0,White,No,Templeton,1,0.0,Single person,52000.0,48300.29,No
999,373220,2024-09-30 07:33:50.000,16 Cobblestone Way ~ Sandwich,Zillow/Trulia/Other Website,32.0,Hispanic or Latino,No,Pocasset,4,2.0,"Married/partners/couple, with dependents",91870.0,21559.0,No
1000,169404,2024-09-30 12:06:07.000,16 Cobblestone Way ~ Sandwich,Looking for housing daily,54.0,White,No,Sandwich,3,1.0,"Married/partners/couple, with dependents",74640.69,31424.05,Yes
1001,169404,2024-09-30 12:16:54.000,16 Cobblestone Way ~ Sandwich,Have been searching for a home daily,54.0,White,No,Sandwich,3,1.0,"Married/partners/couple, with dependents",74640.69,31424.05,Yes
1002,42982,2024-09-30 12:53:41.000,"1A Lindas Way, Unit 13 ~ Sterling",Zillow/Trulia/Other Website,59.0,"Asian
White",Yes,Fitchburg,2,0.0,"Married/partners/couple, no dependents",46773.0,21648.0,No
1003,383181,2024-09-30 13:17:01.000,"1A Lindas Way, Unit 13 ~ Sterling",MyMassHome,34.0,Black or African American,No,Woodstock,4,2.0,"Married/partners/couple, with dependents",90500.0,42627.25,Yes
1004,658386,2024-09-30 13:17:13.000,"1A Lindas Way, Unit 13 ~ Sterling",MyMassHome,23.0,White,No,Derry,2,0.0,"Brother and Sister (both adults, require 2 bedrooms)",60000.0,36000.0,Yes
1005,169404,2024-09-30 14:17:09.000,16 Cobblestone Way ~ Sandwich,Have been looking daily for housing,52.0,White,No,Sandwich,3,1.0,"Married/partners/couple, with dependents",74640.69,31424.05,Yes
1006,370810,2024-09-30 14:47:17.000,"1A Lindas Way, Unit 13 ~ Sterling",Social Media,32.0,"Black or African American
Hispanic or Latino",No,Lawrence,2,0.0,"Married/partners/couple, no dependents",55000.0,25000.0,No
1007,888937,2024-09-30 16:07:02.000,16 Cobblestone Way ~ Sandwich,MyMassHome,44.0,White,No,Sandwich,4,3.0,Single parent,80000.0,73280.0,Yes
1008,64749,2024-09-30 17:06:36.000,"1A Lindas Way, Unit 13 ~ Sterling",Zillow/Trulia/Other Website,27.0,White,No,Watertown,2,0.0,Single person,65000.0,5000.0,Yes
1009,714419,2024-10-01 11:02:51.000,16 Cobblestone Way ~ Sandwich,Zillow/Trulia/Other Website,31.0,Black or African American,No,Mashpee,2,1.0,Single parent,58000.0,23250.0,Yes
1010,6631,2024-10-03 16:03:49.000,"63 Central St., #107 ~ North Reading (55+)",Friend/Word of Mouth,64.0,White,No,North Reading,1,0.0,Single person,73327.0,80346.39,No
1011,797133,2024-10-04 16:32:45.000,"63 Central St., #107 ~ North Reading (55+)",MyMassHome,79.0,Hispanic or Latino,No,Dracut,1,0.0,Single person,34502.0,22804.0,No
1012,720335,2024-10-23 13:27:21.000,"110 Dillingham Ave, Unit 105 ~ Falmouth (62+) (first come, first served)",relatives live nearby,68.0,White,Yes,WEST BRIDGEWATER,1,0.0,Single person,12024.0,0.0,Yes
1013,731600,2024-10-31 15:40:07.000,24 Water Wheel Circle ~ Templeton,Zillow/Trulia/Other Website,36.0,White,Yes,Warwick,1,0.0,Single person,40068.0,0.0,Yes
1014,458143,2024-11-04 17:17:59.000,1205 Albion Road ~ Bedford,MyMassHome,34.0,Choose not to answer,No,Tewksbury,1,0.0,Single person,75732.8,75000.0,Yes
1015,250592,2024-11-04 20:01:07.000,1205 Albion Road ~ Bedford,MyMassHome,30.0,White,No,Rockport,1,0.0,Single person,50000.0,34898.0,Yes
1016,835041,2024-11-04 20:51:56.000,1205 Albion Road ~ Bedford,Zillow/Trulia/Other Website,42.0,Black or African American,No,Hyde Park,6,4.0,"Married/partners/couple, with dependents",75000.0,10000.0,Yes
1017,833958,2024-11-05 10:54:56.000,1205 Albion Road ~ Bedford,Real Estate Agent,25.0,Asian,No,Boston,1,0.0,Single person,87000.0,65000.0,No
1018,132121,2024-11-05 14:19:26.000,1205 Albion Road ~ Bedford,MyMassHome,29.0,White,No,Bedford,1,0.0,Single person,87360.4,29765.57,Yes
1019,975525,2024-11-05 21:44:28.000,"7 Crescent Way, Unit 305 ~ Sturbridge (55+) (first come, first served)",Real Estate Agent,86.0,White,Yes,"Oxford, MA",2,0.0,"Married/partners/couple, no dependents",67300.0,255000.0,No
1020,154553,2024-11-06 11:33:24.000,24 Water Wheel Circle ~ Templeton,Zillow/Trulia/Other Website,38.0,White,No,Sterling,3,2.0,Single parent,61800.0,0.0,No
1021,424598,2024-11-06 13:40:09.000,7 Buttercup Lane ~ Grafton,MyMassHome,56.0,White,No,North Oxford,1,0.0,Single person,65000.0,0.0,Yes
1022,234850,2024-11-06 16:19:59.000,7 Buttercup Lane ~ Grafton,Zillow/Trulia/Other Website,31.0,White,No,Milford,1,0.0,Single person,48014.4,64800.0,No
1023,899631,2024-11-07 00:33:42.000,24 Water Wheel Circle ~ Templeton,MyMassHome,19.0,Asian,No,Plaistow,2,0.0,Single person,60000.0,55540.77,Yes
1024,31929,2024-11-08 17:10:21.000,7 Buttercup Lane ~ Grafton,Zillow/Trulia/Other Website,26.0,Hispanic or Latino,No,Milford,1,0.0,Single person,63500.0,11000.0,No
1025,745387,2024-11-09 09:07:34.000,24 Water Wheel Circle ~ Templeton,Real Estate Agent,24.0,White,No,Westminster,1,0.0,Single person,45905.0,21500.0,No
1026,401499,2024-11-09 19:33:30.000,24 Water Wheel Circle ~ Templeton,Real Estate Agent,20.0,White,No,Shrewsbury,3,1.0,"Married/partners/couple, with dependents",70500.0,2130.0,No
1027,720185,2024-11-09 20:01:39.000,24 Water Wheel Circle ~ Templeton,Zillow/Trulia/Other Website,29.0,White,No,Fitchburg,1,0.0,Single person,63364.0,27000.0,No
1028,630747,2024-11-09 23:09:44.000,7 Buttercup Lane ~ Grafton,MyMassHome,38.0,Middle Eastern or North African,No,Revere,3,1.0,"Married/partners/couple, with dependents",57000.0,61400.0,Yes
1029,31929,2024-11-11 12:04:29.000,7 Buttercup Lane ~ Grafton,Zillow/Trulia/Other Website,26.0,Hispanic or Latino,No,Milford,1,0.0,Single person,63500.0,33554.94,No
1030,781791,2024-11-11 22:14:06.000,24 Water Wheel Circle ~ Templeton,MyMassHome,50.0,White,No,Templeton,1,0.0,Single person,54000.0,45391.42,No
1031,985439,2024-11-12 08:45:09.000,24 Water Wheel Circle ~ Templeton,MyMassHome,42.0,"Black or African American
Hispanic or Latino",No,Worcester,31,1.0,Single parent,66181.0,35000.0,Yes
1032,11801,2024-11-12 09:25:28.000,7 Buttercup Lane ~ Grafton,Zillow/Trulia/Other Website,59.0,White,No,Worcester,1,0.0,Single person,58000.0,65000.0,No
1033,298341,2024-11-12 23:26:28.000,7 Buttercup Lane ~ Grafton,Real Estate Agent,25.0,Hispanic or Latino,No,Norwood,2,1.0,Single parent,74000.0,28400.0,No
1034,424994,2024-11-13 13:02:00.000,9 Minuteman Lane ~ Westford,MyMassHome,28.0,White,No,Saugus,1,0.0,Single person,55000.0,53523.0,Yes
1035,210797,2024-11-14 08:26:47.000,9 Minuteman Lane ~ Westford,Real Estate Agent,36.0,Middle Eastern or North African,No,Everett,3,1.0,"Married/partners/couple, with dependents",55000.0,73000.0,Yes
1036,595275,2024-11-14 10:08:57.000,9 Minuteman Lane ~ Westford,Friend/Word of Mouth,25.0,Choose not to answer,No,Andover,1,0.0,Single person,36795.6,71407.9,No
1037,629877,2024-11-14 11:58:16.000,9 Minuteman Lane ~ Westford,Social Media,34.0,Black or African American,No,"Lexington,Ma",3,0.0,My Aunt &Uncle they live with me,68000.0,12000.0,No
1038,629877,2024-11-14 12:17:02.000,"19 Broad Street, 204 ~ Merrimac",MyMassHome,34.0,Black or African American,No,Lexington,3,0.0,My Aunt & Uncle they live with me.,68000.0,12000.0,No
1039,885642,2024-11-14 14:18:37.000,9 Minuteman Lane ~ Westford,MyMassHome,35.0,White,No,MALDEN,4,2.0,"Married/partners/couple, with dependents",78655.0,23000.0,No
1040,128068,2024-11-14 22:27:17.000,7 Buttercup Lane ~ Grafton,MyMassHome,32.0,Middle Eastern or North African,No,Malden,3,1.0,"Married/partners/couple, with dependents",49000.0,24500.0,Yes
1041,630747,2024-11-15 11:28:26.000,9 Minuteman Lane ~ Westford,MyMassHome,38.0,Middle Eastern or North African,No,Revere,3,1.0,"Married/partners/couple, with dependents",57000.0,61400.0,Yes
1042,174815,2024-11-15 19:44:46.000,7 Buttercup Lane ~ Grafton,MyMassHome,34.0,Hispanic or Latino,No,Worcester,3,2.0,Single parent,77896.0,28081.34,Yes
1043,692254,2024-11-16 08:46:50.000,7 Buttercup Lane ~ Grafton,Real Estate Agent,22.0,White,No,"Northbridge, MA",3,1.0,"Married/partners/couple, with dependents",73736.0,35196.0,No
1044,923876,2024-11-17 16:30:20.000,7 Buttercup Lane ~ Grafton,MyMassHome,32.0,"Hispanic or Latino
White",No,"Medway, MA",1,0.0,Single person,42529.0,63420.18,No
1045,899631,2024-11-18 13:30:43.000,7 Buttercup Lane ~ Grafton,MyMassHome,19.0,Asian,No,Plaistow,2,0.0,"I am single, and I take care of my mother.",48000.0,56412.0,Yes
1046,726687,2024-11-18 14:54:37.000,7 Buttercup Lane ~ Grafton,Friend/Word of Mouth,26.0,White,No,North Grafton,2,0.0,"Married/partners/couple, no dependents",75000.0,10000.0,No
1047,885642,2024-11-18 15:16:51.000,7 Buttercup Lane ~ Grafton,MyMassHome,35.0,White,No,malden,4,2.0,"Married/partners/couple, no dependents",78636.0,23000.0,No
1048,100735,2024-11-18 16:13:44.000,7 Buttercup Lane ~ Grafton,MyMassHome,53.0,Black or African American,No,Boston,4,3.0,Single parent,91000.0,41000.0,Yes
1049,864556,2024-11-18 20:22:08.000,"19 Broad Street, 204 ~ Merrimac",MyMassHome,29.0,White,No,Gloucester,3,1.0,"Married/partners/couple, with dependents",76306.86,20948.08,Yes
1050,968627,2024-11-20 21:07:42.000,9 Minuteman Lane ~ Westford,MyMassHome,40.0,White,No,Sudbury,1,0.0,Single person,56175.0,13090.0,Yes
1051,658386,2024-11-21 10:10:16.000,9 Minuteman Lane ~ Westford,MyMassHome,23.0,White,No,Derry,2,0.0,"Brother and Sister (both adults, require 2 bedrooms)",60000.0,32000.0,Yes
1052,658386,2024-11-21 10:12:29.000,"19 Broad Street, 204 ~ Merrimac",MyMassHome,23.0,White,No,Derry,2,0.0,"Brother and Sister (both adults, require 2 bedrooms)",60000.0,32000.0,Yes
1053,537471,2024-11-21 16:38:42.000,9 Minuteman Lane ~ Westford,MyMassHome,53.0,White,No,Andover,2,1.0,Single parent,63352.0,35640.0,Yes
1054,982486,2024-11-22 12:13:37.000,9 Minuteman Lane ~ Westford,MyMassHome,30.0,White,No,Tewksbury,2,1.0,Single person,34000.0,19297.0,No
1055,231143,2024-11-22 14:37:20.000,9 Minuteman Lane ~ Westford,MyMassHome,25.0,White,No,Leominster,1,0.0,Single person,57303.6,20000.0,Yes
1056,291430,2024-11-24 07:38:04.000,9 Minuteman Lane ~ Westford,MyMassHome,34.0,Black or African American,No,Newburyport,2,1.0,Single person,72000.0,2000.0,No
1057,291430,2024-11-24 07:52:26.000,9 Minuteman Lane ~ Westford,MyMassHome,34.0,Black or African American,No,Newburyport,2,1.0,Single person,72000.0,1000.0,No
1058,862998,2024-11-24 17:41:07.000,9 Minuteman Lane ~ Westford,MyMassHome,59.0,White,No,Tyngsboro,1,0.0,Single person,62650.0,1440.0,No
1059,691633,2024-11-25 12:09:03.000,"19 Broad Street, 204 ~ Merrimac",MyMassHome,21.0,White,No,Lynnfield,1,0.0,Single person,62500.0,71438.0,Yes
1060,157152,2024-11-25 13:01:39.000,9 Minuteman Lane ~ Westford,Zillow/Trulia/Other Website,25.0,White,No,Dracut,1,0.0,Single person,55000.0,64878.82,Yes
1061,298341,2024-11-25 20:26:18.000,9 Minuteman Lane ~ Westford,Zillow/Trulia/Other Website,25.0,Hispanic or Latino,No,Norwood,2,1.0,Single parent,74000.0,28400.0,Yes
1062,781791,2024-11-25 20:47:49.000,9 Minuteman Lane ~ Westford,MyMassHome,50.0,White,No,Templeton,1,0.0,Single person,54000.0,45400.0,No
1063,428711,2024-11-26 12:21:31.000,9 Minuteman Lane ~ Westford,Zillow/Trulia/Other Website,24.0,White,No,Auburn,1,0.0,Single person,42000.0,62000.0,No
1064,508442,2024-11-26 13:09:56.000,"19 Broad Street, 204 ~ Merrimac",MyMassHome,34.0,White,No,Woburn,3,0.0,Single person,66304.0,65000.0,No
1065,508442,2024-11-26 13:15:39.000,9 Minuteman Lane ~ Westford,MyMassHome,34.0,White,No,Woburn,3,0.0,Single person,66304.0,65000.0,No
1066,579046,2024-11-26 14:35:15.000,9 Minuteman Lane ~ Westford,Zillow/Trulia/Other Website,31.0,White,No,Lowell,1,0.0,Single person,64500.0,20000.0,No
1067,250592,2024-11-26 16:17:55.000,9 Minuteman Lane ~ Westford,MyMassHome,30.0,White,No,Rockport,1,0.0,Single person,60000.0,34000.0,Yes
1068,899631,2024-11-26 16:38:37.000,9 Minuteman Lane ~ Westford,MyMassHome,19.0,Asian,No,Plaistow,2,0.0,Single person,3000.0,58000.0,Yes
1069,899631,2024-11-26 16:43:53.000,"19 Broad Street, 204 ~ Merrimac",MyMassHome,19.0,Asian,No,Plaistow,2,0.0,Single person,3000.0,58000.0,Yes
1070,691598,2024-11-26 20:19:22.000,9 Minuteman Lane ~ Westford,Zillow/Trulia/Other Website,41.0,White,No,"Plaistow, NH",1,0.0,Single person,4744.14,15822.0,Yes
1071,458150,2024-12-02 19:23:04.000,9 Minuteman Lane ~ Westford,Zillow/Trulia/Other Website,29.0,Hispanic or Latino,No,Methuen,3,1.0,"Married/partners/couple, with dependents",80640.0,1000.0,Yes
1072,115199,2024-12-03 19:05:40.000,"63 Central St., Unit 203 ~ North Reading",Real Estate Agent,55.0,White,No,malden,3,1.0,Single parent,62400.0,18000.0,Yes
1073,171303,2024-12-04 14:28:47.000,"63 Central St., Unit 203 ~ North Reading",Friend/Word of Mouth,57.0,Hispanic or Latino,No,Burlington,1,0.0,Single person,65000.0,190000.0,No
1074,200895,2024-12-07 08:55:41.000,"63 Central St., Unit 203 ~ North Reading",MyMassHome,61.0,Hispanic or Latino,No,Reading,1,0.0,Single person,78111.0,101000.0,Yes
1075,675078,2024-12-08 14:31:11.000,"63 Central St., Unit 203 ~ North Reading",MyMassHome,58.0,White,No,Peabody,2,0.0,Single parent,80000.0,54.0,Yes
1076,205330,2024-12-08 19:49:45.000,"63 Central St., Unit 203 ~ North Reading",Real Estate Agent,61.0,Hispanic or Latino,No,Waltham,1,0.0,Single person,79408.0,54300.0,No
1077,632218,2024-12-09 15:04:58.000,"63 Central St., Unit 203 ~ North Reading",Real Estate Agent,59.0,White,Yes,"Saugus, Ma 01906",1,0.0,Single person,14172.0,11000.0,No
1078,218300,2025-01-02 12:39:22.000,"250 Main St, Unit 410 ~ Hudson (age restricted) (first come, first served)",Zillow/Trulia/Other Website,60.0,White,Yes,Hudson,0,0.0,Single person,28151.0,150000.0,No
1079,218300,2025-01-02 13:32:05.000,"250 Main St, Unit 410 ~ Hudson (age restricted) (first come, first served)",Zillow/Trulia/Other Website,60.0,White,Yes,Hudson,0,0.0,Single person,28151.0,219995.0,No
1080,954465,2025-01-11 23:11:20.000,72 Buttercup Lane ~ Grafton,MyMassHome,62.0,White,No,northborough,5,1.0,"Married/partners/couple, with dependents",54140.0,65115.17,No
1081,575544,2025-01-12 15:11:57.000,72 Buttercup Lane ~ Grafton,Zillow/Trulia/Other Website,25.0,White,No,Sutton,1,0.0,Single person,50000.0,59670.0,No
1082,583613,2025-01-14 17:05:55.000,72 Buttercup Lane ~ Grafton,Real Estate Agent,36.0,Middle Eastern or North African,No,Worcester,4,2.0,unmarried couple with dependents,88716.0,3671.0,No
1083,534958,2025-01-15 08:39:02.000,1 Harvest Drive Unit 110 ~ North Andover,MyMassHome,30.0,White,No,Lynn,3,0.0,Single person,63537.0,6180.0,Yes
1084,680351,2025-01-15 10:18:46.000,1 Harvest Drive Unit 110 ~ North Andover,MyMassHome,32.0,Middle Eastern or North African,Yes,"Topsfield, MA",1,0.0,Single person,50631.0,40781.0,Yes
1085,204988,2025-01-15 17:34:10.000,72 Buttercup Lane ~ Grafton,Real Estate Agent,44.0,Asian,No,North Attleboro,4,2.0,"Married/partners/couple, with dependents",30000.0,60000.0,No
1086,586013,2025-01-15 19:04:34.000,72 Buttercup Lane ~ Grafton,Zillow/Trulia/Other Website,50.0,White,No,Fitchburg,3,1.0,"Married/partners/couple, with dependents",84281.6,9724.99,No
1087,144479,2025-01-15 22:19:56.000,72 Buttercup Lane ~ Grafton,Real Estate Agent,41.0,White,No,Northboro,4,2.0,"Married/partners/couple, with dependents",51000.0,20000.0,No
1088,322891,2025-05-13 08:29:55.000,1 Lois Lane ~ Townsend,Real Estate Agent,26.0,White,No,Littleton,1,0.0,Single person,68407.57,69751.68,No
1089,777831,2025-05-12 22:02:41.000,1 Lois Lane ~ Townsend,Zillow/Trulia/Other Website,34.0,White,No,"Clinton, MA",2,0.0,"Married/partners/couple, no dependents",70741.0,74865.85,No
1090,769892,2025-05-12 19:26:22.000,1 Lois Lane ~ Townsend,Real Estate Agent,23.0,White,No,Dracut,1,0.0,Single person,83158.0,40137.0,No
1091,994454,2025-05-12 11:17:56.000,1 Lois Lane ~ Townsend,MyMassHome,30.0,White,No,Fitchburg,4,2.0,"Married/partners/couple, with dependents",150.0,29500.0,Yes
1092,25616,2025-05-11 20:37:26.000,1 Lois Lane ~ Townsend,Zillow/Trulia/Other Website,32.0,White,No,Lowell,1,0.0,Single person,72500.0,28000.0,Yes
1093,831124,2025-05-11 14:03:48.000,1 Lois Lane ~ Townsend,Zillow/Trulia/Other Website,28.0,White,No,Dunstable Ma,1,0.0,Single person,75000.0,60000.0,No
1094,962744,2025-05-10 16:22:19.000,1 Lois Lane ~ Townsend,Zillow/Trulia/Other Website,35.0,White,No,Nashua,1,0.0,Single person,81534.0,72000.0,No
1095,126948,2025-05-08 11:44:49.000,1 Lois Lane ~ Townsend,MyMassHome,35.0,White,No,Andover,3,2.0,Single parent,104000.0,15000.0,Yes
1096,605404,2025-05-08 09:36:03.000,1 Lois Lane ~ Townsend,Chelmsford housing authority,42.0,White,No,Lowell,3,2.0,Single parent,57000.0,0.0,Yes
1097,777831,2025-05-07 20:09:38.000,1 Lois Lane ~ Townsend,Zillow/Trulia/Other Website,34.0,White,No,"Clinton, MA",2,0.0,"Married/partners/couple, no dependents",80000.0,0.0,No
1098,736900,2025-05-07 06:33:01.000,1 Lois Lane ~ Townsend,MyMassHome,47.0,Hispanic or Latino,Yes,Taunton,3,0.0,Single parent,50116.0,18359.0,Yes
1099,607434,2025-05-05 15:29:20.000,1 Lois Lane ~ Townsend,MyMassHome,64.0,White,No,New Bedford,1,0.0,Single person,88221.93,56608.0,Yes
1100,421731,2025-05-05 09:07:17.000,"501 Commerce Drive, 2-110 ~ Braintree",MyMassHome,52.0,Choose not to answer,No,Dedham,1,0.0,Single person,87000.0,65000.0,Yes
1101,212349,2025-05-03 07:05:42.000,"501 Commerce Drive, 2-110 ~ Braintree",MyMassHome,49.0,Black or African American,No,Sharon,2,1.0,Single parent,67165.71,55859.87,Yes
1102,212349,2025-05-03 07:04:21.000,1 Lois Lane ~ Townsend,MyMassHome,49.0,Black or African American,No,Sharon,3,1.0,Single parent,67165.71,55859.87,Yes
1103,472632,2025-05-02 10:42:30.000,"501 Commerce Drive, 2-110 ~ Braintree",MyMassHome,44.0,Black or African American,No,Boston,2,1.0,Single parent,83000.0,25000.0,Yes
1104,529170,2025-04-29 19:47:58.000,27 Meetinghouse Road ~ Norfolk (age restricted),MyMassHome,61.0,Asian,Yes,"BEDFORD, MA",3,0.0,"Married/partners/couple, with dependents",42000.0,8000.0,Yes
1105,936735,2025-04-29 16:42:36.000,27 Meetinghouse Road ~ Norfolk (age restricted),MyMassHome,69.0,White,Yes,Millis,20,0.0,"Married/partners/couple, no dependents",89000.0,20000.0,No
1106,911140,2025-04-29 14:59:51.000,27 Meetinghouse Road ~ Norfolk (age restricted),MyMassHome,62.0,White,No,Norfolk,2,0.0,Single parent,6541.0,11000.0,No
1107,670096,2025-04-29 13:17:48.000,27 Meetinghouse Road ~ Norfolk (age restricted),Real Estate Agent,78.0,White,No,Manchester,1,0.0,Single person,34441.0,226548.0,No
1108,529170,2025-04-29 12:15:26.000,27 Meetinghouse Road ~ Norfolk (age restricted),MyMassHome,61.0,Asian,Yes,"Bedford, MA",3,0.0,"Married/partners/couple, with dependents",30000.0,8000.0,No
1109,994029,2025-04-28 17:31:08.000,27 Meetinghouse Road ~ Norfolk (age restricted),Real Estate Agent,65.0,White,No,"Biddeford, ME",1,0.0,Single person,60000.0,101461.35,No
1110,269434,2025-04-26 20:32:38.000,27 Meetinghouse Road ~ Norfolk (age restricted),Real Estate Agent,59.0,White,No,Franklin,1,0.0,Single person,50000.0,73000.0,No
1111,640684,2025-04-26 13:12:22.000,27 Meetinghouse Road ~ Norfolk (age restricted),Real Estate Agent,71.0,White,No,Warwick RI,1,0.0,Single person,60107.0,135087.81,No
1112,419848,2025-04-25 21:02:38.000,27 Meetinghouse Road ~ Norfolk (age restricted),Zillow/Trulia/Other Website,58.0,Black or African American,No,Boston,1,0.0,Single person,70000.0,10000.0,Yes
1113,368290,2025-04-24 21:42:52.000,27 Meetinghouse Road ~ Norfolk (age restricted),Realtor,56.0,White,No,Roslindale,1,0.0,Single person,17000.0,260229.66,No
1114,601953,2025-04-24 15:37:33.000,27 Meetinghouse Road ~ Norfolk (age restricted),Real Estate Agent,67.0,White,No,"Plainville, MA",2,0.0,"Married/partners/couple, no dependents",59112.0,175247.0,No
1115,348923,2025-04-23 10:32:56.000,27 Meetinghouse Road ~ Norfolk (age restricted),MyMassHome,69.0,Black or African American,No,Boston,1,0.0,Single person,68640.0,14793.7,Yes
1116,33253,2025-04-22 19:18:40.000,27 Meetinghouse Road ~ Norfolk (age restricted),Real Estate Agent,57.0,White,No,Norfolk,1,0.0,Single person,93600.0,863967.3,No
1117,633448,2025-04-22 10:40:17.000,27 Meetinghouse Road ~ Norfolk (age restricted),Zillow/Trulia/Other Website,61.0,White,Yes,Waltham,2,0.0,"Married/partners/couple, no dependents",98917.0,5000.0,Yes
1118,841464,2025-04-21 22:49:30.000,27 Meetinghouse Road ~ Norfolk (age restricted),MyMassHome,63.0,White,No,Needham,1,0.0,Single person,70200405.0,40500.0,No
1119,267184,2025-04-20 11:08:21.000,27 Meetinghouse Road ~ Norfolk (age restricted),Zillow/Trulia/Other Website,60.0,Hispanic or Latino,Yes,Foxboro,2,0.0,Single parent,101988.0,111.44017,Yes
1120,862086,2025-04-18 10:09:46.000,27 Meetinghouse Road ~ Norfolk (age restricted),MyMassHome,56.0,White,No,"Franklin, MA",1,0.0,Single person,84700.0,10000.0,Yes
1121,355052,2025-03-26 18:40:06.000,"250 Main Street, Unit 211B ~ Hudson (age restricted)",MyMassHome,74.0,Choose not to answer,Yes,HUDSON,1,0.0,Single person,13149.84,212517.0,No
1122,212349,2025-03-25 18:53:04.000,52 Shire Road ~ Leominster,MyMassHome,49.0,Black or African American,No,SHARON,2,1.0,Single parent,65860.8,17126.76,No
1123,319813,2025-03-25 12:34:58.000,18A Longview Circle ~ Ayer,MyMassHome,32.0,Asian,No,Lowell,2,0.0,"Married/partners/couple, no dependents",101624.17,7500.0,No
1124,985435,2025-03-25 09:48:05.000,18A Longview Circle ~ Ayer,Real Estate Agent,41.0,Hispanic or Latino,No,Lowell ma,2,0.0,"Married/partners/couple, with dependents",100.0,30.0,No
1125,808414,2025-03-24 20:45:29.000,18A Longview Circle ~ Ayer,Zillow/Trulia/Other Website,32.0,Asian,No,Lowell,3,1.0,Single person,6789.58,2846.46,Yes
1126,476111,2025-03-24 17:16:46.000,18A Longview Circle ~ Ayer,Real Estate Agent,48.0,Hispanic or Latino,No,"Revere, MA",3,2.0,Single parent,79040.0,50408.0,Yes
1127,864670,2025-03-24 12:21:48.000,18A Longview Circle ~ Ayer,MyMassHome,45.0,White,No,Boxborough,2,0.0,"Married/partners/couple, no dependents",91752.0,43000.0,Yes
1128,968627,2025-03-23 19:12:29.000,18A Longview Circle ~ Ayer,MyMassHome,40.0,White,No,Sudbury,1,0.0,Single person,56175.0,13090.0,Yes
1129,193780,2025-03-22 17:32:26.000,18A Longview Circle ~ Ayer,Real Estate Agent,36.0,Hispanic or Latino,No,"Littleton, MA",1,0.0,Single person,85210.0,5599.0,No
1130,842229,2025-03-21 14:25:49.000,18A Longview Circle ~ Ayer,Real Estate Agent,32.0,White,No,North Chelmsford,2,1.0,Single parent,76128.0,37963.0,No
1131,806638,2025-03-21 14:15:56.000,52 Shire Road ~ Leominster,MyMassHome,38.0,Asian,No,FRAMINGHAM,4,2.0,"Married/partners/couple, with dependents",82000.0,72314.35,No
1132,806638,2025-03-21 14:10:38.000,18A Longview Circle ~ Ayer,MyMassHome,38.0,Asian,No,FRAMINGHAM,4,2.0,"Married/partners/couple, with dependents",82000.0,72314.35,No
1133,119740,2025-03-21 12:21:13.000,52 Shire Road ~ Leominster,MyMassHome,59.0,Black or African American,No,Leominster,2,0.0,Single parent,70.0,1000.0,Yes
1134,231469,2025-03-20 20:49:41.000,"250 Main Street, Unit 211B ~ Hudson",MyMassHome,74.0,White,Yes,HUDSON,1,0.0,Single person,13149.84,212517.0,No
1135,308794,2025-03-20 16:58:13.000,52 Shire Road ~ Leominster,Real Estate Agent,39.0,Asian,No,Woburn,1,0.0,Single person,57200.0,53252.81,No
1136,891031,2025-03-19 22:11:44.000,18A Longview Circle ~ Ayer,Zillow/Trulia/Other Website,30.0,Asian,No,Nashua,2,0.0,"Married/partners/couple, no dependents",60000.0,11070.7,No
1137,547931,2025-03-19 15:38:03.000,18A Longview Circle ~ Ayer,Zillow/Trulia/Other Website,49.0,Black or African American,No,DORCHESTER,1,0.0,Single person,90000.0,27000.0,Yes
1138,429158,2025-03-18 17:13:50.000,18A Longview Circle ~ Ayer,Real Estate Agent,35.0,White,No,Wilmington ma,3,1.0,"Married/partners/couple, with dependents",84167.22,34764.87,No
1139,327325,2025-03-18 16:44:12.000,"211 East St., Unit #4, ~ Easthampton",Zillow/Trulia/Other Website,25.0,White,No,Easthampton,6,1.0,"Married/partners/couple, with dependents",131000.0,34000.0,Yes
1140,965588,2025-03-18 16:23:56.000,"211 East St., Unit #4, ~ Easthampton",Real Estate Agent,46.0,Asian,No,Easthampton,2,1.0,Single parent,69007.58,65936.74,Yes
1141,965588,2025-03-18 15:29:38.000,"211 East St., Unit #4, ~ Easthampton",Real Estate Agent,46.0,Asian,No,Easthampton,2,1.0,Single parent,69007.58,65936.74,Yes
1142,965588,2025-03-18 15:24:08.000,"211 East St., Unit #4, ~ Easthampton",Real Estate Agent,46.0,Asian,No,Easthampton,2,1.0,Single parent,69007.58,65936.74,Yes
1143,253565,2025-03-18 13:44:36.000,"211 East St., Unit #4, ~ Easthampton",Friend/Word of Mouth,31.0,White,No,Boston,1,0.0,Single person,48000.0,1500.0,No
1144,634744,2025-03-17 15:46:36.000,18A Longview Circle ~ Ayer,Real Estate Agent,25.0,White,No,Chelmsford,1,0.0,Single person,60000.0,65000.0,No
1145,593734,2025-03-17 11:41:20.000,"211 East St., Unit #4, ~ Easthampton",Real Estate Agent,29.0,White,No,Northampton,1,0.0,Single person,60840.26,67202.31,Yes
1146,683067,2025-03-16 18:38:23.000,"211 East St., Unit #4, ~ Easthampton",Zillow/Trulia/Other Website,32.0,Hispanic or Latino,No,Easthampton,3,1.0,"Married/partners/couple, with dependents",55000.0,28204.77,No
1147,160257,2025-03-15 11:49:51.000,"211 East St., Unit #4, ~ Easthampton",Real Estate Agent,34.0,Black or African American,No,Sunderland,1,0.0,Single person,45000.0,3000.0,No
1148,726420,2025-03-14 14:18:27.000,18A Longview Circle ~ Ayer,Real Estate Agent,54.0,White,No,Lowell,1,0.0,Single person,493323.0,30654.0,No
1149,323009,2025-03-13 19:37:14.000,"211 East St., Unit #4, ~ Easthampton",Friend/Word of Mouth,39.0,"Asian
White",No,Easthampton,2,1.0,Single parent,68021.0,7455.66,Yes
1150,780222,2025-03-13 17:17:13.000,"211 East St., Unit #4, ~ Easthampton",Zillow/Trulia/Other Website,30.0,Asian,No,Easthampton,1,0.0,Single person,41000.0,69000.0,No
1151,215479,2025-03-13 15:45:42.000,"211 East St., Unit #4, ~ Easthampton",Valley Community Development,48.0,White,Yes,Cambridge,1,0.0,Single person,46000.0,2600.0,Yes
1152,541806,2025-03-13 14:48:16.000,13 Dunrobin Circle ~ Methuen,Real Estate Agent,72.0,White,No,haverhill,1,0.0,Single person,38063.76,294418.66,No
1153,263063,2025-03-13 14:33:35.000,"211 East St., Unit #4, ~ Easthampton",Zillow/Trulia/Other Website,33.0,White,No,Easthampton,3,2.0,Single person,44536.76,11216.82,No
1154,576834,2025-03-11 18:42:01.000,13 Dunrobin Circle ~ Methuen,Zillow/Trulia/Other Website,57.0,White,No,"Salem, NH",1,0.0,Single person,47000.0,19000.0,No
1155,576834,2025-03-11 18:34:43.000,13 Dunrobin Circle ~ Methuen,Zillow/Trulia/Other Website,57.0,White,No,"Salem, NH",1,0.0,Single person,47000.0,19000.0,No
1156,780222,2025-03-11 18:21:53.000,"211 East St., Unit #4, ~ Easthampton",Zillow/Trulia/Other Website,30.0,Asian,No,Easthampton,1,0.0,Single person,41000.0,69807.0,No
1157,780222,2025-03-11 17:07:41.000,"211 East St., Unit #4, ~ Easthampton",Zillow/Trulia/Other Website,30.0,Asian,No,Easthampton,1,0.0,Single person,41000.0,67000.0,No
1158,941892,2025-03-11 17:06:04.000,18A Longview Circle ~ Ayer,MyMassHome,34.0,White,No,Framingham,3,1.0,"Married/partners/couple, with dependents",78500.0,15373.0,Yes
1159,683067,2025-03-11 15:58:24.000,"211 East St., Unit #4, ~ Easthampton",Zillow/Trulia/Other Website,32.0,Hispanic or Latino,No,Easthampton,3,1.0,"Married/partners/couple, with dependents",55000.0,14000.0,No
1160,683067,2025-03-11 15:24:06.000,"211 East St., Unit #4, ~ Easthampton",Zillow/Trulia/Other Website,32.0,Hispanic or Latino,No,Easthampton,3,1.0,"Married/partners/couple, with dependents",55000.0,14000.0,No
1161,74843,2025-03-10 21:15:44.000,13 Dunrobin Circle ~ Methuen,Real Estate Agent,57.0,White,No,Lawrence,1,0.0,Single person,48535.73,417000.0,No
1162,448176,2025-03-10 10:26:57.000,"211 East St., Unit #4, ~ Easthampton",MyMassHome,27.0,White,No,Easthampton,2,1.0,Single parent,58039.24,2169.81,No
1163,224458,2025-03-10 08:24:51.000,"211 East St., Unit #4, ~ Easthampton",Friend/Word of Mouth,70.0,White,Yes,Easthampton,2,0.0,"Married/partners/couple, no dependents",48300.0,19885.0,No
1164,126531,2025-03-09 17:16:30.000,"211 East St., Unit #4, ~ Easthampton",Zillow/Trulia/Other Website,47.0,"Middle Eastern or North African
White",No,Amherst,1,0.0,Single person,32000.0,57758.0,No
1165,904522,2025-03-09 17:10:08.000,"211 East St., Unit #4, ~ Easthampton",Zillow/Trulia/Other Website,27.0,White,No,South Hadley,1,0.0,Single person,58000.0,10000.0,Yes
1166,795243,2025-03-07 10:24:50.000,13 Dunrobin Circle ~ Methuen,www.realtor.com,57.0,White,Yes,"Haverhill, MA",1,0.0,Single person,68000.0,20000.0,No
1167,398610,2025-03-06 13:53:12.000,13 Dunrobin Circle ~ Methuen,Real Estate Agent,66.0,White,No,methuen,1,0.0,Single person,51000.0,57898.0,No
1168,435360,2025-03-03 14:25:56.000,13 Dunrobin Circle ~ Methuen,Real Estate Agent,62.0,White,No,Haverhill,1,0.0,Single person,35832.61,166811.0,No
1169,893543,2025-03-03 11:30:59.000,13 Dunrobin Circle ~ Methuen,MyMassHome,71.0,White,Yes,North Reading,1,0.0,Single person,41643.0,66689.0,Yes
1170,720335,2025-03-02 10:22:52.000,"18 West Road, Unit 212 ~ Orleans (age restricted)",MyMassHome,68.0,White,No,west bridgewater,2,0.0,Brother and Sister,19620.0,240000.0,Yes
1171,40209,2025-03-01 11:18:55.000,13 Dunrobin Circle ~ Methuen,Zillow/Trulia/Other Website,58.0,White,No,Methuen,1,0.0,Temporary living with mother.,875.2,318018.0,No
1172,660445,2025-02-25 16:10:29.000,9 Adams Court ~ Hingham,MyMassHome,29.0,"Black or African American
Hispanic or Latino",No,Boston,1,0.0,Single person,87550.0,67519.0,Yes
1173,507379,2025-02-25 15:52:34.000,9 Adams Court ~ Hingham,Zillow/Trulia/Other Website,32.0,Hispanic or Latino,No,Hingham,2,1.0,Single parent,90000.0,74000.0,No
1174,622534,2025-02-25 15:28:26.000,9 Adams Court ~ Hingham,MyMassHome,47.0,White,No,Watertown,2,0.0,Single parent,70000.0,17000.0,Yes
1175,839660,2025-02-25 14:47:27.000,9 Adams Court ~ Hingham,Zillow/Trulia/Other Website,29.0,White,No,Quincy,1,0.0,Single person,77000.0,74738.8,No
1176,50766,2025-02-25 14:03:38.000,9 Adams Court ~ Hingham,Zillow/Trulia/Other Website,58.0,White,No,Rockland,3,1.0,Single person,116785.44,63708.32,No
1177,596040,2025-02-25 13:59:36.000,9 Adams Court ~ Hingham,,52.0,Black or African American,No,Dorchester,1,0.0,Single person,71656.0,19000.0,No
1178,558178,2025-02-25 13:21:04.000,9 Adams Court ~ Hingham,MyMassHome,65.0,Asian,No,Holbrook,1,0.0,Single person,53000.0,38800.0,No
1179,659916,2025-02-25 13:19:23.000,9 Adams Court ~ Hingham,Friend/Word of Mouth,34.0,White,No,Quincy MA,4,2.0,"Married/partners/couple, with dependents",93624.0,74961.05,No
1180,897769,2025-02-25 10:34:12.000,9 Adams Court ~ Hingham,Friend/Word of Mouth,63.0,White,No,Quincy,1,0.0,Single person,75445.0,64000.0,No
1181,513214,2025-02-25 00:11:10.000,9 Adams Court ~ Hingham,Zillow/Trulia/Other Website,23.0,Choose not to answer,No,Cambridge MA,1,0.0,Single person,79350.0,72021.74,No
1182,106483,2025-02-24 23:03:09.000,9 Adams Court ~ Hingham,MyMassHome,51.0,Asian,No,Braintree,6,2.0,"Married/partners/couple, with dependents",100700.0,12919.05,Yes
1183,192388,2025-02-24 21:43:40.000,9 Adams Court ~ Hingham,MyMassHome,38.0,White,No,Harwich,2,1.0,Single parent,147836.31,258577.92,No
1184,29177,2025-02-24 20:59:16.000,9 Adams Court ~ Hingham,MyMassHome,43.0,White,No,Woburn ma,4,3.0,Single parent,81189.87,48830.61,No
1185,833546,2025-02-24 19:10:05.000,9 Adams Court ~ Hingham,Zillow/Trulia/Other Website,33.0,Black or African American,No,Canton,6,3.0,"Married/partners/couple, with dependents",96407.3,23365.45,No
1186,744693,2025-02-24 17:32:42.000,9 Adams Court ~ Hingham,Zillow/Trulia/Other Website,35.0,Hispanic or Latino,Yes,Abington,2,1.0,Single parent,95680.0,8461.0,Yes
1187,681358,2025-02-24 13:29:46.000,9 Adams Court ~ Hingham,Zillow/Trulia/Other Website,29.0,Hispanic or Latino,No,Revere,4,2.0,"Married/partners/couple, with dependents",67000.0,12000.0,Yes
1188,156642,2025-02-24 08:38:01.000,9 Adams Court ~ Hingham,Zillow/Trulia/Other Website,25.0,White,No,Weymouth,1,0.0,Single person,84700.0,15000.0,No
1189,819341,2025-02-23 21:15:43.000,9 Adams Court ~ Hingham,Zillow/Trulia/Other Website,28.0,White,No,Whitman,1,0.0,Single person,82000.0,32321.83,Yes
1190,660769,2025-02-23 11:56:17.000,9 Adams Court ~ Hingham,Real Estate Agent,32.0,White,No,Quincy,1,0.0,Single person,890000.0,0.0,No
1191,827138,2025-02-22 12:43:17.000,9 Adams Court ~ Hingham,Zillow/Trulia/Other Website,24.0,Asian,No,Braintree,1,0.0,Single person,64000.0,59326.0,No
1192,664624,2025-02-22 01:39:15.000,9 Adams Court ~ Hingham,Zillow/Trulia/Other Website,50.0,Hispanic or Latino,No,Hull,4,1.0,"Married/partners/couple, with dependents",96249.93,48050.0,No
1193,611041,2025-02-21 14:37:08.000,9 Adams Court ~ Hingham,MyMassHome,44.0,Asian,No,malden,2,1.0,Single parent,75000.0,75000.0,Yes
1194,619245,2025-02-21 09:31:10.000,9 Adams Court ~ Hingham,Friend/Word of Mouth,45.0,White,No,Weymouth,4,2.0,"Married/partners/couple, with dependents",113942.0,65780.0,No
1195,686131,2025-02-20 14:50:41.000,9 Adams Court ~ Hingham,Zillow/Trulia/Other Website,36.0,Black or African American,No,Randolph,4,3.0,Single parent,58787.76,73651.58,Yes
1196,14380,2025-02-20 11:35:14.000,9 Adams Court ~ Hingham,Zillow/Trulia/Other Website,42.0,Asian,No,Quincy,4,2.0,"Married/partners/couple, with dependents",50000.0,100000.0,Yes
1197,209029,2025-02-19 16:51:22.000,9 Adams Court ~ Hingham,Friend/Word of Mouth,31.0,Asian,No,Quincy,3,1.0,"Married/partners/couple, with dependents",63200.0,15000.0,No
1198,550104,2025-02-19 13:38:35.000,23 Buttercup Lane ~ Grafton,Real Estate Agent,34.0,White,No,Worcester,1,0.0,Single person,607700.0,61362.21,No
1199,231038,2025-02-19 12:40:14.000,9 Adams Court ~ Hingham,Real Estate Agent,37.0,White,No,Quincy,1,0.0,Single person,78.0,0.0,Yes
1200,970638,2025-02-19 10:09:39.000,9 Adams Court ~ Hingham,Real Estate Agent,52.0,White,No,Rockland,3,0.0,"Married/partners/couple, with dependents",107965.0,21852.0,No
1201,460085,2025-02-18 17:59:16.000,9 Adams Court ~ Hingham,MyMassHome,28.0,Asian,No,Boston,1,0.0,Single person,90596.0,51023.7,No
1202,850434,2025-02-18 16:48:21.000,34 Beaver Pond Road ~ Milford,Zillow/Trulia/Other Website,24.0,White,No,Medway,1,0.0,Single person,32000.0,3000.0,No
1203,231143,2025-02-18 16:39:14.000,34 Beaver Pond Road ~ Milford,MyMassHome,25.0,White,No,Leominster,1,0.0,Single person,57300.0,25000.0,Yes
1204,519559,2025-02-18 15:12:15.000,23 Buttercup Lane ~ Grafton,Zillow/Trulia/Other Website,32.0,White,No,Worcester,1,0.0,Single person,58000.0,12000.0,No
1205,607434,2025-02-18 14:50:55.000,9 Adams Court ~ Hingham,MyMassHome,64.0,White,No,New Bedford,1,0.0,Single person,88000.0,38472.0,Yes
1206,231143,2025-02-18 14:03:00.000,23 Buttercup Lane ~ Grafton,MyMassHome,25.0,White,No,Leominster,1,0.0,Single person,57300.0,25000.0,Yes
1207,941892,2025-02-18 13:22:30.000,34 Beaver Pond Road ~ Milford,MyMassHome,34.0,White,No,Framingham,3,1.0,"Married/partners/couple, with dependents",78500.0,16444.0,Yes
1208,534958,2025-02-18 12:07:47.000,34 Beaver Pond Road ~ Milford,MyMassHome,30.0,White,No,Lynn,1,0.0,Single person,63537.0,6963.0,Yes
1209,558178,2025-02-18 09:41:15.000,34 Beaver Pond Road ~ Milford,Real Estate Agent,65.0,Asian,No,Holbrook,1,0.0,Single person,53764.0,38807.0,No
1210,733431,2025-02-18 02:31:30.000,9 Adams Court ~ Hingham,Zillow/Trulia/Other Website,35.0,Hispanic or Latino,No,Boston,2,1.0,Single parent,92717.31,0.0,Yes
1211,550104,2025-02-17 15:58:17.000,34 Beaver Pond Road ~ Milford,Real Estate Agent,34.0,White,No,Worcester,1,0.0,Single person,60770.0,61362.21,No
1212,133753,2025-02-17 15:05:02.000,34 Beaver Pond Road ~ Milford,Friend/Word of Mouth,33.0,"Hispanic or Latino
White",No,Miflord,2,1.0,Single parent,48000.0,0.0,No
1213,223822,2025-02-17 15:00:57.000,23 Buttercup Lane ~ Grafton,MyMassHome,37.0,"Black or African American
Hispanic or Latino",No,South Grafton,4,2.0,"Married/partners/couple, with dependents",91591.25,9993.8,No
1214,821436,2025-02-17 13:15:15.000,34 Beaver Pond Road ~ Milford,Real Estate Agent,21.0,Hispanic or Latino,No,Marlborough,3,1.0,Single parent,59326.16,59326.16,No
1215,932364,2025-02-17 05:27:09.000,34 Beaver Pond Road ~ Milford,MyMassHome,27.0,Hispanic or Latino,No,Marlborough,0,0.0,Single person,34000.0,56614.0,No
1216,269434,2025-02-16 23:15:12.000,34 Beaver Pond Road ~ Milford,Real Estate Agent,59.0,White,Yes,Franklin,1,0.0,Single person,63000.0,73000.0,No
1217,465554,2025-02-16 22:43:15.000,9 Adams Court ~ Hingham,MyMassHome,47.0,"Asian
Middle Eastern or North African",No,Medford,2,1.0,Single parent,97000.0,35000.0,Yes
1218,481153,2025-02-16 18:05:43.000,34 Beaver Pond Road ~ Milford,MyMassHome,28.0,White,No,Peabody,2,0.0,"Married/partners/couple, no dependents",72000.0,2301.75,No
1219,136879,2025-02-16 15:07:53.000,34 Beaver Pond Road ~ Milford,MyMassHome,37.0,"Middle Eastern or North African
White",No,Melrose,3,0.0,"Married/partners/couple, with dependents",54000.0,64000.0,Yes
1220,136879,2025-02-16 15:03:29.000,23 Buttercup Lane ~ Grafton,MyMassHome,37.0,"Middle Eastern or North African
White",No,Melrose,3,0.0,"Married/partners/couple, with dependents",54000.0,64000.0,Yes
1221,136879,2025-02-16 13:45:55.000,34 Beaver Pond Road ~ Milford,MyMassHome,37.0,"Middle Eastern or North African
White",No,Melrose,3,0.0,"Married/partners/couple, with dependents",54000.0,64000.0,Yes
1222,739741,2025-02-15 16:18:10.000,34 Beaver Pond Road ~ Milford,Real Estate Agent,44.0,White,Yes,Norton,1,0.0,Single person,53967.84,14968.85,Yes
1223,81987,2025-02-15 13:33:14.000,23 Buttercup Lane ~ Grafton,MyMassHome,35.0,White,No,Marlborough,4,2.0,"Married/partners/couple, with dependents",91604.0,43123.0,Yes
1224,575544,2025-02-15 09:58:43.000,23 Buttercup Lane ~ Grafton,MyMassHome,26.0,White,No,Sutton,1,0.0,Single person,50000.0,63538.0,Yes
1225,534001,2025-02-14 13:17:18.000,9 Adams Court ~ Hingham,MyMassHome,35.0,Asian,No,Quincy,1,0.0,Single person,70000.0,74000.0,Yes
1226,529658,2025-02-14 13:03:28.000,34 Beaver Pond Road ~ Milford,Friend/Word of Mouth,27.0,White,No,Franklin,1,0.0,Single person,39645.0,74988.0,No
1227,576359,2025-02-14 11:13:42.000,9 Adams Court ~ Hingham,MyMassHome,37.0,Afghan,No,Malden,6,4.0,"Married/partners/couple, with dependents",90000.0,19873.0,Yes
1228,811726,2025-02-14 10:02:16.000,34 Beaver Pond Road ~ Milford,MyMassHome,32.0,White,No,Framingham,1,0.0,Single person,59710.24,17000.0,Yes
1229,308794,2025-02-13 21:28:31.000,34 Beaver Pond Road ~ Milford,Real Estate Agent,39.0,Asian,No,Woburn,1,0.0,Single person,57200.0,52054.07,No
1230,986430,2025-02-13 18:46:19.000,9 Adams Court ~ Hingham,Real Estate Agent,39.0,Asian,No,Hingham,3,1.0,"Married/partners/couple, with dependents",114350.53,10000.0,No
1231,515738,2025-02-13 16:47:56.000,34 Beaver Pond Road ~ Milford,Friend/Word of Mouth,63.0,White,No,Hopedale,2,0.0,Single parent,85568.0,71549.21,No
1232,81987,2025-02-13 00:19:28.000,34 Beaver Pond Road ~ Milford,MyMassHome,35.0,White,No,Marlborough,4,2.0,"Married/partners/couple, with dependents",91604.0,40176.0,Yes
1233,948493,2025-02-12 13:33:00.000,34 Beaver Pond Road ~ Milford,MyMassHome,40.0,White,No,Worcester,2,0.0,Single parent,64709.0,43394.0,No
1234,574988,2025-02-12 13:32:33.000,9 Adams Court ~ Hingham,MyMassHome,35.0,White,No,Boston,2,1.0,Single parent,85000.0,75000.0,No
1235,204988,2025-02-12 13:10:21.000,34 Beaver Pond Road ~ Milford,Real Estate Agent,44.0,Asian,No,North Attleboro,4,2.0,"Married/partners/couple, with dependents",30000.0,60000.0,No
1236,419088,2025-02-12 12:21:41.000,34 Beaver Pond Road ~ Milford,Zillow/Trulia/Other Website,24.0,White,No,Milford,1,0.0,Single person,65000.0,75000.0,No
1237,625236,2025-02-12 12:05:56.000,9 Adams Court ~ Hingham,MyMassHome,55.0,Middle Eastern or North African,No,Melrose,3,0.0,"Married/partners/couple, no dependents",96.5,47.372,Yes
1238,763483,2025-02-11 16:15:08.000,34 Beaver Pond Road ~ Milford,Real Estate Agent,28.0,White,No,Hopkinton,4,0.0,Single person,43000.0,70000.0,No
1239,575544,2025-02-11 14:36:34.000,34 Beaver Pond Road ~ Milford,MyMassHome,26.0,White,No,Sutton,1,0.0,Single person,50000.0,63538.0,Yes
1240,201094,2025-02-11 12:28:38.000,9 Adams Court ~ Hingham,MyMassHome,39.0,Hispanic or Latino,No,"Burlington, MA",3,1.0,"Married/partners/couple, with dependents",101.0,59239.88,Yes
1241,968066,2025-02-11 12:06:17.000,9 Adams Court ~ Hingham,Real Estate Agent,39.0,White,No,"Weymouth, MA",5,3.0,"Married/partners/couple, with dependents",69740.62,800.0,No
1242,659267,2025-02-10 22:26:26.000,9 Adams Court ~ Hingham,Social Media,36.0,Asian,No,Quincy,1,0.0,Single person,80000.0,15000.0,No
1243,38074,2025-02-10 22:07:00.000,9 Adams Court ~ Hingham,MyMassHome,34.0,Asian,No,QUINCY,1,0.0,Single person,90000.0,26680.0,No
1244,592585,2025-02-10 21:35:27.000,9 Adams Court ~ Hingham,MyMassHome,48.0,Asian,No,Somerset,5,3.0,"Married/partners/couple, with dependents",100250.0,54026.0,Yes
1245,424994,2025-02-10 18:21:53.000,34 Beaver Pond Road ~ Milford,MyMassHome,28.0,White,Yes,Saugus,1,0.0,Single person,53000.0,53623.0,Yes
1246,806638,2025-02-10 14:17:40.000,9 Adams Court ~ Hingham,MyMassHome,38.0,Asian,No,FRAMINGHAM,4,2.0,"Married/partners/couple, with dependents",82000.0,72436.0,No
1247,545818,2025-02-10 13:08:17.000,34 Beaver Pond Road ~ Milford,MyMassHome,33.0,Hispanic or Latino,No,West Roxbury,3,1.0,"Married/partners/couple, with dependents",75000.0,35000.0,Yes
1248,264658,2025-02-10 12:56:39.000,23 Buttercup Lane ~ Grafton,MyMassHome,36.0,White,No,West Roxbury,3,1.0,"Married/partners/couple, with dependents",75000.0,35000.0,Yes
1249,234850,2025-02-10 11:20:52.000,34 Beaver Pond Road ~ Milford,MyMassHome,32.0,White,No,Milford,1,0.0,Single person,52015.6,67208.66,No
1250,40514,2025-02-10 10:38:47.000,23 Buttercup Lane ~ Grafton,MyMassHome,46.0,Asian,No,North Grafton,3,2.0,Single parent,81300.0,12000.0,Yes
1251,40514,2025-02-10 10:20:53.000,34 Beaver Pond Road ~ Milford,Zillow/Trulia/Other Website,46.0,Asian,No,North Grafton,3,2.0,Single person,81300.0,12000.0,Yes
1252,233935,2025-02-08 13:52:40.000,34 Beaver Pond Road ~ Milford,MyMassHome,74.0,White,Yes,Southbridge,2,0.0,"Married/partners/couple, no dependents",47579.0,7020.0,Yes
1253,744130,2025-02-07 16:22:46.000,34 Beaver Pond Road ~ Milford,MyMassHome,36.0,"Black or African American
Hispanic or Latino
White",No,WORCESTER,5,3.0,"Married/partners/couple, with dependents",52208.0,23000.0,Yes
1254,356504,2025-02-07 15:57:27.000,34 Beaver Pond Road ~ Milford,Zillow/Trulia/Other Website,35.0,Hispanic or Latino,No,Lowell,3,2.0,Single parent,66000.0,5000.0,No
1255,862086,2025-02-07 14:23:30.000,34 Beaver Pond Road ~ Milford,MyMassHome,56.0,White,No,"Franklin, MA",1,0.0,Single person,59780.0,36300.0,Yes
1256,645350,2025-02-07 09:42:42.000,34 Beaver Pond Road ~ Milford,MyMassHome,40.0,White,No,Milford,3,2.0,Single parent,56760.0,30733.89,No
1257,71678,2025-02-06 12:12:48.000,23 Buttercup Lane ~ Grafton,Real Estate Agent,46.0,Middle Eastern or North African,No,North grafton,4,2.0,"Married/partners/couple, with dependents",78000.0,50000.0,Yes
1258,948493,2025-02-05 20:18:35.000,23 Buttercup Lane ~ Grafton,Friend/Word of Mouth,40.0,White,No,Worcester,2,0.0,Single parent,64000.0,40000.0,No
1259,968627,2025-02-05 18:23:50.000,34 Beaver Pond Road ~ Milford,MyMassHome,40.0,White,No,Sudbury,1,0.0,Single person,56175.0,13000.0,Yes
1260,990191,2025-02-05 16:08:11.000,14 Autumn Lane ~ Northborough,Zillow/Trulia/Other Website,45.0,"Hispanic or Latino
White",No,Bristol,3,1.0,"Separated, with dependents",88000.0,1000.0,No
1261,365418,2025-02-05 15:33:22.000,34 Beaver Pond Road ~ Milford,MyMassHome,37.0,White,No,Milford,3,2.0,Single parent,70725.88,25350.84,Yes
1262,744130,2025-02-05 15:25:16.000,34 Beaver Pond Road ~ Milford,MyMassHome,36.0,"Black or African American
Hispanic or Latino
White",No,WORCESTER,5,3.0,"Married/partners/couple, with dependents",52208.0,23000.0,Yes
1263,744130,2025-02-05 15:24:01.000,23 Buttercup Lane ~ Grafton,MyMassHome,36.0,"Black or African American
Hispanic or Latino
White",No,WORCESTER,5,3.0,"Married/partners/couple, with dependents",52208.0,23000.0,Yes
1264,821782,2025-02-04 17:41:27.000,14 Autumn Lane ~ Northborough,MyMassHome,39.0,White,No,Randolph,1,0.0,Single person,57000.0,20000.0,Yes
1265,694813,2025-02-04 17:12:32.000,14 Autumn Lane ~ Northborough,Northborough Town Hall,54.0,Black or African American,No,Boston,3,1.0,Single person,55853.0,47000.0,Yes
1266,622534,2025-02-04 16:32:07.000,14 Autumn Lane ~ Northborough,Zillow/Trulia/Other Website,47.0,White,No,Watertown,2,1.0,Single parent,70000.0,20000.0,Yes
1267,238500,2025-02-04 15:49:20.000,14 Autumn Lane ~ Northborough,Zillow/Trulia/Other Website,57.0,Hispanic or Latino,No,Framingham,2,0.0,Single parent,69400.0,0.0,No
1268,904833,2025-02-04 15:37:05.000,14 Autumn Lane ~ Northborough,Zillow/Trulia/Other Website,34.0,Pacific Islander or Native Hawaiian,No,Worcester,2,0.0,"Married/partners/couple, no dependents",69000.0,31000.0,No
1269,212349,2025-02-04 14:44:19.000,14 Autumn Lane ~ Northborough,Friend/Word of Mouth,48.0,Black or African American,No,Sharon,2,1.0,Single parent,65860.8,9326.59,No
1270,426120,2025-02-04 14:20:08.000,14 Autumn Lane ~ Northborough,Real Estate Agent,53.0,White,No,Northborough,2,1.0,Single parent,77579.0,32263.0,No
1271,277209,2025-02-04 14:14:17.000,14 Autumn Lane ~ Northborough,Real Estate Agent,62.0,Hispanic or Latino,No,Revere,1,0.0,Single person,61942.04,5331.21,No
1272,647056,2025-02-04 13:31:34.000,14 Autumn Lane ~ Northborough,Real Estate Agent,57.0,White,No,NORTHBOROUGH,1,0.0,Single person,62835.38,10000.0,Yes
1273,727219,2025-02-04 11:55:28.000,14 Autumn Lane ~ Northborough,MyMassHome,59.0,White,No,Marlboro,1,0.0,Single person,59211.0,26000.0,No
1274,175182,2025-02-04 11:00:32.000,14 Autumn Lane ~ Northborough,Zillow/Trulia/Other Website,42.0,Asian,No,Westborough,1,0.0,Single person,50765.0,65000.0,No
1275,416277,2025-02-04 10:17:31.000,14 Autumn Lane ~ Northborough,Zillow/Trulia/Other Website,23.0,White,No,Northborough,1,0.0,Single person,65000.0,18648.0,No
1276,971308,2025-02-04 00:07:31.000,14 Autumn Lane ~ Northborough,Zillow/Trulia/Other Website,53.0,Middle Eastern or North African,No,Shrewsbury,4,1.0,"Married/partners/couple, with dependents",81972.0,52000.0,Yes
1277,932364,2025-02-03 22:44:23.000,14 Autumn Lane ~ Northborough,Friend/Word of Mouth,27.0,Hispanic or Latino,No,Marlborough,1,0.0,Single person,34250.0,56000.0,No
1278,806638,2025-02-03 22:35:52.000,14 Autumn Lane ~ Northborough,Friend/Word of Mouth,38.0,Asian,No,FRAMINGHAM,4,2.0,"Married/partners/couple, with dependents",82000.0,72436.0,No
1279,397189,2025-02-03 19:44:12.000,14 Autumn Lane ~ Northborough,Add,29.0,White,No,Hopkinton,1,0.0,Single person,66103.0,2000.0,Yes
1280,302963,2025-02-03 19:20:54.000,14 Autumn Lane ~ Northborough,MyMassHome,42.0,White,No,Westborough,3,2.0,Single parent,86225.0,49428.0,Yes
1281,302963,2025-02-03 19:13:18.000,14 Autumn Lane ~ Northborough,MyMassHome,42.0,White,No,Westborough,3,2.0,Single parent,72125.0,47881.0,Yes
1282,487596,2025-02-03 18:06:25.000,"902 Main St. Unit 39 ~ Hanson (first come, first served) (age restricted)",Zillow/Trulia/Other Website,57.0,White,No,Milton,1,0.0,Single person,63000.0,217000.0,No
1283,481153,2025-02-03 13:31:11.000,14 Autumn Lane ~ Northborough,MyMassHome,28.0,White,No,Peabody,2,0.0,"Married/partners/couple, no dependents",67000.0,1906.2,No
1284,963312,2025-02-02 22:05:05.000,14 Autumn Lane ~ Northborough,Friend/Word of Mouth,25.0,White,No,Worcester,2,0.0,"Married/partners/couple, no dependents",43730.0,18244.23,No
1285,105982,2025-02-02 20:55:33.000,14 Autumn Lane ~ Northborough,Redfin,30.0,White,Yes,Millbury,4,2.0,"Married/partners/couple, with dependents",79840.0,29000.0,No
1286,811726,2025-02-02 17:05:19.000,14 Autumn Lane ~ Northborough,Real Estate Agent,31.0,White,No,Framingham,1,0.0,Single person,59710.24,17440.4,Yes
1287,695624,2025-02-01 09:28:09.000,14 Autumn Lane ~ Northborough,Zillow/Trulia/Other Website,30.0,White,No,Auburn,1,0.0,Single person,65777.0,72509.21,No
1288,658519,2025-02-01 08:39:40.000,14 Autumn Lane ~ Northborough,Real Estate Agent,38.0,White,No,Northboro,1,0.0,Single person,35500.0,3700.0,Yes
1289,537151,2025-01-31 19:41:46.000,14 Autumn Lane ~ Northborough,Real Estate Agent,39.0,White,No,Worcester,1,0.0,Single person,61393.71,9160.02,No
1290,713341,2025-01-31 17:53:19.000,14 Autumn Lane ~ Northborough,Zillow/Trulia/Other Website,40.0,White,No,Marlborough,3,2.0,Single parent,60017.0,37285.0,No
1291,264658,2025-01-31 09:44:41.000,14 Autumn Lane ~ Northborough,MyMassHome,36.0,White,No,West Roxbury,3,1.0,"Married/partners/couple, with dependents",75000.0,35000.0,Yes
1292,530839,2025-01-31 07:42:38.000,14 Autumn Lane ~ Northborough,Friend/Word of Mouth,39.0,Asian,No,Southborough,2,1.0,Single parent,40000.0,45925.0,Yes
1293,530839,2025-01-31 07:36:53.000,14 Autumn Lane ~ Northborough,Friend/Word of Mouth,39.0,Asian,No,Southborough,2,1.0,Single parent,40000.0,45925.0,Yes
1294,81987,2025-01-30 23:53:09.000,14 Autumn Lane ~ Northborough,MyMassHome,35.0,White,No,Marlborough MA 01752,4,2.0,"Married/partners/couple, with dependents",91604.0,39820.0,Yes
1295,600838,2025-01-30 17:14:46.000,14 Autumn Lane ~ Northborough,Zillow/Trulia/Other Website,30.0,White,No,Northborough,1,0.0,Single person,63000.0,21871.0,No
1296,968627,2025-01-29 17:25:06.000,14 Autumn Lane ~ Northborough,MyMassHome,40.0,White,No,Sudbury,1,0.0,Single person,56175.0,13000.0,Yes
1297,144479,2025-01-29 16:34:59.000,14 Autumn Lane ~ Northborough,Real Estate Agent,41.0,White,No,Northboro,4,1.0,"Married/partners/couple, with dependents",70000.0,20000.0,Yes
1298,368862,2025-01-29 10:46:34.000,14 Autumn Lane ~ Northborough,MyMassHome,57.0,White,No,Framingham,3,0.0,"Married/partners/couple, with dependents",74010.17,6500.0,No
1299,868801,2025-01-29 10:36:50.000,14 Autumn Lane ~ Northborough,Real Estate Agent,24.0,White,No,Northborough,1,0.0,Single person,62400.0,62168.0,No
1300,365418,2025-01-29 10:24:37.000,14 Autumn Lane ~ Northborough,MyMassHome,37.0,White,No,Milford,3,2.0,Single parent,70725.88,23715.26,Yes
1301,308794,2025-01-28 22:03:17.000,14 Autumn Lane ~ Northborough,Real Estate Agent,39.0,Asian,No,Woburn,1,0.0,Single person,57200.0,50664.92,No
1302,969842,2025-01-28 21:14:45.000,14 Autumn Lane ~ Northborough,MyMassHome,29.0,Asian,No,Framingham,4,1.0,"Married/partners/couple, with dependents",62920.01,10000.0,No
1303,948493,2025-01-28 18:06:14.000,14 Autumn Lane ~ Northborough,Real Estate Agent,40.0,White,No,Worcester,2,0.0,Single parent,60000.0,34000.0,No
1304,234850,2025-01-28 15:46:53.000,14 Autumn Lane ~ Northborough,MyMassHome,32.0,Choose not to answer,No,Milford,1,0.0,Single person,52015.6,67490.5,No
1305,234850,2025-01-28 15:23:24.000,14 Autumn Lane ~ Northborough,MyMassHome,32.0,White,No,Milford,1,0.0,Single person,48014.4,67490.5,No
1306,893543,2025-01-28 15:06:41.000,1 Harvest Drive Unit 110 ~ North Andover,MyMassHome,71.0,White,Yes,North Reading,1,0.0,Single person,41643.36,64046.5,Yes
1307,220081,2025-01-28 15:03:27.000,1 Harvest Drive Unit 110 ~ North Andover,Real Estate Agent,29.0,White,No,Nashua,1,0.0,Single person,64700.0,22000.0,Yes
1308,231143,2025-01-28 14:10:28.000,14 Autumn Lane ~ Northborough,MyMassHome,25.0,White,No,Leominster,1,0.0,Single person,57300.0,22300.0,Yes
1309,487596,2025-01-28 12:10:59.000,902 Main St. Unit 39 ~ Hanson,Zillow/Trulia/Other Website,57.0,White,No,Weymouth,1,0.0,Single person,60000.0,235000.0,No
1310,173764,2025-01-28 11:40:36.000,1 Harvest Drive Unit 110 ~ North Andover,Real Estate Agent,24.0,Choose not to answer,No,"Boxford, MA",1,1.0,Single person,58469.48,66013.88,Yes
1311,308794,2025-01-28 11:07:13.000,1 Harvest Drive Unit 110 ~ North Andover,Real Estate Agent,39.0,Asian,No,"Woburn, MA",1,0.0,Single person,57200.0,50664.92,No
1312,139267,2025-01-28 07:57:48.000,1 Harvest Drive Unit 110 ~ North Andover,Zillow/Trulia/Other Website,31.0,White,No,Andover,1,0.0,Single person,64050.12,47625.31,No
1313,150824,2025-01-27 20:05:04.000,14 Autumn Lane ~ Northborough,MyMassHome,47.0,Egyptian,No,Natick MA,4,1.0,"Married/partners/couple, with dependents",77334.0,47491.0,Yes
1314,764169,2025-01-27 17:34:25.000,14 Autumn Lane ~ Northborough,MyMassHome,26.0,White,No,"Westminster, MA",1,0.0,Single person,68390.03,67304.62,Yes
1315,481153,2025-01-27 15:37:36.000,1 Harvest Drive Unit 110 ~ North Andover,Zillow/Trulia/Other Website,28.0,White,No,Peabody,2,0.0,"Married/partners/couple, no dependents",67000.0,1600.0,No
1316,537471,2025-01-27 15:26:58.000,14 Autumn Lane ~ Northborough,MyMassHome,53.0,White,No,Andover,2,1.0,Single parent,61640.0,50764.0,Yes
1317,838218,2025-01-27 15:21:05.000,1 Harvest Drive Unit 110 ~ North Andover,Zillow/Trulia/Other Website,32.0,White,No,Malden,1,0.0,Single person,58455.0,15956.76,No
1318,424994,2025-01-27 14:02:19.000,14 Autumn Lane ~ Northborough,MyMassHome,28.0,White,No,Saugus,1,0.0,Single person,55000.0,53550.0,Yes
1319,675187,2025-01-27 10:52:45.000,1 Harvest Drive Unit 110 ~ North Andover,Zillow/Trulia/Other Website,33.0,Asian,No,Pelham,1,0.0,Single person,90000.0,75000.0,No
1320,954465,2025-01-26 21:00:38.000,14 Autumn Lane ~ Northborough,MyMassHome,62.0,White,No,northborough,5,1.0,"Married/partners/couple, with dependents",54140.0,65115.17,No
1321,968627,2025-01-26 18:21:42.000,14 Autumn Lane ~ Northborough,MyMassHome,40.0,White,No,Sudbury,1,0.0,Single person,56175.0,13000.0,Yes
1322,223822,2025-01-26 17:21:42.000,14 Autumn Lane ~ Northborough,MyMassHome,37.0,Hispanic or Latino,No,South Grafton,4,2.0,"Married/partners/couple, with dependents",91591.25,9899.68,No
1323,204988,2025-01-26 14:22:00.000,14 Autumn Lane ~ Northborough,MyMassHome,43.0,Asian,No,North Attleboro,4,2.0,"Married/partners/couple, with dependents",33000.0,8000.0,No
1324,575544,2025-01-25 10:15:18.000,14 Autumn Lane ~ Northborough,MyMassHome,25.0,White,No,Sutton,1,0.0,Single person,50000.0,59670.0,Yes
1325,648948,2025-01-24 22:28:27.000,14 Autumn Lane ~ Northborough,MyMassHome,36.0,Asian,No,Northborough MA,4,2.0,"Married/partners/couple, with dependents",31200.0,25000.0,No
1326,639231,2025-01-24 21:25:00.000,14 Autumn Lane ~ Northborough,MyMassHome,36.0,Asian,No,Northborough,4,2.0,"Married/partners/couple, with dependents",31200.0,25000.0,No
1327,823198,2025-01-24 12:10:35.000,72 Buttercup Lane ~ Grafton,Real Estate Agent,32.0,White,No,Northbridge,1,0.0,Single person,56000.0,38439.44,No
1328,889135,2025-01-23 15:40:18.000,1 Harvest Drive Unit 110 ~ North Andover,Zillow/Trulia/Other Website,31.0,White,Yes,Methuen,1,0.0,Single person,31776.0,1000.0,No
1329,990902,2025-01-22 20:46:13.000,1 Harvest Drive Unit 110 ~ North Andover,Real Estate Agent,30.0,Hispanic or Latino,No,Lawrence,1,0.0,Single person,63000.0,18326.15,No
1330,968627,2025-01-22 19:07:39.000,14 Autumn Lane ~ Northborough,MyMassHome,40.0,White,No,Sudbury,1,0.0,Single person,56175.0,13090.0,Yes
1331,89403,2025-01-22 16:33:26.000,14 Autumn Lane ~ Northborough,MyMassHome,68.0,White,No,Westborough,1,0.0,Single person,57468.0,62000.0,No
1332,428237,2025-01-22 15:49:39.000,1 Harvest Drive Unit 110 ~ North Andover,Real Estate Agent,26.0,White,No,Danvers,1,0.0,Single person,67781.0,58764.0,No
1333,744130,2025-01-22 11:51:27.000,14 Autumn Lane ~ Northborough,MyMassHome,36.0,"Black or African American
White",No,New Bedford/ worcester,5,3.0,"Married/partners/couple, with dependents",52208.0,23000.0,Yes
1334,262069,2025-01-22 11:51:05.000,14 Autumn Lane ~ Northborough,MyMassHome,27.0,White,No,Northborough,3,2.0,Single parent,58117.32,9509.48,No
1335,365418,2025-01-22 10:33:38.000,14 Autumn Lane ~ Northborough,MyMassHome,37.0,White,No,Milford,3,2.0,Single parent,70725.88,23715.26,Yes
1336,703670,2025-01-21 17:02:09.000,72 Buttercup Lane ~ Grafton,Real Estate Agent,54.0,Asian,No,Northborough,2,0.0,"Married/partners/couple, no dependents",67200.0,26000.0,Yes
1337,630747,2025-01-21 13:41:29.000,902 Main St. Unit 39 ~ Hanson,City of Boston Metrolist,38.0,White,No,Revere,3,1.0,"Married/partners/couple, with dependents",59000.0,58000.0,Yes
1338,264658,2025-01-21 13:38:39.000,72 Buttercup Lane ~ Grafton,MyMassHome,36.0,White,No,West Roxbury,3,1.0,"Married/partners/couple, with dependents",75000.0,34000.0,Yes
1339,968627,2025-01-21 13:25:48.000,72 Buttercup Lane ~ Grafton,MyMassHome,40.0,White,No,Sudbury,1,0.0,Single person,60000.0,13000.0,No
1340,630747,2025-01-21 13:12:10.000,72 Buttercup Lane ~ Grafton,City of Boston Metrolist,38.0,White,No,Revere,3,1.0,"Married/partners/couple, with dependents",59000.0,58000.0,Yes
1341,93382,2025-01-21 08:24:35.000,1 Harvest Drive Unit 110 ~ North Andover,Zillow/Trulia/Other Website,65.0,White,No,Haverhill,1,0.0,Single person,52000.0,63083.0,No
1342,105982,2025-01-20 21:33:18.000,72 Buttercup Lane ~ Grafton,Zillow/Trulia/Other Website,30.0,White,No,Millbury,4,2.0,"Married/partners/couple, with dependents",79840.0,33921.62,No
1343,744130,2025-01-20 18:33:10.000,72 Buttercup Lane ~ Grafton,MyMassHome,33.0,"Black or African American
White",No,New Bedford / worcester,5,3.0,"Married/partners/couple, with dependents",52208.0,23000.0,Yes
1344,223822,2025-01-20 13:34:57.000,72 Buttercup Lane ~ Grafton,Friend/Word of Mouth,37.0,"Black or African American
Hispanic or Latino",No,South Grafton,4,2.0,"Married/partners/couple, with dependents",91591.25,10678.2,No
1345,874050,2025-01-20 09:51:14.000,72 Buttercup Lane ~ Grafton,Real Estate Agent,28.0,Choose not to answer,No,"Upton, MA",2,0.0,"Married/partners/couple, no dependents",65000.0,11864.0,No
1346,347669,2025-01-19 22:17:08.000,72 Buttercup Lane ~ Grafton,Zillow/Trulia/Other Website,37.0,Asian,No,Milford,4,2.0,"Married/partners/couple, with dependents",52000.0,59000.0,No
1347,658519,2025-01-19 13:33:26.000,72 Buttercup Lane ~ Grafton,Real Estate Agent,38.0,White,No,Northboro,1,0.0,Single person,35500.0,3700.0,No
1348,857330,2025-01-18 16:39:37.000,1 Harvest Drive Unit 110 ~ North Andover,Real Estate Agent,23.0,White,Yes,North Reading,1,0.0,Single person,46830.0,49556.0,No
1349,200528,2025-01-17 18:04:33.000,1 Harvest Drive Unit 110 ~ North Andover,Zillow/Trulia/Other Website,25.0,White,No,Boxford,1,0.0,Single person,67169.62,67935.78,No
1350,144479,2025-01-15 22:19:56.000,72 Buttercup Lane ~ Grafton,Real Estate Agent,41.0,White,No,Northboro,4,2.0,"Married/partners/couple, with dependents",51000.0,20000.0,No
1351,586013,2025-01-15 19:04:34.000,72 Buttercup Lane ~ Grafton,Zillow/Trulia/Other Website,50.0,White,No,Fitchburg,3,1.0,"Married/partners/couple, with dependents",84281.6,9724.99,No
1352,204988,2025-01-15 17:34:10.000,72 Buttercup Lane ~ Grafton,Real Estate Agent,44.0,Asian,No,North Attleboro,4,2.0,"Married/partners/couple, with dependents",30000.0,60000.0,No
1353,680351,2025-01-15 10:18:46.000,1 Harvest Drive Unit 110 ~ North Andover,MyMassHome,32.0,Middle Eastern or North African,Yes,"Topsfield, MA",1,0.0,Single person,50631.0,40781.0,Yes
1354,534958,2025-01-15 08:39:02.000,1 Harvest Drive Unit 110 ~ North Andover,MyMassHome,30.0,White,No,Lynn,3,0.0,Single person,63537.0,6180.0,Yes
1355,583613,2025-01-14 17:05:55.000,72 Buttercup Lane ~ Grafton,Real Estate Agent,36.0,Middle Eastern or North African,No,Worcester,4,2.0,unmarried couple with dependents,88716.0,3671.0,No
1356,575544,2025-01-12 15:11:57.000,72 Buttercup Lane ~ Grafton,Zillow/Trulia/Other Website,25.0,White,No,Sutton,1,0.0,Single person,50000.0,59670.0,No
1357,954465,2025-01-11 23:11:20.000,72 Buttercup Lane ~ Grafton,MyMassHome,62.0,White,No,northborough,5,1.0,"Married/partners/couple, with dependents",54140.0,65115.17,No
1358,218300,2025-01-02 13:32:05.000,"250 Main St, Unit 410 ~ Hudson (age restricted) (first come, first served)",Zillow/Trulia/Other Website,60.0,White,Yes,Hudson,0,0.0,Single person,28151.0,219995.0,No
1359,218300,2025-01-02 12:39:22.000,"250 Main St, Unit 410 ~ Hudson (age restricted) (first come, first served)",Zillow/Trulia/Other Website,60.0,White,Yes,Hudson,0,0.0,Single person,28151.0,150000.0,No
